scope,municipality_id,municipio_nombre,disease_key,disease_name,confirmation_status,case_count,started_at,ended_at,status,source_datasets,latest_update
MUNICIPALITY,42000000-0000-0000-0000-000000002315,Abala,COVID-19,COVID-19,SUSPECTED,1,2026-08-17 00:00:00,,ACTIVE,COVID19MEXICO,2026-09-28
MUNICIPALITY,42000000-0000-0000-0000-000000002315,Abala,INFLUENZA,Influenza,SUSPECTED,1,2026-08-17 00:00:00,,ACTIVE,COVID19MEXICO,2026-09-28
MUNICIPALITY,42000000-0000-0000-0000-000000000331,Abasolo,COVID-19,COVID-19,SUSPECTED,1,2026-08-18 00:00:00,,ACTIVE,COVID19MEXICO,2026-09-28
MUNICIPALITY,42000000-0000-0000-0000-000000000331,Abasolo,INFLUENZA,Influenza,SUSPECTED,1,2026-08-18 00:00:00,,ACTIVE,COVID19MEXICO,2026-09-28
MUNICIPALITY,42000000-0000-0000-0000-000000000085,Acacoyagua,MEASLES,Measles,SUSPECTED,2,2026-09-21 00:00:00,,ACTIVE,EFES_ABIERTO,2026-09-21
MUNICIPALITY,42000000-0000-0000-0000-000000000085,Acacoyagua,RUBELLA,Rubella,SUSPECTED,2,2026-09-21 00:00:00,,ACTIVE,EFES_ABIERTO,2026-09-21
MUNICIPALITY,42000000-0000-0000-0000-000000000086,Acala,COVID-19,COVID-19,SUSPECTED,1,2026-09-22 00:00:00,,ACTIVE,COVID19MEXICO,2026-09-28
MUNICIPALITY,42000000-0000-0000-0000-000000000086,Acala,INFLUENZA,Influenza,SUSPECTED,1,2026-09-22 00:00:00,,ACTIVE,COVID19MEXICO,2026-09-28
MUNICIPALITY,42000000-0000-0000-0000-000000000086,Acala,MEASLES,Measles,SUSPECTED,4,2026-09-21 00:00:00,,ACTIVE,EFES_ABIERTO,2026-09-21
MUNICIPALITY,42000000-0000-0000-0000-000000000086,Acala,RUBELLA,Rubella,SUSPECTED,4,2026-09-21 00:00:00,,ACTIVE,EFES_ABIERTO,2026-09-21
MUNICIPALITY,42000000-0000-0000-0000-000000000332,Acambaro,COVID-19,COVID-19,CONFIRMED,2,2026-08-09 00:00:00,,ACTIVE,COVID19MEXICO,2026-09-28
MUNICIPALITY,42000000-0000-0000-0000-000000000332,Acambaro,COVID-19,COVID-19,SUSPECTED,8,2026-08-09 00:00:00,,ACTIVE,COVID19MEXICO,2026-09-28
MUNICIPALITY,42000000-0000-0000-0000-000000000332,Acambaro,INFLUENZA,Influenza,SUSPECTED,8,2026-08-09 00:00:00,,ACTIVE,COVID19MEXICO,2026-09-28
MUNICIPALITY,42000000-0000-0000-0000-000000000332,Acambaro,MEASLES,Measles,SUSPECTED,3,2026-09-21 00:00:00,,ACTIVE,EFES_ABIERTO,2026-09-21
MUNICIPALITY,42000000-0000-0000-0000-000000000332,Acambaro,RUBELLA,Rubella,SUSPECTED,3,2026-09-21 00:00:00,,ACTIVE,EFES_ABIERTO,2026-09-21
MUNICIPALITY,42000000-0000-0000-0000-000000000671,Acambay de Ruiz Castaneda,COVID-19,COVID-19,SUSPECTED,2,2026-08-21 00:00:00,,ACTIVE,COVID19MEXICO,2026-09-28
MUNICIPALITY,42000000-0000-0000-0000-000000000671,Acambay de Ruiz Castaneda,INFLUENZA,Influenza,SUSPECTED,2,2026-08-21 00:00:00,,ACTIVE,COVID19MEXICO,2026-09-28
MUNICIPALITY,42000000-0000-0000-0000-000000002316,Acanceh,COVID-19,COVID-19,SUSPECTED,1,2026-09-15 00:00:00,,ACTIVE,COVID19MEXICO,2026-09-28
MUNICIPALITY,42000000-0000-0000-0000-000000002316,Acanceh,INFLUENZA,Influenza,CONFIRMED,3,2026-08-02 00:00:00,,ACTIVE,COVID19MEXICO,2026-09-28
MUNICIPALITY,42000000-0000-0000-0000-000000002316,Acanceh,INFLUENZA,Influenza,SUSPECTED,1,2026-09-15 00:00:00,,ACTIVE,COVID19MEXICO,2026-09-28
MUNICIPALITY,42000000-0000-0000-0000-000000000087,Acapetahua,COVID-19,COVID-19,SUSPECTED,1,2026-09-10 00:00:00,,ACTIVE,COVID19MEXICO,2026-09-28
MUNICIPALITY,42000000-0000-0000-0000-000000000087,Acapetahua,INFLUENZA,Influenza,SUSPECTED,1,2026-09-10 00:00:00,,ACTIVE,COVID19MEXICO,2026-09-28
MUNICIPALITY,42000000-0000-0000-0000-000000000377,Acapulco de Juarez,COVID-19,COVID-19,CONFIRMED,5,2026-08-04 00:00:00,,ACTIVE,COVID19MEXICO,2026-09-28
MUNICIPALITY,42000000-0000-0000-0000-000000000377,Acapulco de Juarez,COVID-19,COVID-19,SUSPECTED,165,2026-08-01 00:00:00,,ACTIVE,COVID19MEXICO,2026-09-28
MUNICIPALITY,42000000-0000-0000-0000-000000000377,Acapulco de Juarez,INFLUENZA,Influenza,CONFIRMED,1,2026-09-15 00:00:00,,ACTIVE,COVID19MEXICO,2026-09-28
MUNICIPALITY,42000000-0000-0000-0000-000000000377,Acapulco de Juarez,INFLUENZA,Influenza,SUSPECTED,165,2026-08-01 00:00:00,,ACTIVE,COVID19MEXICO,2026-09-28
MUNICIPALITY,42000000-0000-0000-0000-000000000377,Acapulco de Juarez,MEASLES,Measles,SUSPECTED,3,2026-09-21 00:00:00,,ACTIVE,EFES_ABIERTO,2026-09-21
MUNICIPALITY,42000000-0000-0000-0000-000000000377,Acapulco de Juarez,RUBELLA,Rubella,SUSPECTED,3,2026-09-21 00:00:00,,ACTIVE,EFES_ABIERTO,2026-09-21
MUNICIPALITY,42000000-0000-0000-0000-000000001588,Acatlan,COVID-19,COVID-19,SUSPECTED,1,2026-09-13 00:00:00,,ACTIVE,COVID19MEXICO,2026-09-28
MUNICIPALITY,42000000-0000-0000-0000-000000001588,Acatlan,INFLUENZA,Influenza,SUSPECTED,1,2026-09-13 00:00:00,,ACTIVE,COVID19MEXICO,2026-09-28
MUNICIPALITY,42000000-0000-0000-0000-000000000547,Acatlan de Juarez,COVID-19,COVID-19,SUSPECTED,2,2026-08-01 00:00:00,,ACTIVE,COVID19MEXICO,2026-09-28
MUNICIPALITY,42000000-0000-0000-0000-000000000547,Acatlan de Juarez,INFLUENZA,Influenza,SUSPECTED,2,2026-08-01 00:00:00,,ACTIVE,COVID19MEXICO,2026-09-28
MUNICIPALITY,42000000-0000-0000-0000-000000000547,Acatlan de Juarez,MEASLES,Measles,SUSPECTED,1,2026-09-21 00:00:00,,ACTIVE,EFES_ABIERTO,2026-09-21
MUNICIPALITY,42000000-0000-0000-0000-000000000547,Acatlan de Juarez,RUBELLA,Rubella,SUSPECTED,1,2026-09-21 00:00:00,,ACTIVE,EFES_ABIERTO,2026-09-21
MUNICIPALITY,42000000-0000-0000-0000-000000000463,Acaxochitlan,COVID-19,COVID-19,CONFIRMED,1,2026-08-04 00:00:00,,ACTIVE,COVID19MEXICO,2026-09-28
MUNICIPALITY,42000000-0000-0000-0000-000000000463,Acaxochitlan,COVID-19,COVID-19,SUSPECTED,1,2026-09-20 00:00:00,,ACTIVE,COVID19MEXICO,2026-09-28
MUNICIPALITY,42000000-0000-0000-0000-000000000463,Acaxochitlan,INFLUENZA,Influenza,SUSPECTED,1,2026-09-20 00:00:00,,ACTIVE,COVID19MEXICO,2026-09-28
MUNICIPALITY,42000000-0000-0000-0000-000000002105,Acayucan,COVID-19,COVID-19,CONFIRMED,1,2026-08-31 00:00:00,,ACTIVE,COVID19MEXICO,2026-09-28
MUNICIPALITY,42000000-0000-0000-0000-000000002105,Acayucan,DENGUE,Dengue fever,SUSPECTED,1,2026-08-28 00:00:00,,ACTIVE,DENGUE_ABIERTO,2026-09-14
MUNICIPALITY,42000000-0000-0000-0000-000000000672,Acolman,COVID-19,COVID-19,CONFIRMED,1,2026-08-05 00:00:00,,ACTIVE,COVID19MEXICO,2026-09-28
MUNICIPALITY,42000000-0000-0000-0000-000000000672,Acolman,COVID-19,COVID-19,SUSPECTED,2,2026-08-14 00:00:00,,ACTIVE,COVID19MEXICO,2026-09-28
MUNICIPALITY,42000000-0000-0000-0000-000000000672,Acolman,INFLUENZA,Influenza,SUSPECTED,2,2026-08-14 00:00:00,,ACTIVE,COVID19MEXICO,2026-09-28
MUNICIPALITY,42000000-0000-0000-0000-000000000464,Actopan,COVID-19,COVID-19,SUSPECTED,2,2026-08-06 00:00:00,,ACTIVE,COVID19MEXICO,2026-09-28
MUNICIPALITY,42000000-0000-0000-0000-000000000464,Actopan,INFLUENZA,Influenza,SUSPECTED,2,2026-08-06 00:00:00,,ACTIVE,COVID19MEXICO,2026-09-28
MUNICIPALITY,42000000-0000-0000-0000-000000000796,Acuitzio,MEASLES,Measles,SUSPECTED,1,2026-09-21 00:00:00,,ACTIVE,EFES_ABIERTO,2026-09-21
MUNICIPALITY,42000000-0000-0000-0000-000000000796,Acuitzio,RUBELLA,Rubella,SUSPECTED,1,2026-09-21 00:00:00,,ACTIVE,EFES_ABIERTO,2026-09-21
MUNICIPALITY,42000000-0000-0000-0000-000000000673,Aculco,COVID-19,COVID-19,SUSPECTED,2,2026-08-04 00:00:00,,ACTIVE,COVID19MEXICO,2026-09-28
MUNICIPALITY,42000000-0000-0000-0000-000000000673,Aculco,INFLUENZA,Influenza,SUSPECTED,2,2026-08-04 00:00:00,,ACTIVE,COVID19MEXICO,2026-09-28
MUNICIPALITY,42000000-0000-0000-0000-000000002108,Acultzingo,DENGUE,Dengue fever,SUSPECTED,1,2026-08-29 00:00:00,,ACTIVE,DENGUE_ABIERTO,2026-09-14
MUNICIPALITY,42000000-0000-0000-0000-000000002306,Agua Dulce,COVID-19,COVID-19,SUSPECTED,1,2026-08-10 00:00:00,,ACTIVE,COVID19MEXICO,2026-09-28
MUNICIPALITY,42000000-0000-0000-0000-000000002306,Agua Dulce,INFLUENZA,Influenza,SUSPECTED,1,2026-08-10 00:00:00,,ACTIVE,COVID19MEXICO,2026-09-28
MUNICIPALITY,42000000-0000-0000-0000-000000001912,Agua Prieta,COVID-19,COVID-19,SUSPECTED,2,2026-08-10 00:00:00,,ACTIVE,COVID19MEXICO,2026-09-28
MUNICIPALITY,42000000-0000-0000-0000-000000001912,Agua Prieta,INFLUENZA,Influenza,SUSPECTED,2,2026-08-10 00:00:00,,ACTIVE,COVID19MEXICO,2026-09-28
MUNICIPALITY,42000000-0000-0000-0000-000000001912,Agua Prieta,MEASLES,Measles,SUSPECTED,1,2026-09-21 00:00:00,,ACTIVE,EFES_ABIERTO,2026-09-21
MUNICIPALITY,42000000-0000-0000-0000-000000001912,Agua Prieta,RUBELLA,Rubella,SUSPECTED,1,2026-09-21 00:00:00,,ACTIVE,EFES_ABIERTO,2026-09-21
MUNICIPALITY,42000000-0000-0000-0000-000000000001,Aguascalientes,COVID-19,COVID-19,CONFIRMED,2,2026-09-10 00:00:00,,ACTIVE,COVID19MEXICO,2026-09-28
MUNICIPALITY,42000000-0000-0000-0000-000000000001,Aguascalientes,COVID-19,COVID-19,SUSPECTED,78,2026-08-01 00:00:00,,ACTIVE,COVID19MEXICO,2026-09-28
MUNICIPALITY,42000000-0000-0000-0000-000000000001,Aguascalientes,DENGUE,Dengue fever,CONFIRMED,1,2026-08-03 00:00:00,,ACTIVE,DENGUE_ABIERTO,2026-09-14
MUNICIPALITY,42000000-0000-0000-0000-000000000001,Aguascalientes,INFLUENZA,Influenza,CONFIRMED,1,2026-08-17 00:00:00,,ACTIVE,COVID19MEXICO,2026-09-28
MUNICIPALITY,42000000-0000-0000-0000-000000000001,Aguascalientes,INFLUENZA,Influenza,SUSPECTED,78,2026-08-01 00:00:00,,ACTIVE,COVID19MEXICO,2026-09-28
MUNICIPALITY,42000000-0000-0000-0000-000000000001,Aguascalientes,MEASLES,Measles,CONFIRMED,20,2026-08-06 00:00:00,,ACTIVE,EFES_ABIERTO,2026-09-21
MUNICIPALITY,42000000-0000-0000-0000-000000000001,Aguascalientes,MEASLES,Measles,SUSPECTED,16,2026-09-21 00:00:00,,ACTIVE,EFES_ABIERTO,2026-09-21
MUNICIPALITY,42000000-0000-0000-0000-000000000001,Aguascalientes,RUBELLA,Rubella,SUSPECTED,16,2026-09-21 00:00:00,,ACTIVE,EFES_ABIERTO,2026-09-21
MUNICIPALITY,42000000-0000-0000-0000-000000001891,Ahome,COVID-19,COVID-19,CONFIRMED,19,2026-08-02 00:00:00,,ACTIVE,COVID19MEXICO,2026-09-28
MUNICIPALITY,42000000-0000-0000-0000-000000001891,Ahome,COVID-19,COVID-19,SUSPECTED,94,2026-08-01 00:00:00,,ACTIVE,COVID19MEXICO,2026-09-28
MUNICIPALITY,42000000-0000-0000-0000-000000001891,Ahome,DENGUE,Dengue fever,SUSPECTED,4,2026-08-05 00:00:00,,ACTIVE,DENGUE_ABIERTO,2026-09-14
MUNICIPALITY,42000000-0000-0000-0000-000000001891,Ahome,INFLUENZA,Influenza,SUSPECTED,94,2026-08-01 00:00:00,,ACTIVE,COVID19MEXICO,2026-09-28
MUNICIPALITY,42000000-0000-0000-0000-000000001891,Ahome,MEASLES,Measles,SUSPECTED,1,2026-09-21 00:00:00,,ACTIVE,EFES_ABIERTO,2026-09-21
MUNICIPALITY,42000000-0000-0000-0000-000000001891,Ahome,RUBELLA,Rubella,SUSPECTED,1,2026-09-21 00:00:00,,ACTIVE,EFES_ABIERTO,2026-09-21
MUNICIPALITY,42000000-0000-0000-0000-000000000946,Ahuacatlan,COVID-19,COVID-19,CONFIRMED,1,2026-09-20 00:00:00,,ACTIVE,COVID19MEXICO,2026-09-28
MUNICIPALITY,42000000-0000-0000-0000-000000000946,Ahuacatlan,COVID-19,COVID-19,SUSPECTED,1,2026-09-19 00:00:00,,ACTIVE,COVID19MEXICO,2026-09-28
MUNICIPALITY,42000000-0000-0000-0000-000000000946,Ahuacatlan,INFLUENZA,Influenza,SUSPECTED,1,2026-09-19 00:00:00,,ACTIVE,COVID19MEXICO,2026-09-28
MUNICIPALITY,42000000-0000-0000-0000-000000000548,Ahualulco de Mercado,MEASLES,Measles,SUSPECTED,1,2026-09-21 00:00:00,,ACTIVE,EFES_ABIERTO,2026-09-21
MUNICIPALITY,42000000-0000-0000-0000-000000000548,Ahualulco de Mercado,RUBELLA,Rubella,SUSPECTED,1,2026-09-21 00:00:00,,ACTIVE,EFES_ABIERTO,2026-09-21
MUNICIPALITY,42000000-0000-0000-0000-000000001592,Ahuatlan,COVID-19,COVID-19,SUSPECTED,1,2026-09-09 00:00:00,,ACTIVE,COVID19MEXICO,2026-09-28
MUNICIPALITY,42000000-0000-0000-0000-000000001592,Ahuatlan,INFLUENZA,Influenza,SUSPECTED,1,2026-09-09 00:00:00,,ACTIVE,COVID19MEXICO,2026-09-28
MUNICIPALITY,42000000-0000-0000-0000-000000001593,Ahuazotepec,COVID-19,COVID-19,SUSPECTED,1,2026-08-02 00:00:00,,ACTIVE,COVID19MEXICO,2026-09-28
MUNICIPALITY,42000000-0000-0000-0000-000000001593,Ahuazotepec,INFLUENZA,Influenza,SUSPECTED,1,2026-08-02 00:00:00,,ACTIVE,COVID19MEXICO,2026-09-28
MUNICIPALITY,42000000-0000-0000-0000-000000000466,Ajacuba,COVID-19,COVID-19,SUSPECTED,2,2026-08-01 00:00:00,,ACTIVE,COVID19MEXICO,2026-09-28
MUNICIPALITY,42000000-0000-0000-0000-000000000466,Ajacuba,INFLUENZA,Influenza,SUSPECTED,2,2026-08-01 00:00:00,,ACTIVE,COVID19MEXICO,2026-09-28
MUNICIPALITY,42000000-0000-0000-0000-000000001595,Ajalpan,COVID-19,COVID-19,SUSPECTED,1,2026-08-26 00:00:00,,ACTIVE,COVID19MEXICO,2026-09-28
MUNICIPALITY,42000000-0000-0000-0000-000000001595,Ajalpan,INFLUENZA,Influenza,SUSPECTED,1,2026-08-26 00:00:00,,ACTIVE,COVID19MEXICO,2026-09-28
MUNICIPALITY,42000000-0000-0000-0000-000000000379,Ajuchitlan del Progreso,COVID-19,COVID-19,CONFIRMED,1,2026-08-19 00:00:00,,ACTIVE,COVID19MEXICO,2026-09-28
MUNICIPALITY,42000000-0000-0000-0000-000000002317,Akil,COVID-19,COVID-19,SUSPECTED,1,2026-09-23 00:00:00,,ACTIVE,COVID19MEXICO,2026-09-28
MUNICIPALITY,42000000-0000-0000-0000-000000002317,Akil,INFLUENZA,Influenza,SUSPECTED,1,2026-09-23 00:00:00,,ACTIVE,COVID19MEXICO,2026-09-28
MUNICIPALITY,42000000-0000-0000-0000-000000002262,Alamo Temapache,DENGUE,Dengue fever,SUSPECTED,1,2026-08-13 00:00:00,,ACTIVE,DENGUE_ABIERTO,2026-09-14
MUNICIPALITY,42000000-0000-0000-0000-000000001913,Alamos,DENGUE,Dengue fever,SUSPECTED,1,2026-08-12 00:00:00,,ACTIVE,DENGUE_ABIERTO,2026-09-14
MUNICIPALITY,42000000-0000-0000-0000-000000001833,Alaquines,INFLUENZA,Influenza,CONFIRMED,1,2026-08-02 00:00:00,,ACTIVE,COVID19MEXICO,2026-09-28
MUNICIPALITY,42000000-0000-0000-0000-000000000039,Allende,COVID-19,COVID-19,SUSPECTED,1,2026-09-07 00:00:00,,ACTIVE,COVID19MEXICO,2026-09-28
MUNICIPALITY,42000000-0000-0000-0000-000000000039,Allende,INFLUENZA,Influenza,SUSPECTED,1,2026-09-07 00:00:00,,ACTIVE,COVID19MEXICO,2026-09-28
MUNICIPALITY,42000000-0000-0000-0000-000000000039,Allende,MEASLES,Measles,SUSPECTED,1,2026-09-21 00:00:00,,ACTIVE,EFES_ABIERTO,2026-09-21
MUNICIPALITY,42000000-0000-0000-0000-000000000039,Allende,RUBELLA,Rubella,SUSPECTED,1,2026-09-21 00:00:00,,ACTIVE,EFES_ABIERTO,2026-09-21
MUNICIPALITY,42000000-0000-0000-0000-000000000674,Almoloya de Alquisiras,COVID-19,COVID-19,CONFIRMED,1,2026-08-02 00:00:00,,ACTIVE,COVID19MEXICO,2026-09-28
MUNICIPALITY,42000000-0000-0000-0000-000000000675,Almoloya de Juarez,COVID-19,COVID-19,SUSPECTED,3,2026-08-12 00:00:00,,ACTIVE,COVID19MEXICO,2026-09-28
MUNICIPALITY,42000000-0000-0000-0000-000000000675,Almoloya de Juarez,INFLUENZA,Influenza,SUSPECTED,3,2026-08-12 00:00:00,,ACTIVE,COVID19MEXICO,2026-09-28
MUNICIPALITY,42000000-0000-0000-0000-000000000675,Almoloya de Juarez,MEASLES,Measles,SUSPECTED,1,2026-09-21 00:00:00,,ACTIVE,EFES_ABIERTO,2026-09-21
MUNICIPALITY,42000000-0000-0000-0000-000000000675,Almoloya de Juarez,RUBELLA,Rubella,SUSPECTED,1,2026-09-21 00:00:00,,ACTIVE,EFES_ABIERTO,2026-09-21
MUNICIPALITY,42000000-0000-0000-0000-000000002002,Altamira,COVID-19,COVID-19,CONFIRMED,3,2026-08-06 00:00:00,,ACTIVE,COVID19MEXICO,2026-09-28
MUNICIPALITY,42000000-0000-0000-0000-000000002002,Altamira,COVID-19,COVID-19,SUSPECTED,6,2026-08-01 00:00:00,,ACTIVE,COVID19MEXICO,2026-09-28
MUNICIPALITY,42000000-0000-0000-0000-000000002002,Altamira,INFLUENZA,Influenza,SUSPECTED,6,2026-08-01 00:00:00,,ACTIVE,COVID19MEXICO,2026-09-28
MUNICIPALITY,42000000-0000-0000-0000-000000001914,Altar,COVID-19,COVID-19,CONFIRMED,1,2026-08-28 00:00:00,,ACTIVE,COVID19MEXICO,2026-09-28
MUNICIPALITY,42000000-0000-0000-0000-000000000284,Alvaro Obregon,COVID-19,COVID-19,CONFIRMED,23,2026-08-01 00:00:00,,ACTIVE,COVID19MEXICO,2026-09-28
MUNICIPALITY,42000000-0000-0000-0000-000000000284,Alvaro Obregon,COVID-19,COVID-19,SUSPECTED,60,2026-08-02 00:00:00,,ACTIVE,COVID19MEXICO,2026-09-28
MUNICIPALITY,42000000-0000-0000-0000-000000000284,Alvaro Obregon,INFLUENZA,Influenza,CONFIRMED,2,2026-08-02 00:00:00,,ACTIVE,COVID19MEXICO,2026-09-28
MUNICIPALITY,42000000-0000-0000-0000-000000000284,Alvaro Obregon,INFLUENZA,Influenza,SUSPECTED,60,2026-08-02 00:00:00,,ACTIVE,COVID19MEXICO,2026-09-28
MUNICIPALITY,42000000-0000-0000-0000-000000000284,Alvaro Obregon,MEASLES,Measles,SUSPECTED,4,2026-09-21 00:00:00,,ACTIVE,EFES_ABIERTO,2026-09-21
MUNICIPALITY,42000000-0000-0000-0000-000000000284,Alvaro Obregon,RUBELLA,Rubella,SUSPECTED,4,2026-09-21 00:00:00,,ACTIVE,EFES_ABIERTO,2026-09-21
MUNICIPALITY,42000000-0000-0000-0000-000000000089,Amatan,MEASLES,Measles,SUSPECTED,3,2026-09-21 00:00:00,,ACTIVE,EFES_ABIERTO,2026-09-21
MUNICIPALITY,42000000-0000-0000-0000-000000000089,Amatan,RUBELLA,Rubella,SUSPECTED,3,2026-09-21 00:00:00,,ACTIVE,EFES_ABIERTO,2026-09-21
MUNICIPALITY,42000000-0000-0000-0000-000000000091,Amatenango del Valle,MEASLES,Measles,SUSPECTED,2,2026-09-21 00:00:00,,ACTIVE,EFES_ABIERTO,2026-09-21
MUNICIPALITY,42000000-0000-0000-0000-000000000091,Amatenango del Valle,RUBELLA,Rubella,SUSPECTED,2,2026-09-21 00:00:00,,ACTIVE,EFES_ABIERTO,2026-09-21
MUNICIPALITY,42000000-0000-0000-0000-000000000678,Amatepec,COVID-19,COVID-19,SUSPECTED,3,2026-09-19 00:00:00,,ACTIVE,COVID19MEXICO,2026-09-28
MUNICIPALITY,42000000-0000-0000-0000-000000000678,Amatepec,INFLUENZA,Influenza,SUSPECTED,3,2026-09-19 00:00:00,,ACTIVE,COVID19MEXICO,2026-09-28
MUNICIPALITY,42000000-0000-0000-0000-000000002116,Amatlan de los Reyes,COVID-19,COVID-19,SUSPECTED,1,2026-08-20 00:00:00,,ACTIVE,COVID19MEXICO,2026-09-28
MUNICIPALITY,42000000-0000-0000-0000-000000002116,Amatlan de los Reyes,INFLUENZA,Influenza,SUSPECTED,1,2026-08-20 00:00:00,,ACTIVE,COVID19MEXICO,2026-09-28
MUNICIPALITY,42000000-0000-0000-0000-000000002043,Amaxac de Guerrero,COVID-19,COVID-19,SUSPECTED,1,2026-09-10 00:00:00,,ACTIVE,COVID19MEXICO,2026-09-28
MUNICIPALITY,42000000-0000-0000-0000-000000002043,Amaxac de Guerrero,INFLUENZA,Influenza,SUSPECTED,1,2026-09-10 00:00:00,,ACTIVE,COVID19MEXICO,2026-09-28
MUNICIPALITY,42000000-0000-0000-0000-000000001803,Amealco de Bonfil,COVID-19,COVID-19,CONFIRMED,1,2026-08-16 00:00:00,,ACTIVE,COVID19MEXICO,2026-09-28
MUNICIPALITY,42000000-0000-0000-0000-000000000679,Amecameca,COVID-19,COVID-19,SUSPECTED,2,2026-08-12 00:00:00,,ACTIVE,COVID19MEXICO,2026-09-28
MUNICIPALITY,42000000-0000-0000-0000-000000000679,Amecameca,INFLUENZA,Influenza,SUSPECTED,2,2026-08-12 00:00:00,,ACTIVE,COVID19MEXICO,2026-09-28
MUNICIPALITY,42000000-0000-0000-0000-000000000679,Amecameca,MEASLES,Measles,SUSPECTED,1,2026-09-21 00:00:00,,ACTIVE,EFES_ABIERTO,2026-09-21
MUNICIPALITY,42000000-0000-0000-0000-000000000679,Amecameca,RUBELLA,Rubella,SUSPECTED,1,2026-09-21 00:00:00,,ACTIVE,EFES_ABIERTO,2026-09-21
MUNICIPALITY,42000000-0000-0000-0000-000000001600,Amozoc,COVID-19,COVID-19,CONFIRMED,1,2026-08-25 00:00:00,,ACTIVE,COVID19MEXICO,2026-09-28
MUNICIPALITY,42000000-0000-0000-0000-000000001600,Amozoc,COVID-19,COVID-19,SUSPECTED,5,2026-08-09 00:00:00,,ACTIVE,COVID19MEXICO,2026-09-28
MUNICIPALITY,42000000-0000-0000-0000-000000001600,Amozoc,INFLUENZA,Influenza,SUSPECTED,5,2026-08-09 00:00:00,,ACTIVE,COVID19MEXICO,2026-09-28
MUNICIPALITY,42000000-0000-0000-0000-000000001600,Amozoc,MEASLES,Measles,CONFIRMED,1,2026-08-18 00:00:00,,ACTIVE,EFES_ABIERTO,2026-09-21
MUNICIPALITY,42000000-0000-0000-0000-000000001600,Amozoc,MEASLES,Measles,SUSPECTED,2,2026-09-21 00:00:00,,ACTIVE,EFES_ABIERTO,2026-09-21
MUNICIPALITY,42000000-0000-0000-0000-000000001600,Amozoc,RUBELLA,Rubella,SUSPECTED,2,2026-09-21 00:00:00,,ACTIVE,EFES_ABIERTO,2026-09-21
MUNICIPALITY,42000000-0000-0000-0000-000000000799,Angamacutiro,MEASLES,Measles,SUSPECTED,1,2026-09-21 00:00:00,,ACTIVE,EFES_ABIERTO,2026-09-21
MUNICIPALITY,42000000-0000-0000-0000-000000000799,Angamacutiro,RUBELLA,Rubella,SUSPECTED,1,2026-09-21 00:00:00,,ACTIVE,EFES_ABIERTO,2026-09-21
MUNICIPALITY,42000000-0000-0000-0000-000000001892,Angostura,COVID-19,COVID-19,CONFIRMED,1,2026-09-06 00:00:00,,ACTIVE,COVID19MEXICO,2026-09-28
MUNICIPALITY,42000000-0000-0000-0000-000000000469,Apan,COVID-19,COVID-19,CONFIRMED,1,2026-09-20 00:00:00,,ACTIVE,COVID19MEXICO,2026-09-28
MUNICIPALITY,42000000-0000-0000-0000-000000000469,Apan,COVID-19,COVID-19,SUSPECTED,8,2026-08-02 00:00:00,,ACTIVE,COVID19MEXICO,2026-09-28
MUNICIPALITY,42000000-0000-0000-0000-000000000469,Apan,INFLUENZA,Influenza,SUSPECTED,8,2026-08-02 00:00:00,,ACTIVE,COVID19MEXICO,2026-09-28
MUNICIPALITY,42000000-0000-0000-0000-000000000334,Apaseo el Alto,COVID-19,COVID-19,SUSPECTED,1,2026-09-17 00:00:00,,ACTIVE,COVID19MEXICO,2026-09-28
MUNICIPALITY,42000000-0000-0000-0000-000000000334,Apaseo el Alto,INFLUENZA,Influenza,SUSPECTED,1,2026-09-17 00:00:00,,ACTIVE,COVID19MEXICO,2026-09-28
MUNICIPALITY,42000000-0000-0000-0000-000000000335,Apaseo el Grande,COVID-19,COVID-19,SUSPECTED,3,2026-09-11 00:00:00,,ACTIVE,COVID19MEXICO,2026-09-28
MUNICIPALITY,42000000-0000-0000-0000-000000000335,Apaseo el Grande,INFLUENZA,Influenza,SUSPECTED,3,2026-09-11 00:00:00,,ACTIVE,COVID19MEXICO,2026-09-28
MUNICIPALITY,42000000-0000-0000-0000-000000000335,Apaseo el Grande,MEASLES,Measles,SUSPECTED,1,2026-09-21 00:00:00,,ACTIVE,EFES_ABIERTO,2026-09-21
MUNICIPALITY,42000000-0000-0000-0000-000000000335,Apaseo el Grande,RUBELLA,Rubella,SUSPECTED,1,2026-09-21 00:00:00,,ACTIVE,EFES_ABIERTO,2026-09-21
MUNICIPALITY,42000000-0000-0000-0000-000000000801,Apatzingan,COVID-19,COVID-19,SUSPECTED,1,2026-08-15 00:00:00,,ACTIVE,COVID19MEXICO,2026-09-28
MUNICIPALITY,42000000-0000-0000-0000-000000000801,Apatzingan,INFLUENZA,Influenza,SUSPECTED,1,2026-08-15 00:00:00,,ACTIVE,COVID19MEXICO,2026-09-28
MUNICIPALITY,42000000-0000-0000-0000-000000000801,Apatzingan,MEASLES,Measles,SUSPECTED,9,2026-09-21 00:00:00,,ACTIVE,EFES_ABIERTO,2026-09-21
MUNICIPALITY,42000000-0000-0000-0000-000000000801,Apatzingan,RUBELLA,Rubella,SUSPECTED,9,2026-09-21 00:00:00,,ACTIVE,EFES_ABIERTO,2026-09-21
MUNICIPALITY,42000000-0000-0000-0000-000000002044,Apetatitlan de Antonio Carvajal,COVID-19,COVID-19,CONFIRMED,2,2026-08-03 00:00:00,,ACTIVE,COVID19MEXICO,2026-09-28
MUNICIPALITY,42000000-0000-0000-0000-000000002044,Apetatitlan de Antonio Carvajal,COVID-19,COVID-19,SUSPECTED,4,2026-08-02 00:00:00,,ACTIVE,COVID19MEXICO,2026-09-28
MUNICIPALITY,42000000-0000-0000-0000-000000002044,Apetatitlan de Antonio Carvajal,INFLUENZA,Influenza,SUSPECTED,4,2026-08-02 00:00:00,,ACTIVE,COVID19MEXICO,2026-09-28
MUNICIPALITY,42000000-0000-0000-0000-000000002047,Apizaco,COVID-19,COVID-19,CONFIRMED,3,2026-09-08 00:00:00,,ACTIVE,COVID19MEXICO,2026-09-28
MUNICIPALITY,42000000-0000-0000-0000-000000002047,Apizaco,COVID-19,COVID-19,SUSPECTED,1,2026-08-27 00:00:00,,ACTIVE,COVID19MEXICO,2026-09-28
MUNICIPALITY,42000000-0000-0000-0000-000000002047,Apizaco,INFLUENZA,Influenza,CONFIRMED,1,2026-09-17 00:00:00,,ACTIVE,COVID19MEXICO,2026-09-28
MUNICIPALITY,42000000-0000-0000-0000-000000002047,Apizaco,INFLUENZA,Influenza,SUSPECTED,1,2026-08-27 00:00:00,,ACTIVE,COVID19MEXICO,2026-09-28
MUNICIPALITY,42000000-0000-0000-0000-000000000970,Apodaca,COVID-19,COVID-19,CONFIRMED,5,2026-08-01 00:00:00,,ACTIVE,COVID19MEXICO,2026-09-28
MUNICIPALITY,42000000-0000-0000-0000-000000000970,Apodaca,COVID-19,COVID-19,SUSPECTED,2,2026-08-19 00:00:00,,ACTIVE,COVID19MEXICO,2026-09-28
MUNICIPALITY,42000000-0000-0000-0000-000000000970,Apodaca,INFLUENZA,Influenza,SUSPECTED,2,2026-08-19 00:00:00,,ACTIVE,COVID19MEXICO,2026-09-28
MUNICIPALITY,42000000-0000-0000-0000-000000000970,Apodaca,MEASLES,Measles,SUSPECTED,3,2026-09-21 00:00:00,,ACTIVE,EFES_ABIERTO,2026-09-21
MUNICIPALITY,42000000-0000-0000-0000-000000000970,Apodaca,RUBELLA,Rubella,SUSPECTED,3,2026-09-21 00:00:00,,ACTIVE,EFES_ABIERTO,2026-09-21
MUNICIPALITY,42000000-0000-0000-0000-000000000803,Aquila,MEASLES,Measles,SUSPECTED,3,2026-09-21 00:00:00,,ACTIVE,EFES_ABIERTO,2026-09-21
MUNICIPALITY,42000000-0000-0000-0000-000000000803,Aquila,RUBELLA,Rubella,SUSPECTED,3,2026-09-21 00:00:00,,ACTIVE,EFES_ABIERTO,2026-09-21
MUNICIPALITY,42000000-0000-0000-0000-000000000212,Aquiles Serdan,COVID-19,COVID-19,SUSPECTED,1,2026-09-21 00:00:00,,ACTIVE,COVID19MEXICO,2026-09-28
MUNICIPALITY,42000000-0000-0000-0000-000000000212,Aquiles Serdan,INFLUENZA,Influenza,SUSPECTED,1,2026-09-21 00:00:00,,ACTIVE,COVID19MEXICO,2026-09-28
MUNICIPALITY,42000000-0000-0000-0000-000000001834,Aquismon,COVID-19,COVID-19,SUSPECTED,2,2026-09-17 00:00:00,,ACTIVE,COVID19MEXICO,2026-09-28
MUNICIPALITY,42000000-0000-0000-0000-000000001834,Aquismon,INFLUENZA,Influenza,CONFIRMED,1,2026-08-16 00:00:00,,ACTIVE,COVID19MEXICO,2026-09-28
MUNICIPALITY,42000000-0000-0000-0000-000000001834,Aquismon,INFLUENZA,Influenza,SUSPECTED,2,2026-09-17 00:00:00,,ACTIVE,COVID19MEXICO,2026-09-28
MUNICIPALITY,42000000-0000-0000-0000-000000001601,Aquixtla,COVID-19,COVID-19,SUSPECTED,3,2026-09-10 00:00:00,,ACTIVE,COVID19MEXICO,2026-09-28
MUNICIPALITY,42000000-0000-0000-0000-000000001601,Aquixtla,INFLUENZA,Influenza,SUSPECTED,3,2026-09-10 00:00:00,,ACTIVE,COVID19MEXICO,2026-09-28
MUNICIPALITY,42000000-0000-0000-0000-000000000553,Arandas,COVID-19,COVID-19,CONFIRMED,1,2026-08-26 00:00:00,,ACTIVE,COVID19MEXICO,2026-09-28
MUNICIPALITY,42000000-0000-0000-0000-000000000553,Arandas,MEASLES,Measles,SUSPECTED,1,2026-09-21 00:00:00,,ACTIVE,EFES_ABIERTO,2026-09-21
MUNICIPALITY,42000000-0000-0000-0000-000000000553,Arandas,RUBELLA,Rubella,SUSPECTED,1,2026-09-21 00:00:00,,ACTIVE,EFES_ABIERTO,2026-09-21
MUNICIPALITY,42000000-0000-0000-0000-000000000804,Ario,MEASLES,Measles,SUSPECTED,1,2026-09-21 00:00:00,,ACTIVE,EFES_ABIERTO,2026-09-21
MUNICIPALITY,42000000-0000-0000-0000-000000000804,Ario,RUBELLA,Rubella,SUSPECTED,1,2026-09-21 00:00:00,,ACTIVE,EFES_ABIERTO,2026-09-21
MUNICIPALITY,42000000-0000-0000-0000-000000000075,Armeria,MEASLES,Measles,SUSPECTED,1,2026-09-21 00:00:00,,ACTIVE,EFES_ABIERTO,2026-09-21
MUNICIPALITY,42000000-0000-0000-0000-000000000075,Armeria,RUBELLA,Rubella,SUSPECTED,1,2026-09-21 00:00:00,,ACTIVE,EFES_ABIERTO,2026-09-21
MUNICIPALITY,42000000-0000-0000-0000-000000000093,Arriaga,COVID-19,COVID-19,CONFIRMED,1,2026-08-23 00:00:00,,ACTIVE,COVID19MEXICO,2026-09-28
MUNICIPALITY,42000000-0000-0000-0000-000000000093,Arriaga,COVID-19,COVID-19,SUSPECTED,75,2026-08-01 00:00:00,,ACTIVE,COVID19MEXICO,2026-09-28
MUNICIPALITY,42000000-0000-0000-0000-000000000093,Arriaga,INFLUENZA,Influenza,CONFIRMED,2,2026-08-10 00:00:00,,ACTIVE,COVID19MEXICO,2026-09-28
MUNICIPALITY,42000000-0000-0000-0000-000000000093,Arriaga,INFLUENZA,Influenza,SUSPECTED,75,2026-08-01 00:00:00,,ACTIVE,COVID19MEXICO,2026-09-28
MUNICIPALITY,42000000-0000-0000-0000-000000001805,Arroyo Seco,COVID-19,COVID-19,SUSPECTED,1,2026-09-07 00:00:00,,ACTIVE,COVID19MEXICO,2026-09-28
MUNICIPALITY,42000000-0000-0000-0000-000000001805,Arroyo Seco,INFLUENZA,Influenza,SUSPECTED,1,2026-09-07 00:00:00,,ACTIVE,COVID19MEXICO,2026-09-28
MUNICIPALITY,42000000-0000-0000-0000-000000000040,Arteaga,MEASLES,Measles,SUSPECTED,1,2026-09-21 00:00:00,,ACTIVE,EFES_ABIERTO,2026-09-21
MUNICIPALITY,42000000-0000-0000-0000-000000000040,Arteaga,RUBELLA,Rubella,SUSPECTED,1,2026-09-21 00:00:00,,ACTIVE,EFES_ABIERTO,2026-09-21
MUNICIPALITY,42000000-0000-0000-0000-000000000002,Asientos,COVID-19,COVID-19,CONFIRMED,1,2026-08-02 00:00:00,,ACTIVE,COVID19MEXICO,2026-09-28
MUNICIPALITY,42000000-0000-0000-0000-000000000002,Asientos,COVID-19,COVID-19,SUSPECTED,3,2026-09-19 00:00:00,,ACTIVE,COVID19MEXICO,2026-09-28
MUNICIPALITY,42000000-0000-0000-0000-000000000002,Asientos,INFLUENZA,Influenza,SUSPECTED,3,2026-09-19 00:00:00,,ACTIVE,COVID19MEXICO,2026-09-28
MUNICIPALITY,42000000-0000-0000-0000-000000000002,Asientos,MEASLES,Measles,SUSPECTED,1,2026-09-21 00:00:00,,ACTIVE,EFES_ABIERTO,2026-09-21
MUNICIPALITY,42000000-0000-0000-0000-000000000002,Asientos,RUBELLA,Rubella,SUSPECTED,1,2026-09-21 00:00:00,,ACTIVE,EFES_ABIERTO,2026-09-21
MUNICIPALITY,42000000-0000-0000-0000-000000001021,Asuncion Nochixtlan,MEASLES,Measles,SUSPECTED,1,2026-09-21 00:00:00,,ACTIVE,EFES_ABIERTO,2026-09-21
MUNICIPALITY,42000000-0000-0000-0000-000000001021,Asuncion Nochixtlan,RUBELLA,Rubella,SUSPECTED,1,2026-09-21 00:00:00,,ACTIVE,EFES_ABIERTO,2026-09-21
MUNICIPALITY,42000000-0000-0000-0000-000000000681,Atenco,MEASLES,Measles,SUSPECTED,1,2026-09-21 00:00:00,,ACTIVE,EFES_ABIERTO,2026-09-21
MUNICIPALITY,42000000-0000-0000-0000-000000000681,Atenco,RUBELLA,Rubella,SUSPECTED,1,2026-09-21 00:00:00,,ACTIVE,EFES_ABIERTO,2026-09-21
MUNICIPALITY,42000000-0000-0000-0000-000000000683,Atizapan de Zaragoza,COVID-19,COVID-19,SUSPECTED,19,2026-08-01 00:00:00,,ACTIVE,COVID19MEXICO,2026-09-28
MUNICIPALITY,42000000-0000-0000-0000-000000000683,Atizapan de Zaragoza,INFLUENZA,Influenza,SUSPECTED,19,2026-08-01 00:00:00,,ACTIVE,COVID19MEXICO,2026-09-28
MUNICIPALITY,42000000-0000-0000-0000-000000000683,Atizapan de Zaragoza,MEASLES,Measles,SUSPECTED,8,2026-09-21 00:00:00,,ACTIVE,EFES_ABIERTO,2026-09-21
MUNICIPALITY,42000000-0000-0000-0000-000000000683,Atizapan de Zaragoza,RUBELLA,Rubella,SUSPECTED,8,2026-09-21 00:00:00,,ACTIVE,EFES_ABIERTO,2026-09-21
MUNICIPALITY,42000000-0000-0000-0000-000000000684,Atlacomulco,COVID-19,COVID-19,SUSPECTED,2,2026-08-18 00:00:00,,ACTIVE,COVID19MEXICO,2026-09-28
MUNICIPALITY,42000000-0000-0000-0000-000000000684,Atlacomulco,INFLUENZA,Influenza,SUSPECTED,2,2026-08-18 00:00:00,,ACTIVE,COVID19MEXICO,2026-09-28
MUNICIPALITY,42000000-0000-0000-0000-000000000685,Atlautla,COVID-19,COVID-19,SUSPECTED,1,2026-08-24 00:00:00,,ACTIVE,COVID19MEXICO,2026-09-28
MUNICIPALITY,42000000-0000-0000-0000-000000000685,Atlautla,INFLUENZA,Influenza,SUSPECTED,1,2026-08-24 00:00:00,,ACTIVE,COVID19MEXICO,2026-09-28
MUNICIPALITY,42000000-0000-0000-0000-000000001604,Atlixco,COVID-19,COVID-19,CONFIRMED,1,2026-08-10 00:00:00,,ACTIVE,COVID19MEXICO,2026-09-28
MUNICIPALITY,42000000-0000-0000-0000-000000001604,Atlixco,COVID-19,COVID-19,SUSPECTED,9,2026-08-04 00:00:00,,ACTIVE,COVID19MEXICO,2026-09-28
MUNICIPALITY,42000000-0000-0000-0000-000000001604,Atlixco,INFLUENZA,Influenza,SUSPECTED,9,2026-08-04 00:00:00,,ACTIVE,COVID19MEXICO,2026-09-28
MUNICIPALITY,42000000-0000-0000-0000-000000001604,Atlixco,MEASLES,Measles,SUSPECTED,3,2026-09-21 00:00:00,,ACTIVE,EFES_ABIERTO,2026-09-21
MUNICIPALITY,42000000-0000-0000-0000-000000001604,Atlixco,RUBELLA,Rubella,SUSPECTED,3,2026-09-21 00:00:00,,ACTIVE,EFES_ABIERTO,2026-09-21
MUNICIPALITY,42000000-0000-0000-0000-000000000386,Atlixtac,COVID-19,COVID-19,CONFIRMED,1,2026-09-07 00:00:00,,ACTIVE,COVID19MEXICO,2026-09-28
MUNICIPALITY,42000000-0000-0000-0000-000000002046,Atltzayanca,COVID-19,COVID-19,CONFIRMED,1,2026-09-07 00:00:00,,ACTIVE,COVID19MEXICO,2026-09-28
MUNICIPALITY,42000000-0000-0000-0000-000000002046,Atltzayanca,COVID-19,COVID-19,SUSPECTED,1,2026-08-15 00:00:00,,ACTIVE,COVID19MEXICO,2026-09-28
MUNICIPALITY,42000000-0000-0000-0000-000000002046,Atltzayanca,INFLUENZA,Influenza,SUSPECTED,1,2026-08-15 00:00:00,,ACTIVE,COVID19MEXICO,2026-09-28
MUNICIPALITY,42000000-0000-0000-0000-000000000474,Atotonilco de Tula,COVID-19,COVID-19,SUSPECTED,1,2026-08-05 00:00:00,,ACTIVE,COVID19MEXICO,2026-09-28
MUNICIPALITY,42000000-0000-0000-0000-000000000474,Atotonilco de Tula,INFLUENZA,Influenza,SUSPECTED,1,2026-08-05 00:00:00,,ACTIVE,COVID19MEXICO,2026-09-28
MUNICIPALITY,42000000-0000-0000-0000-000000000558,Atotonilco el Alto,MEASLES,Measles,SUSPECTED,1,2026-09-21 00:00:00,,ACTIVE,EFES_ABIERTO,2026-09-21
MUNICIPALITY,42000000-0000-0000-0000-000000000558,Atotonilco el Alto,RUBELLA,Rubella,SUSPECTED,1,2026-09-21 00:00:00,,ACTIVE,EFES_ABIERTO,2026-09-21
MUNICIPALITY,42000000-0000-0000-0000-000000000387,Atoyac de Alvarez,COVID-19,COVID-19,SUSPECTED,1,2026-08-29 00:00:00,,ACTIVE,COVID19MEXICO,2026-09-28
MUNICIPALITY,42000000-0000-0000-0000-000000000387,Atoyac de Alvarez,INFLUENZA,Influenza,SUSPECTED,1,2026-08-29 00:00:00,,ACTIVE,COVID19MEXICO,2026-09-28
MUNICIPALITY,42000000-0000-0000-0000-000000002125,Atzalan,COVID-19,COVID-19,SUSPECTED,1,2026-09-17 00:00:00,,ACTIVE,COVID19MEXICO,2026-09-28
MUNICIPALITY,42000000-0000-0000-0000-000000002125,Atzalan,INFLUENZA,Influenza,SUSPECTED,1,2026-09-17 00:00:00,,ACTIVE,COVID19MEXICO,2026-09-28
MUNICIPALITY,42000000-0000-0000-0000-000000001607,Atzitzihuacan,COVID-19,COVID-19,SUSPECTED,1,2026-08-03 00:00:00,,ACTIVE,COVID19MEXICO,2026-09-28
MUNICIPALITY,42000000-0000-0000-0000-000000001607,Atzitzihuacan,INFLUENZA,Influenza,SUSPECTED,1,2026-08-03 00:00:00,,ACTIVE,COVID19MEXICO,2026-09-28
MUNICIPALITY,42000000-0000-0000-0000-000000000560,Autlan de Navarro,COVID-19,COVID-19,CONFIRMED,1,2026-08-22 00:00:00,,ACTIVE,COVID19MEXICO,2026-09-28
MUNICIPALITY,42000000-0000-0000-0000-000000000686,Axapusco,COVID-19,COVID-19,SUSPECTED,1,2026-09-21 00:00:00,,ACTIVE,COVID19MEXICO,2026-09-28
MUNICIPALITY,42000000-0000-0000-0000-000000000686,Axapusco,INFLUENZA,Influenza,SUSPECTED,1,2026-09-21 00:00:00,,ACTIVE,COVID19MEXICO,2026-09-28
MUNICIPALITY,42000000-0000-0000-0000-000000000911,Axochiapan,COVID-19,COVID-19,CONFIRMED,2,2026-08-16 00:00:00,,ACTIVE,COVID19MEXICO,2026-09-28
MUNICIPALITY,42000000-0000-0000-0000-000000000911,Axochiapan,COVID-19,COVID-19,SUSPECTED,1,2026-08-10 00:00:00,,ACTIVE,COVID19MEXICO,2026-09-28
MUNICIPALITY,42000000-0000-0000-0000-000000000911,Axochiapan,INFLUENZA,Influenza,SUSPECTED,1,2026-08-10 00:00:00,,ACTIVE,COVID19MEXICO,2026-09-28
MUNICIPALITY,42000000-0000-0000-0000-000000001884,Axtla de Terrazas,COVID-19,COVID-19,CONFIRMED,1,2026-08-14 00:00:00,,ACTIVE,COVID19MEXICO,2026-09-28
MUNICIPALITY,42000000-0000-0000-0000-000000001884,Axtla de Terrazas,INFLUENZA,Influenza,CONFIRMED,1,2026-08-09 00:00:00,,ACTIVE,COVID19MEXICO,2026-09-28
MUNICIPALITY,42000000-0000-0000-0000-000000001609,Axutla,COVID-19,COVID-19,CONFIRMED,1,2026-09-10 00:00:00,,ACTIVE,COVID19MEXICO,2026-09-28
MUNICIPALITY,42000000-0000-0000-0000-000000000912,Ayala,COVID-19,COVID-19,CONFIRMED,1,2026-08-04 00:00:00,,ACTIVE,COVID19MEXICO,2026-09-28
MUNICIPALITY,42000000-0000-0000-0000-000000000912,Ayala,COVID-19,COVID-19,SUSPECTED,5,2026-08-11 00:00:00,,ACTIVE,COVID19MEXICO,2026-09-28
MUNICIPALITY,42000000-0000-0000-0000-000000000912,Ayala,INFLUENZA,Influenza,SUSPECTED,5,2026-08-11 00:00:00,,ACTIVE,COVID19MEXICO,2026-09-28
MUNICIPALITY,42000000-0000-0000-0000-000000000388,Ayutla de los Libres,COVID-19,COVID-19,SUSPECTED,1,2026-08-22 00:00:00,,ACTIVE,COVID19MEXICO,2026-09-28
MUNICIPALITY,42000000-0000-0000-0000-000000000388,Ayutla de los Libres,INFLUENZA,Influenza,SUSPECTED,1,2026-08-22 00:00:00,,ACTIVE,COVID19MEXICO,2026-09-28
MUNICIPALITY,42000000-0000-0000-0000-000000000276,Azcapotzalco,COVID-19,COVID-19,CONFIRMED,6,2026-08-12 00:00:00,,ACTIVE,COVID19MEXICO,2026-09-28
MUNICIPALITY,42000000-0000-0000-0000-000000000276,Azcapotzalco,COVID-19,COVID-19,SUSPECTED,71,2026-08-02 00:00:00,,ACTIVE,COVID19MEXICO,2026-09-28
MUNICIPALITY,42000000-0000-0000-0000-000000000276,Azcapotzalco,INFLUENZA,Influenza,CONFIRMED,2,2026-09-16 00:00:00,,ACTIVE,COVID19MEXICO,2026-09-28
MUNICIPALITY,42000000-0000-0000-0000-000000000276,Azcapotzalco,INFLUENZA,Influenza,SUSPECTED,71,2026-08-02 00:00:00,,ACTIVE,COVID19MEXICO,2026-09-28
MUNICIPALITY,42000000-0000-0000-0000-000000000389,Azoyu,COVID-19,COVID-19,SUSPECTED,1,2026-08-20 00:00:00,,ACTIVE,COVID19MEXICO,2026-09-28
MUNICIPALITY,42000000-0000-0000-0000-000000000389,Azoyu,INFLUENZA,Influenza,SUSPECTED,1,2026-08-20 00:00:00,,ACTIVE,COVID19MEXICO,2026-09-28
MUNICIPALITY,42000000-0000-0000-0000-000000001830,Bacalar,COVID-19,COVID-19,SUSPECTED,1,2026-09-23 00:00:00,,ACTIVE,COVID19MEXICO,2026-09-28
MUNICIPALITY,42000000-0000-0000-0000-000000001830,Bacalar,INFLUENZA,Influenza,SUSPECTED,1,2026-09-23 00:00:00,,ACTIVE,COVID19MEXICO,2026-09-28
MUNICIPALITY,42000000-0000-0000-0000-000000001893,Badiraguato,COVID-19,COVID-19,SUSPECTED,1,2026-09-24 00:00:00,,ACTIVE,COVID19MEXICO,2026-09-28
MUNICIPALITY,42000000-0000-0000-0000-000000001893,Badiraguato,INFLUENZA,Influenza,SUSPECTED,1,2026-09-24 00:00:00,,ACTIVE,COVID19MEXICO,2026-09-28
MUNICIPALITY,42000000-0000-0000-0000-000000000964,Bahia de Banderas,COVID-19,COVID-19,SUSPECTED,9,2026-08-14 00:00:00,,ACTIVE,COVID19MEXICO,2026-09-28
MUNICIPALITY,42000000-0000-0000-0000-000000000964,Bahia de Banderas,INFLUENZA,Influenza,SUSPECTED,9,2026-08-14 00:00:00,,ACTIVE,COVID19MEXICO,2026-09-28
MUNICIPALITY,42000000-0000-0000-0000-000000000964,Bahia de Banderas,MEASLES,Measles,SUSPECTED,3,2026-09-21 00:00:00,,ACTIVE,EFES_ABIERTO,2026-09-21
MUNICIPALITY,42000000-0000-0000-0000-000000000964,Bahia de Banderas,RUBELLA,Rubella,SUSPECTED,3,2026-09-21 00:00:00,,ACTIVE,EFES_ABIERTO,2026-09-21
MUNICIPALITY,42000000-0000-0000-0000-000000001983,Balancan,COVID-19,COVID-19,SUSPECTED,6,2026-08-09 00:00:00,,ACTIVE,COVID19MEXICO,2026-09-28
MUNICIPALITY,42000000-0000-0000-0000-000000001983,Balancan,INFLUENZA,Influenza,CONFIRMED,1,2026-09-10 00:00:00,,ACTIVE,COVID19MEXICO,2026-09-28
MUNICIPALITY,42000000-0000-0000-0000-000000001983,Balancan,INFLUENZA,Influenza,SUSPECTED,6,2026-08-09 00:00:00,,ACTIVE,COVID19MEXICO,2026-09-28
MUNICIPALITY,42000000-0000-0000-0000-000000000215,Balleza,COVID-19,COVID-19,CONFIRMED,1,2026-09-04 00:00:00,,ACTIVE,COVID19MEXICO,2026-09-28
MUNICIPALITY,42000000-0000-0000-0000-000000000215,Balleza,COVID-19,COVID-19,SUSPECTED,1,2026-09-21 00:00:00,,ACTIVE,COVID19MEXICO,2026-09-28
MUNICIPALITY,42000000-0000-0000-0000-000000000215,Balleza,INFLUENZA,Influenza,SUSPECTED,1,2026-09-21 00:00:00,,ACTIVE,COVID19MEXICO,2026-09-28
MUNICIPALITY,42000000-0000-0000-0000-000000002128,Banderilla,COVID-19,COVID-19,SUSPECTED,1,2026-09-01 00:00:00,,ACTIVE,COVID19MEXICO,2026-09-28
MUNICIPALITY,42000000-0000-0000-0000-000000002128,Banderilla,INFLUENZA,Influenza,SUSPECTED,1,2026-09-01 00:00:00,,ACTIVE,COVID19MEXICO,2026-09-28
MUNICIPALITY,42000000-0000-0000-0000-000000002128,Banderilla,MEASLES,Measles,CONFIRMED,1,2026-08-18 00:00:00,,ACTIVE,EFES_ABIERTO,2026-09-21
MUNICIPALITY,42000000-0000-0000-0000-000000000288,Benito Juarez,COVID-19,COVID-19,CONFIRMED,7,2026-08-12 00:00:00,,ACTIVE,COVID19MEXICO,2026-09-28
MUNICIPALITY,42000000-0000-0000-0000-000000001825,Benito Juarez,COVID-19,COVID-19,CONFIRMED,7,2026-08-03 00:00:00,,ACTIVE,COVID19MEXICO,2026-09-28
MUNICIPALITY,42000000-0000-0000-0000-000000000288,Benito Juarez,COVID-19,COVID-19,SUSPECTED,38,2026-08-03 00:00:00,,ACTIVE,COVID19MEXICO,2026-09-28
MUNICIPALITY,42000000-0000-0000-0000-000000001825,Benito Juarez,COVID-19,COVID-19,SUSPECTED,23,2026-08-08 00:00:00,,ACTIVE,COVID19MEXICO,2026-09-28
MUNICIPALITY,42000000-0000-0000-0000-000000000390,Benito Juarez,DENGUE,Dengue fever,SUSPECTED,1,2026-09-04 00:00:00,,ACTIVE,DENGUE_ABIERTO,2026-09-14
MUNICIPALITY,42000000-0000-0000-0000-000000000288,Benito Juarez,INFLUENZA,Influenza,CONFIRMED,1,2026-08-22 00:00:00,,ACTIVE,COVID19MEXICO,2026-09-28
MUNICIPALITY,42000000-0000-0000-0000-000000001825,Benito Juarez,INFLUENZA,Influenza,CONFIRMED,5,2026-08-05 00:00:00,,ACTIVE,COVID19MEXICO,2026-09-28
MUNICIPALITY,42000000-0000-0000-0000-000000000288,Benito Juarez,INFLUENZA,Influenza,SUSPECTED,38,2026-08-03 00:00:00,,ACTIVE,COVID19MEXICO,2026-09-28
MUNICIPALITY,42000000-0000-0000-0000-000000001825,Benito Juarez,INFLUENZA,Influenza,SUSPECTED,23,2026-08-08 00:00:00,,ACTIVE,COVID19MEXICO,2026-09-28
MUNICIPALITY,42000000-0000-0000-0000-000000001825,Benito Juarez,MEASLES,Measles,CONFIRMED,77,2026-08-06 00:00:00,,ACTIVE,EFES_ABIERTO,2026-09-21
MUNICIPALITY,42000000-0000-0000-0000-000000000288,Benito Juarez,MEASLES,Measles,SUSPECTED,4,2026-09-21 00:00:00,,ACTIVE,EFES_ABIERTO,2026-09-21
MUNICIPALITY,42000000-0000-0000-0000-000000001825,Benito Juarez,MEASLES,Measles,SUSPECTED,23,2026-09-21 00:00:00,,ACTIVE,EFES_ABIERTO,2026-09-21
MUNICIPALITY,42000000-0000-0000-0000-000000000288,Benito Juarez,RUBELLA,Rubella,SUSPECTED,4,2026-09-21 00:00:00,,ACTIVE,EFES_ABIERTO,2026-09-21
MUNICIPALITY,42000000-0000-0000-0000-000000001825,Benito Juarez,RUBELLA,Rubella,SUSPECTED,23,2026-09-21 00:00:00,,ACTIVE,EFES_ABIERTO,2026-09-21
MUNICIPALITY,42000000-0000-0000-0000-000000000096,Berriozabal,MEASLES,Measles,SUSPECTED,12,2026-09-21 00:00:00,,ACTIVE,EFES_ABIERTO,2026-09-21
MUNICIPALITY,42000000-0000-0000-0000-000000000096,Berriozabal,RUBELLA,Rubella,SUSPECTED,12,2026-09-21 00:00:00,,ACTIVE,EFES_ABIERTO,2026-09-21
MUNICIPALITY,42000000-0000-0000-0000-000000002130,Boca del Rio,COVID-19,COVID-19,SUSPECTED,5,2026-08-02 00:00:00,,ACTIVE,COVID19MEXICO,2026-09-28
MUNICIPALITY,42000000-0000-0000-0000-000000002130,Boca del Rio,INFLUENZA,Influenza,SUSPECTED,5,2026-08-02 00:00:00,,ACTIVE,COVID19MEXICO,2026-09-28
MUNICIPALITY,42000000-0000-0000-0000-000000000806,Brisenas,MEASLES,Measles,SUSPECTED,1,2026-09-21 00:00:00,,ACTIVE,EFES_ABIERTO,2026-09-21
MUNICIPALITY,42000000-0000-0000-0000-000000000806,Brisenas,RUBELLA,Rubella,SUSPECTED,1,2026-09-21 00:00:00,,ACTIVE,EFES_ABIERTO,2026-09-21
MUNICIPALITY,42000000-0000-0000-0000-000000000807,Buenavista,MEASLES,Measles,SUSPECTED,1,2026-09-21 00:00:00,,ACTIVE,EFES_ABIERTO,2026-09-21
MUNICIPALITY,42000000-0000-0000-0000-000000000807,Buenavista,RUBELLA,Rubella,SUSPECTED,1,2026-09-21 00:00:00,,ACTIVE,EFES_ABIERTO,2026-09-21
MUNICIPALITY,42000000-0000-0000-0000-000000001927,Caborca,COVID-19,COVID-19,CONFIRMED,2,2026-08-16 00:00:00,,ACTIVE,COVID19MEXICO,2026-09-28
MUNICIPALITY,42000000-0000-0000-0000-000000001927,Caborca,COVID-19,COVID-19,SUSPECTED,2,2026-09-08 00:00:00,,ACTIVE,COVID19MEXICO,2026-09-28
MUNICIPALITY,42000000-0000-0000-0000-000000001927,Caborca,INFLUENZA,Influenza,SUSPECTED,2,2026-09-08 00:00:00,,ACTIVE,COVID19MEXICO,2026-09-28
MUNICIPALITY,42000000-0000-0000-0000-000000001927,Caborca,MEASLES,Measles,SUSPECTED,1,2026-09-21 00:00:00,,ACTIVE,EFES_ABIERTO,2026-09-21
MUNICIPALITY,42000000-0000-0000-0000-000000001927,Caborca,RUBELLA,Rubella,SUSPECTED,1,2026-09-21 00:00:00,,ACTIVE,EFES_ABIERTO,2026-09-21
MUNICIPALITY,42000000-0000-0000-0000-000000000973,Cadereyta Jimenez,COVID-19,COVID-19,CONFIRMED,3,2026-08-04 00:00:00,,ACTIVE,COVID19MEXICO,2026-09-28
MUNICIPALITY,42000000-0000-0000-0000-000000000973,Cadereyta Jimenez,COVID-19,COVID-19,SUSPECTED,24,2026-08-04 00:00:00,,ACTIVE,COVID19MEXICO,2026-09-28
MUNICIPALITY,42000000-0000-0000-0000-000000000973,Cadereyta Jimenez,INFLUENZA,Influenza,SUSPECTED,24,2026-08-04 00:00:00,,ACTIVE,COVID19MEXICO,2026-09-28
MUNICIPALITY,42000000-0000-0000-0000-000000000973,Cadereyta Jimenez,MEASLES,Measles,SUSPECTED,1,2026-09-21 00:00:00,,ACTIVE,EFES_ABIERTO,2026-09-21
MUNICIPALITY,42000000-0000-0000-0000-000000000973,Cadereyta Jimenez,RUBELLA,Rubella,SUSPECTED,1,2026-09-21 00:00:00,,ACTIVE,EFES_ABIERTO,2026-09-21
MUNICIPALITY,42000000-0000-0000-0000-000000001806,Cadereyta de Montes,COVID-19,COVID-19,SUSPECTED,1,2026-08-06 00:00:00,,ACTIVE,COVID19MEXICO,2026-09-28
MUNICIPALITY,42000000-0000-0000-0000-000000001806,Cadereyta de Montes,INFLUENZA,Influenza,SUSPECTED,1,2026-08-06 00:00:00,,ACTIVE,COVID19MEXICO,2026-09-28
MUNICIPALITY,42000000-0000-0000-0000-000000001928,Cajeme,COVID-19,COVID-19,CONFIRMED,1,2026-08-08 00:00:00,,ACTIVE,COVID19MEXICO,2026-09-28
MUNICIPALITY,42000000-0000-0000-0000-000000001928,Cajeme,COVID-19,COVID-19,SUSPECTED,3,2026-09-04 00:00:00,,ACTIVE,COVID19MEXICO,2026-09-28
MUNICIPALITY,42000000-0000-0000-0000-000000001928,Cajeme,DENGUE,Dengue fever,SUSPECTED,2,2026-08-06 00:00:00,,ACTIVE,DENGUE_ABIERTO,2026-09-14
MUNICIPALITY,42000000-0000-0000-0000-000000001928,Cajeme,INFLUENZA,Influenza,SUSPECTED,3,2026-09-04 00:00:00,,ACTIVE,COVID19MEXICO,2026-09-28
MUNICIPALITY,42000000-0000-0000-0000-000000002425,Calera,COVID-19,COVID-19,SUSPECTED,2,2026-09-17 00:00:00,,ACTIVE,COVID19MEXICO,2026-09-28
MUNICIPALITY,42000000-0000-0000-0000-000000002425,Calera,INFLUENZA,Influenza,SUSPECTED,2,2026-09-17 00:00:00,,ACTIVE,COVID19MEXICO,2026-09-28
MUNICIPALITY,42000000-0000-0000-0000-000000000688,Calimaya,COVID-19,COVID-19,CONFIRMED,1,2026-08-22 00:00:00,,ACTIVE,COVID19MEXICO,2026-09-28
MUNICIPALITY,42000000-0000-0000-0000-000000000688,Calimaya,COVID-19,COVID-19,SUSPECTED,3,2026-08-20 00:00:00,,ACTIVE,COVID19MEXICO,2026-09-28
MUNICIPALITY,42000000-0000-0000-0000-000000000688,Calimaya,INFLUENZA,Influenza,SUSPECTED,3,2026-08-20 00:00:00,,ACTIVE,COVID19MEXICO,2026-09-28
MUNICIPALITY,42000000-0000-0000-0000-000000000024,Calkini,COVID-19,COVID-19,CONFIRMED,1,2026-08-18 00:00:00,,ACTIVE,COVID19MEXICO,2026-09-28
MUNICIPALITY,42000000-0000-0000-0000-000000000024,Calkini,MEASLES,Measles,SUSPECTED,1,2026-09-21 00:00:00,,ACTIVE,EFES_ABIERTO,2026-09-21
MUNICIPALITY,42000000-0000-0000-0000-000000000024,Calkini,RUBELLA,Rubella,SUSPECTED,1,2026-09-21 00:00:00,,ACTIVE,EFES_ABIERTO,2026-09-21
MUNICIPALITY,42000000-0000-0000-0000-000000000475,Calnali,COVID-19,COVID-19,CONFIRMED,1,2026-09-22 00:00:00,,ACTIVE,COVID19MEXICO,2026-09-28
MUNICIPALITY,42000000-0000-0000-0000-000000002048,Calpulalpan,COVID-19,COVID-19,CONFIRMED,1,2026-09-12 00:00:00,,ACTIVE,COVID19MEXICO,2026-09-28
MUNICIPALITY,42000000-0000-0000-0000-000000002048,Calpulalpan,COVID-19,COVID-19,SUSPECTED,6,2026-08-01 00:00:00,,ACTIVE,COVID19MEXICO,2026-09-28
MUNICIPALITY,42000000-0000-0000-0000-000000002048,Calpulalpan,INFLUENZA,Influenza,SUSPECTED,6,2026-08-01 00:00:00,,ACTIVE,COVID19MEXICO,2026-09-28
MUNICIPALITY,42000000-0000-0000-0000-000000000003,Calvillo,COVID-19,COVID-19,CONFIRMED,1,2026-09-04 00:00:00,,ACTIVE,COVID19MEXICO,2026-09-28
MUNICIPALITY,42000000-0000-0000-0000-000000000003,Calvillo,COVID-19,COVID-19,SUSPECTED,9,2026-08-31 00:00:00,,ACTIVE,COVID19MEXICO,2026-09-28
MUNICIPALITY,42000000-0000-0000-0000-000000000003,Calvillo,INFLUENZA,Influenza,SUSPECTED,9,2026-08-31 00:00:00,,ACTIVE,COVID19MEXICO,2026-09-28
MUNICIPALITY,42000000-0000-0000-0000-000000000003,Calvillo,MEASLES,Measles,SUSPECTED,1,2026-09-21 00:00:00,,ACTIVE,EFES_ABIERTO,2026-09-21
MUNICIPALITY,42000000-0000-0000-0000-000000000003,Calvillo,RUBELLA,Rubella,SUSPECTED,1,2026-09-21 00:00:00,,ACTIVE,EFES_ABIERTO,2026-09-21
MUNICIPALITY,42000000-0000-0000-0000-000000002132,Camerino Z. Mendoza,COVID-19,COVID-19,SUSPECTED,1,2026-09-25 00:00:00,,ACTIVE,COVID19MEXICO,2026-09-28
MUNICIPALITY,42000000-0000-0000-0000-000000002132,Camerino Z. Mendoza,INFLUENZA,Influenza,SUSPECTED,1,2026-09-25 00:00:00,,ACTIVE,COVID19MEXICO,2026-09-28
MUNICIPALITY,42000000-0000-0000-0000-000000002132,Camerino Z. Mendoza,MEASLES,Measles,SUSPECTED,1,2026-09-21 00:00:00,,ACTIVE,EFES_ABIERTO,2026-09-21
MUNICIPALITY,42000000-0000-0000-0000-000000002132,Camerino Z. Mendoza,RUBELLA,Rubella,SUSPECTED,1,2026-09-21 00:00:00,,ACTIVE,EFES_ABIERTO,2026-09-21
MUNICIPALITY,42000000-0000-0000-0000-000000000025,Campeche,COVID-19,COVID-19,CONFIRMED,6,2026-08-08 00:00:00,,ACTIVE,COVID19MEXICO,2026-09-28
MUNICIPALITY,42000000-0000-0000-0000-000000000025,Campeche,COVID-19,COVID-19,SUSPECTED,55,2026-08-03 00:00:00,,ACTIVE,COVID19MEXICO,2026-09-28
MUNICIPALITY,42000000-0000-0000-0000-000000000025,Campeche,INFLUENZA,Influenza,CONFIRMED,1,2026-09-05 00:00:00,,ACTIVE,COVID19MEXICO,2026-09-28
MUNICIPALITY,42000000-0000-0000-0000-000000000025,Campeche,INFLUENZA,Influenza,SUSPECTED,55,2026-08-03 00:00:00,,ACTIVE,COVID19MEXICO,2026-09-28
MUNICIPALITY,42000000-0000-0000-0000-000000000025,Campeche,MEASLES,Measles,SUSPECTED,2,2026-09-21 00:00:00,,ACTIVE,EFES_ABIERTO,2026-09-21
MUNICIPALITY,42000000-0000-0000-0000-000000000025,Campeche,RUBELLA,Rubella,SUSPECTED,2,2026-09-21 00:00:00,,ACTIVE,EFES_ABIERTO,2026-09-21
MUNICIPALITY,42000000-0000-0000-0000-000000000662,Canadas de Obregon,MEASLES,Measles,SUSPECTED,1,2026-09-21 00:00:00,,ACTIVE,EFES_ABIERTO,2026-09-21
MUNICIPALITY,42000000-0000-0000-0000-000000000662,Canadas de Obregon,RUBELLA,Rubella,SUSPECTED,1,2026-09-21 00:00:00,,ACTIVE,EFES_ABIERTO,2026-09-21
MUNICIPALITY,42000000-0000-0000-0000-000000002323,Cansahcab,COVID-19,COVID-19,SUSPECTED,1,2026-09-10 00:00:00,,ACTIVE,COVID19MEXICO,2026-09-28
MUNICIPALITY,42000000-0000-0000-0000-000000002323,Cansahcab,INFLUENZA,Influenza,SUSPECTED,1,2026-09-10 00:00:00,,ACTIVE,COVID19MEXICO,2026-09-28
MUNICIPALITY,42000000-0000-0000-0000-000000000808,Caracuaro,MEASLES,Measles,SUSPECTED,1,2026-09-21 00:00:00,,ACTIVE,EFES_ABIERTO,2026-09-21
MUNICIPALITY,42000000-0000-0000-0000-000000000808,Caracuaro,RUBELLA,Rubella,SUSPECTED,1,2026-09-21 00:00:00,,ACTIVE,EFES_ABIERTO,2026-09-21
MUNICIPALITY,42000000-0000-0000-0000-000000001984,Cardenas,COVID-19,COVID-19,CONFIRMED,3,2026-08-01 00:00:00,,ACTIVE,COVID19MEXICO,2026-09-28
MUNICIPALITY,42000000-0000-0000-0000-000000001984,Cardenas,COVID-19,COVID-19,SUSPECTED,5,2026-08-05 00:00:00,,ACTIVE,COVID19MEXICO,2026-09-28
MUNICIPALITY,42000000-0000-0000-0000-000000001984,Cardenas,DENGUE,Dengue fever,SUSPECTED,1,2026-08-07 00:00:00,,ACTIVE,DENGUE_ABIERTO,2026-09-14
MUNICIPALITY,42000000-0000-0000-0000-000000001984,Cardenas,INFLUENZA,Influenza,CONFIRMED,3,2026-08-15 00:00:00,,ACTIVE,COVID19MEXICO,2026-09-28
MUNICIPALITY,42000000-0000-0000-0000-000000001984,Cardenas,INFLUENZA,Influenza,SUSPECTED,5,2026-08-05 00:00:00,,ACTIVE,COVID19MEXICO,2026-09-28
MUNICIPALITY,42000000-0000-0000-0000-000000001984,Cardenas,MEASLES,Measles,SUSPECTED,4,2026-09-21 00:00:00,,ACTIVE,EFES_ABIERTO,2026-09-21
MUNICIPALITY,42000000-0000-0000-0000-000000001984,Cardenas,RUBELLA,Rubella,SUSPECTED,4,2026-09-21 00:00:00,,ACTIVE,EFES_ABIERTO,2026-09-21
MUNICIPALITY,42000000-0000-0000-0000-000000002310,Carlos A. Carrillo,COVID-19,COVID-19,SUSPECTED,2,2026-08-15 00:00:00,,ACTIVE,COVID19MEXICO,2026-09-28
MUNICIPALITY,42000000-0000-0000-0000-000000002310,Carlos A. Carrillo,INFLUENZA,Influenza,SUSPECTED,2,2026-08-15 00:00:00,,ACTIVE,COVID19MEXICO,2026-09-28
MUNICIPALITY,42000000-0000-0000-0000-000000000026,Carmen,COVID-19,COVID-19,SUSPECTED,44,2026-08-02 00:00:00,,ACTIVE,COVID19MEXICO,2026-09-28
MUNICIPALITY,42000000-0000-0000-0000-000000000026,Carmen,INFLUENZA,Influenza,SUSPECTED,44,2026-08-02 00:00:00,,ACTIVE,COVID19MEXICO,2026-09-28
MUNICIPALITY,42000000-0000-0000-0000-000000000026,Carmen,MEASLES,Measles,SUSPECTED,2,2026-09-21 00:00:00,,ACTIVE,EFES_ABIERTO,2026-09-21
MUNICIPALITY,42000000-0000-0000-0000-000000000026,Carmen,RUBELLA,Rubella,SUSPECTED,2,2026-09-21 00:00:00,,ACTIVE,EFES_ABIERTO,2026-09-21
MUNICIPALITY,42000000-0000-0000-0000-000000002133,Carrillo Puerto,COVID-19,COVID-19,SUSPECTED,1,2026-08-24 00:00:00,,ACTIVE,COVID19MEXICO,2026-09-28
MUNICIPALITY,42000000-0000-0000-0000-000000002133,Carrillo Puerto,INFLUENZA,Influenza,SUSPECTED,1,2026-08-24 00:00:00,,ACTIVE,COVID19MEXICO,2026-09-28
MUNICIPALITY,42000000-0000-0000-0000-000000002135,Cazones de Herrera,COVID-19,COVID-19,SUSPECTED,5,2026-08-13 00:00:00,,ACTIVE,COVID19MEXICO,2026-09-28
MUNICIPALITY,42000000-0000-0000-0000-000000002135,Cazones de Herrera,INFLUENZA,Influenza,SUSPECTED,5,2026-08-13 00:00:00,,ACTIVE,COVID19MEXICO,2026-09-28
MUNICIPALITY,42000000-0000-0000-0000-000000000337,Celaya,COVID-19,COVID-19,CONFIRMED,1,2026-09-07 00:00:00,,ACTIVE,COVID19MEXICO,2026-09-28
MUNICIPALITY,42000000-0000-0000-0000-000000000337,Celaya,COVID-19,COVID-19,SUSPECTED,22,2026-08-03 00:00:00,,ACTIVE,COVID19MEXICO,2026-09-28
MUNICIPALITY,42000000-0000-0000-0000-000000000337,Celaya,INFLUENZA,Influenza,CONFIRMED,1,2026-08-28 00:00:00,,ACTIVE,COVID19MEXICO,2026-09-28
MUNICIPALITY,42000000-0000-0000-0000-000000000337,Celaya,INFLUENZA,Influenza,SUSPECTED,22,2026-08-03 00:00:00,,ACTIVE,COVID19MEXICO,2026-09-28
MUNICIPALITY,42000000-0000-0000-0000-000000000337,Celaya,MEASLES,Measles,SUSPECTED,3,2026-09-21 00:00:00,,ACTIVE,EFES_ABIERTO,2026-09-21
MUNICIPALITY,42000000-0000-0000-0000-000000000337,Celaya,RUBELLA,Rubella,SUSPECTED,3,2026-09-21 00:00:00,,ACTIVE,EFES_ABIERTO,2026-09-21
MUNICIPALITY,42000000-0000-0000-0000-000000002325,Celestun,COVID-19,COVID-19,SUSPECTED,1,2026-09-25 00:00:00,,ACTIVE,COVID19MEXICO,2026-09-28
MUNICIPALITY,42000000-0000-0000-0000-000000002325,Celestun,INFLUENZA,Influenza,SUSPECTED,1,2026-09-25 00:00:00,,ACTIVE,COVID19MEXICO,2026-09-28
MUNICIPALITY,42000000-0000-0000-0000-000000001985,Centla,COVID-19,COVID-19,SUSPECTED,2,2026-08-16 00:00:00,,ACTIVE,COVID19MEXICO,2026-09-28
MUNICIPALITY,42000000-0000-0000-0000-000000001985,Centla,INFLUENZA,Influenza,SUSPECTED,2,2026-08-16 00:00:00,,ACTIVE,COVID19MEXICO,2026-09-28
MUNICIPALITY,42000000-0000-0000-0000-000000001986,Centro,COVID-19,COVID-19,CONFIRMED,10,2026-08-01 00:00:00,,ACTIVE,COVID19MEXICO,2026-09-28
MUNICIPALITY,42000000-0000-0000-0000-000000001986,Centro,COVID-19,COVID-19,SUSPECTED,13,2026-08-09 00:00:00,,ACTIVE,COVID19MEXICO,2026-09-28
MUNICIPALITY,42000000-0000-0000-0000-000000001986,Centro,INFLUENZA,Influenza,CONFIRMED,15,2026-08-02 00:00:00,,ACTIVE,COVID19MEXICO,2026-09-28
MUNICIPALITY,42000000-0000-0000-0000-000000001986,Centro,INFLUENZA,Influenza,SUSPECTED,13,2026-08-09 00:00:00,,ACTIVE,COVID19MEXICO,2026-09-28
MUNICIPALITY,42000000-0000-0000-0000-000000001986,Centro,MEASLES,Measles,CONFIRMED,1,2026-08-09 00:00:00,,ACTIVE,EFES_ABIERTO,2026-09-21
MUNICIPALITY,42000000-0000-0000-0000-000000001986,Centro,MEASLES,Measles,SUSPECTED,12,2026-09-21 00:00:00,,ACTIVE,EFES_ABIERTO,2026-09-21
MUNICIPALITY,42000000-0000-0000-0000-000000001986,Centro,RUBELLA,Rubella,SUSPECTED,12,2026-09-21 00:00:00,,ACTIVE,EFES_ABIERTO,2026-09-21
MUNICIPALITY,42000000-0000-0000-0000-000000000975,Cerralvo,COVID-19,COVID-19,CONFIRMED,1,2026-08-06 00:00:00,,ACTIVE,COVID19MEXICO,2026-09-28
MUNICIPALITY,42000000-0000-0000-0000-000000002156,Chacaltianguis,COVID-19,COVID-19,SUSPECTED,1,2026-08-17 00:00:00,,ACTIVE,COVID19MEXICO,2026-09-28
MUNICIPALITY,42000000-0000-0000-0000-000000002156,Chacaltianguis,INFLUENZA,Influenza,SUSPECTED,1,2026-08-17 00:00:00,,ACTIVE,COVID19MEXICO,2026-09-28
MUNICIPALITY,42000000-0000-0000-0000-000000001040,Chahuites,COVID-19,COVID-19,CONFIRMED,1,2026-09-06 00:00:00,,ACTIVE,COVID19MEXICO,2026-09-28
MUNICIPALITY,42000000-0000-0000-0000-000000001040,Chahuites,MEASLES,Measles,SUSPECTED,2,2026-09-21 00:00:00,,ACTIVE,EFES_ABIERTO,2026-09-21
MUNICIPALITY,42000000-0000-0000-0000-000000001040,Chahuites,RUBELLA,Rubella,SUSPECTED,2,2026-09-21 00:00:00,,ACTIVE,EFES_ABIERTO,2026-09-21
MUNICIPALITY,42000000-0000-0000-0000-000000001630,Chalchicomula de Sesma,COVID-19,COVID-19,SUSPECTED,5,2026-08-13 00:00:00,,ACTIVE,COVID19MEXICO,2026-09-28
MUNICIPALITY,42000000-0000-0000-0000-000000001630,Chalchicomula de Sesma,INFLUENZA,Influenza,SUSPECTED,5,2026-08-13 00:00:00,,ACTIVE,COVID19MEXICO,2026-09-28
MUNICIPALITY,42000000-0000-0000-0000-000000000695,Chalco,COVID-19,COVID-19,CONFIRMED,6,2026-08-06 00:00:00,,ACTIVE,COVID19MEXICO,2026-09-28
MUNICIPALITY,42000000-0000-0000-0000-000000000695,Chalco,COVID-19,COVID-19,SUSPECTED,5,2026-08-02 00:00:00,,ACTIVE,COVID19MEXICO,2026-09-28
MUNICIPALITY,42000000-0000-0000-0000-000000000695,Chalco,INFLUENZA,Influenza,CONFIRMED,1,2026-09-20 00:00:00,,ACTIVE,COVID19MEXICO,2026-09-28
MUNICIPALITY,42000000-0000-0000-0000-000000000695,Chalco,INFLUENZA,Influenza,SUSPECTED,5,2026-08-02 00:00:00,,ACTIVE,COVID19MEXICO,2026-09-28
MUNICIPALITY,42000000-0000-0000-0000-000000000695,Chalco,MEASLES,Measles,SUSPECTED,4,2026-09-21 00:00:00,,ACTIVE,EFES_ABIERTO,2026-09-21
MUNICIPALITY,42000000-0000-0000-0000-000000000695,Chalco,RUBELLA,Rubella,SUSPECTED,4,2026-09-21 00:00:00,,ACTIVE,EFES_ABIERTO,2026-09-21
MUNICIPALITY,42000000-0000-0000-0000-000000000027,Champoton,COVID-19,COVID-19,SUSPECTED,6,2026-08-10 00:00:00,,ACTIVE,COVID19MEXICO,2026-09-28
MUNICIPALITY,42000000-0000-0000-0000-000000000027,Champoton,INFLUENZA,Influenza,SUSPECTED,6,2026-08-10 00:00:00,,ACTIVE,COVID19MEXICO,2026-09-28
MUNICIPALITY,42000000-0000-0000-0000-000000000108,Chanal,COVID-19,COVID-19,SUSPECTED,1,2026-09-20 00:00:00,,ACTIVE,COVID19MEXICO,2026-09-28
MUNICIPALITY,42000000-0000-0000-0000-000000000108,Chanal,INFLUENZA,Influenza,SUSPECTED,1,2026-09-20 00:00:00,,ACTIVE,COVID19MEXICO,2026-09-28
MUNICIPALITY,42000000-0000-0000-0000-000000000108,Chanal,MEASLES,Measles,SUSPECTED,1,2026-09-21 00:00:00,,ACTIVE,EFES_ABIERTO,2026-09-21
MUNICIPALITY,42000000-0000-0000-0000-000000000108,Chanal,RUBELLA,Rubella,SUSPECTED,1,2026-09-21 00:00:00,,ACTIVE,EFES_ABIERTO,2026-09-21
MUNICIPALITY,42000000-0000-0000-0000-000000002331,Chankom,COVID-19,COVID-19,SUSPECTED,1,2026-09-05 00:00:00,,ACTIVE,COVID19MEXICO,2026-09-28
MUNICIPALITY,42000000-0000-0000-0000-000000002331,Chankom,INFLUENZA,Influenza,SUSPECTED,1,2026-09-05 00:00:00,,ACTIVE,COVID19MEXICO,2026-09-28
MUNICIPALITY,42000000-0000-0000-0000-000000002332,Chapab,COVID-19,COVID-19,SUSPECTED,2,2026-08-24 00:00:00,,ACTIVE,COVID19MEXICO,2026-09-28
MUNICIPALITY,42000000-0000-0000-0000-000000002332,Chapab,INFLUENZA,Influenza,SUSPECTED,2,2026-08-24 00:00:00,,ACTIVE,COVID19MEXICO,2026-09-28
MUNICIPALITY,42000000-0000-0000-0000-000000002332,Chapab,MEASLES,Measles,SUSPECTED,1,2026-09-21 00:00:00,,ACTIVE,EFES_ABIERTO,2026-09-21
MUNICIPALITY,42000000-0000-0000-0000-000000002332,Chapab,RUBELLA,Rubella,SUSPECTED,1,2026-09-21 00:00:00,,ACTIVE,EFES_ABIERTO,2026-09-21
MUNICIPALITY,42000000-0000-0000-0000-000000000575,Chapala,MEASLES,Measles,SUSPECTED,3,2026-09-21 00:00:00,,ACTIVE,EFES_ABIERTO,2026-09-21
MUNICIPALITY,42000000-0000-0000-0000-000000000575,Chapala,RUBELLA,Rubella,SUSPECTED,3,2026-09-21 00:00:00,,ACTIVE,EFES_ABIERTO,2026-09-21
MUNICIPALITY,42000000-0000-0000-0000-000000000479,Chapulhuacan,COVID-19,COVID-19,SUSPECTED,2,2026-08-28 00:00:00,,ACTIVE,COVID19MEXICO,2026-09-28
MUNICIPALITY,42000000-0000-0000-0000-000000000479,Chapulhuacan,INFLUENZA,Influenza,SUSPECTED,2,2026-08-28 00:00:00,,ACTIVE,COVID19MEXICO,2026-09-28
MUNICIPALITY,42000000-0000-0000-0000-000000000697,Chapultepec,COVID-19,COVID-19,SUSPECTED,1,2026-09-23 00:00:00,,ACTIVE,COVID19MEXICO,2026-09-28
MUNICIPALITY,42000000-0000-0000-0000-000000000697,Chapultepec,INFLUENZA,Influenza,SUSPECTED,1,2026-09-23 00:00:00,,ACTIVE,COVID19MEXICO,2026-09-28
MUNICIPALITY,42000000-0000-0000-0000-000000000697,Chapultepec,MEASLES,Measles,SUSPECTED,1,2026-09-21 00:00:00,,ACTIVE,EFES_ABIERTO,2026-09-21
MUNICIPALITY,42000000-0000-0000-0000-000000000697,Chapultepec,RUBELLA,Rubella,SUSPECTED,1,2026-09-21 00:00:00,,ACTIVE,EFES_ABIERTO,2026-09-21
MUNICIPALITY,42000000-0000-0000-0000-000000000816,Charapan,COVID-19,COVID-19,CONFIRMED,1,2026-08-04 00:00:00,,ACTIVE,COVID19MEXICO,2026-09-28
MUNICIPALITY,42000000-0000-0000-0000-000000002333,Chemax,COVID-19,COVID-19,SUSPECTED,26,2026-08-16 00:00:00,,ACTIVE,COVID19MEXICO,2026-09-28
MUNICIPALITY,42000000-0000-0000-0000-000000002333,Chemax,INFLUENZA,Influenza,CONFIRMED,2,2026-08-15 00:00:00,,ACTIVE,COVID19MEXICO,2026-09-28
MUNICIPALITY,42000000-0000-0000-0000-000000002333,Chemax,INFLUENZA,Influenza,SUSPECTED,26,2026-08-16 00:00:00,,ACTIVE,COVID19MEXICO,2026-09-28
MUNICIPALITY,42000000-0000-0000-0000-000000002333,Chemax,MEASLES,Measles,SUSPECTED,1,2026-09-21 00:00:00,,ACTIVE,EFES_ABIERTO,2026-09-21
MUNICIPALITY,42000000-0000-0000-0000-000000002333,Chemax,RUBELLA,Rubella,SUSPECTED,1,2026-09-21 00:00:00,,ACTIVE,EFES_ABIERTO,2026-09-21
MUNICIPALITY,42000000-0000-0000-0000-000000000111,Chiapa de Corzo,COVID-19,COVID-19,CONFIRMED,1,2026-08-20 00:00:00,,ACTIVE,COVID19MEXICO,2026-09-28
MUNICIPALITY,42000000-0000-0000-0000-000000000111,Chiapa de Corzo,COVID-19,COVID-19,SUSPECTED,4,2026-08-21 00:00:00,,ACTIVE,COVID19MEXICO,2026-09-28
MUNICIPALITY,42000000-0000-0000-0000-000000000111,Chiapa de Corzo,INFLUENZA,Influenza,SUSPECTED,4,2026-08-21 00:00:00,,ACTIVE,COVID19MEXICO,2026-09-28
MUNICIPALITY,42000000-0000-0000-0000-000000000111,Chiapa de Corzo,MEASLES,Measles,SUSPECTED,11,2026-09-21 00:00:00,,ACTIVE,EFES_ABIERTO,2026-09-21
MUNICIPALITY,42000000-0000-0000-0000-000000000111,Chiapa de Corzo,RUBELLA,Rubella,SUSPECTED,11,2026-09-21 00:00:00,,ACTIVE,EFES_ABIERTO,2026-09-21
MUNICIPALITY,42000000-0000-0000-0000-000000002052,Chiautempan,COVID-19,COVID-19,SUSPECTED,8,2026-08-04 00:00:00,,ACTIVE,COVID19MEXICO,2026-09-28
MUNICIPALITY,42000000-0000-0000-0000-000000002052,Chiautempan,INFLUENZA,Influenza,SUSPECTED,8,2026-08-04 00:00:00,,ACTIVE,COVID19MEXICO,2026-09-28
MUNICIPALITY,42000000-0000-0000-0000-000000001632,Chiautla,COVID-19,COVID-19,SUSPECTED,1,2026-09-19 00:00:00,,ACTIVE,COVID19MEXICO,2026-09-28
MUNICIPALITY,42000000-0000-0000-0000-000000001632,Chiautla,INFLUENZA,Influenza,SUSPECTED,1,2026-09-19 00:00:00,,ACTIVE,COVID19MEXICO,2026-09-28
MUNICIPALITY,42000000-0000-0000-0000-000000002335,Chichimila,COVID-19,COVID-19,SUSPECTED,1,2026-09-13 00:00:00,,ACTIVE,COVID19MEXICO,2026-09-28
MUNICIPALITY,42000000-0000-0000-0000-000000002335,Chichimila,INFLUENZA,Influenza,SUSPECTED,1,2026-09-13 00:00:00,,ACTIVE,COVID19MEXICO,2026-09-28
MUNICIPALITY,42000000-0000-0000-0000-000000002335,Chichimila,MEASLES,Measles,SUSPECTED,1,2026-09-21 00:00:00,,ACTIVE,EFES_ABIERTO,2026-09-21
MUNICIPALITY,42000000-0000-0000-0000-000000002335,Chichimila,RUBELLA,Rubella,SUSPECTED,1,2026-09-21 00:00:00,,ACTIVE,EFES_ABIERTO,2026-09-21
MUNICIPALITY,42000000-0000-0000-0000-000000000699,Chicoloapan,COVID-19,COVID-19,SUSPECTED,3,2026-08-14 00:00:00,,ACTIVE,COVID19MEXICO,2026-09-28
MUNICIPALITY,42000000-0000-0000-0000-000000000699,Chicoloapan,INFLUENZA,Influenza,SUSPECTED,3,2026-08-14 00:00:00,,ACTIVE,COVID19MEXICO,2026-09-28
MUNICIPALITY,42000000-0000-0000-0000-000000000699,Chicoloapan,MEASLES,Measles,SUSPECTED,5,2026-09-21 00:00:00,,ACTIVE,EFES_ABIERTO,2026-09-21
MUNICIPALITY,42000000-0000-0000-0000-000000000699,Chicoloapan,RUBELLA,Rubella,SUSPECTED,5,2026-09-21 00:00:00,,ACTIVE,EFES_ABIERTO,2026-09-21
MUNICIPALITY,42000000-0000-0000-0000-000000000700,Chiconcuac,MEASLES,Measles,SUSPECTED,1,2026-09-21 00:00:00,,ACTIVE,EFES_ABIERTO,2026-09-21
MUNICIPALITY,42000000-0000-0000-0000-000000000700,Chiconcuac,RUBELLA,Rubella,SUSPECTED,1,2026-09-21 00:00:00,,ACTIVE,EFES_ABIERTO,2026-09-21
MUNICIPALITY,42000000-0000-0000-0000-000000001634,Chiconcuautla,INFLUENZA,Influenza,CONFIRMED,1,2026-08-15 00:00:00,,ACTIVE,COVID19MEXICO,2026-09-28
MUNICIPALITY,42000000-0000-0000-0000-000000002160,Chicontepec,COVID-19,COVID-19,SUSPECTED,1,2026-09-24 00:00:00,,ACTIVE,COVID19MEXICO,2026-09-28
MUNICIPALITY,42000000-0000-0000-0000-000000002160,Chicontepec,INFLUENZA,Influenza,SUSPECTED,1,2026-09-24 00:00:00,,ACTIVE,COVID19MEXICO,2026-09-28
MUNICIPALITY,42000000-0000-0000-0000-000000001636,Chietla,COVID-19,COVID-19,SUSPECTED,2,2026-08-01 00:00:00,,ACTIVE,COVID19MEXICO,2026-09-28
MUNICIPALITY,42000000-0000-0000-0000-000000001636,Chietla,INFLUENZA,Influenza,SUSPECTED,2,2026-08-01 00:00:00,,ACTIVE,COVID19MEXICO,2026-09-28
MUNICIPALITY,42000000-0000-0000-0000-000000001638,Chignahuapan,COVID-19,COVID-19,CONFIRMED,2,2026-09-06 00:00:00,,ACTIVE,COVID19MEXICO,2026-09-28
MUNICIPALITY,42000000-0000-0000-0000-000000001638,Chignahuapan,COVID-19,COVID-19,SUSPECTED,59,2026-08-03 00:00:00,,ACTIVE,COVID19MEXICO,2026-09-28
MUNICIPALITY,42000000-0000-0000-0000-000000001638,Chignahuapan,INFLUENZA,Influenza,SUSPECTED,59,2026-08-03 00:00:00,,ACTIVE,COVID19MEXICO,2026-09-28
MUNICIPALITY,42000000-0000-0000-0000-000000001639,Chignautla,COVID-19,COVID-19,CONFIRMED,2,2026-08-05 00:00:00,,ACTIVE,COVID19MEXICO,2026-09-28
MUNICIPALITY,42000000-0000-0000-0000-000000001639,Chignautla,COVID-19,COVID-19,SUSPECTED,4,2026-08-09 00:00:00,,ACTIVE,COVID19MEXICO,2026-09-28
MUNICIPALITY,42000000-0000-0000-0000-000000001639,Chignautla,INFLUENZA,Influenza,SUSPECTED,4,2026-08-09 00:00:00,,ACTIVE,COVID19MEXICO,2026-09-28
MUNICIPALITY,42000000-0000-0000-0000-000000000227,Chihuahua,COVID-19,COVID-19,CONFIRMED,11,2026-08-12 00:00:00,,ACTIVE,COVID19MEXICO,2026-09-28
MUNICIPALITY,42000000-0000-0000-0000-000000000227,Chihuahua,COVID-19,COVID-19,SUSPECTED,36,2026-08-01 00:00:00,,ACTIVE,COVID19MEXICO,2026-09-28
MUNICIPALITY,42000000-0000-0000-0000-000000000227,Chihuahua,INFLUENZA,Influenza,CONFIRMED,1,2026-09-08 00:00:00,,ACTIVE,COVID19MEXICO,2026-09-28
MUNICIPALITY,42000000-0000-0000-0000-000000000227,Chihuahua,INFLUENZA,Influenza,SUSPECTED,36,2026-08-01 00:00:00,,ACTIVE,COVID19MEXICO,2026-09-28
MUNICIPALITY,42000000-0000-0000-0000-000000000227,Chihuahua,MEASLES,Measles,SUSPECTED,1,2026-09-21 00:00:00,,ACTIVE,EFES_ABIERTO,2026-09-21
MUNICIPALITY,42000000-0000-0000-0000-000000000227,Chihuahua,RUBELLA,Rubella,SUSPECTED,1,2026-09-21 00:00:00,,ACTIVE,EFES_ABIERTO,2026-09-21
MUNICIPALITY,42000000-0000-0000-0000-000000001640,Chila,COVID-19,COVID-19,SUSPECTED,1,2026-08-16 00:00:00,,ACTIVE,COVID19MEXICO,2026-09-28
MUNICIPALITY,42000000-0000-0000-0000-000000001640,Chila,INFLUENZA,Influenza,SUSPECTED,1,2026-08-16 00:00:00,,ACTIVE,COVID19MEXICO,2026-09-28
MUNICIPALITY,42000000-0000-0000-0000-000000000820,Chilchota,MEASLES,Measles,SUSPECTED,1,2026-09-21 00:00:00,,ACTIVE,EFES_ABIERTO,2026-09-21
MUNICIPALITY,42000000-0000-0000-0000-000000000820,Chilchota,RUBELLA,Rubella,SUSPECTED,1,2026-09-21 00:00:00,,ACTIVE,EFES_ABIERTO,2026-09-21
MUNICIPALITY,42000000-0000-0000-0000-000000000115,Chilon,MEASLES,Measles,SUSPECTED,3,2026-09-21 00:00:00,,ACTIVE,EFES_ABIERTO,2026-09-21
MUNICIPALITY,42000000-0000-0000-0000-000000000115,Chilon,RUBELLA,Rubella,SUSPECTED,3,2026-09-21 00:00:00,,ACTIVE,EFES_ABIERTO,2026-09-21
MUNICIPALITY,42000000-0000-0000-0000-000000000405,Chilpancingo de los Bravo,COVID-19,COVID-19,CONFIRMED,2,2026-08-18 00:00:00,,ACTIVE,COVID19MEXICO,2026-09-28
MUNICIPALITY,42000000-0000-0000-0000-000000000405,Chilpancingo de los Bravo,COVID-19,COVID-19,SUSPECTED,14,2026-08-01 00:00:00,,ACTIVE,COVID19MEXICO,2026-09-28
MUNICIPALITY,42000000-0000-0000-0000-000000000405,Chilpancingo de los Bravo,INFLUENZA,Influenza,SUSPECTED,14,2026-08-01 00:00:00,,ACTIVE,COVID19MEXICO,2026-09-28
MUNICIPALITY,42000000-0000-0000-0000-000000000701,Chimalhuacan,COVID-19,COVID-19,CONFIRMED,1,2026-08-05 00:00:00,,ACTIVE,COVID19MEXICO,2026-09-28
MUNICIPALITY,42000000-0000-0000-0000-000000000701,Chimalhuacan,COVID-19,COVID-19,SUSPECTED,5,2026-08-14 00:00:00,,ACTIVE,COVID19MEXICO,2026-09-28
MUNICIPALITY,42000000-0000-0000-0000-000000000701,Chimalhuacan,INFLUENZA,Influenza,SUSPECTED,5,2026-08-14 00:00:00,,ACTIVE,COVID19MEXICO,2026-09-28
MUNICIPALITY,42000000-0000-0000-0000-000000000701,Chimalhuacan,MEASLES,Measles,SUSPECTED,15,2026-09-21 00:00:00,,ACTIVE,EFES_ABIERTO,2026-09-21
MUNICIPALITY,42000000-0000-0000-0000-000000000701,Chimalhuacan,RUBELLA,Rubella,SUSPECTED,15,2026-09-21 00:00:00,,ACTIVE,EFES_ABIERTO,2026-09-21
MUNICIPALITY,42000000-0000-0000-0000-000000002161,Chinameca,COVID-19,COVID-19,SUSPECTED,1,2026-08-31 00:00:00,,ACTIVE,COVID19MEXICO,2026-09-28
MUNICIPALITY,42000000-0000-0000-0000-000000002161,Chinameca,INFLUENZA,Influenza,SUSPECTED,1,2026-08-31 00:00:00,,ACTIVE,COVID19MEXICO,2026-09-28
MUNICIPALITY,42000000-0000-0000-0000-000000002337,Chochola,COVID-19,COVID-19,SUSPECTED,1,2026-08-28 00:00:00,,ACTIVE,COVID19MEXICO,2026-09-28
MUNICIPALITY,42000000-0000-0000-0000-000000002337,Chochola,INFLUENZA,Influenza,SUSPECTED,1,2026-08-28 00:00:00,,ACTIVE,COVID19MEXICO,2026-09-28
MUNICIPALITY,42000000-0000-0000-0000-000000002337,Chochola,MEASLES,Measles,SUSPECTED,1,2026-09-21 00:00:00,,ACTIVE,EFES_ABIERTO,2026-09-21
MUNICIPALITY,42000000-0000-0000-0000-000000002337,Chochola,RUBELLA,Rubella,SUSPECTED,1,2026-09-21 00:00:00,,ACTIVE,EFES_ABIERTO,2026-09-21
MUNICIPALITY,42000000-0000-0000-0000-000000001897,Choix,COVID-19,COVID-19,SUSPECTED,1,2026-08-17 00:00:00,,ACTIVE,COVID19MEXICO,2026-09-28
MUNICIPALITY,42000000-0000-0000-0000-000000001897,Choix,DENGUE,Dengue fever,SUSPECTED,1,2026-09-01 00:00:00,,ACTIVE,DENGUE_ABIERTO,2026-09-14
MUNICIPALITY,42000000-0000-0000-0000-000000001897,Choix,INFLUENZA,Influenza,SUSPECTED,1,2026-08-17 00:00:00,,ACTIVE,COVID19MEXICO,2026-09-28
MUNICIPALITY,42000000-0000-0000-0000-000000000823,Churintzio,MEASLES,Measles,SUSPECTED,3,2026-09-21 00:00:00,,ACTIVE,EFES_ABIERTO,2026-09-21
MUNICIPALITY,42000000-0000-0000-0000-000000000823,Churintzio,RUBELLA,Rubella,SUSPECTED,3,2026-09-21 00:00:00,,ACTIVE,EFES_ABIERTO,2026-09-21
MUNICIPALITY,42000000-0000-0000-0000-000000000976,Cienega de Flores,MEASLES,Measles,SUSPECTED,1,2026-09-21 00:00:00,,ACTIVE,EFES_ABIERTO,2026-09-21
MUNICIPALITY,42000000-0000-0000-0000-000000000976,Cienega de Flores,RUBELLA,Rubella,SUSPECTED,1,2026-09-21 00:00:00,,ACTIVE,EFES_ABIERTO,2026-09-21
MUNICIPALITY,42000000-0000-0000-0000-000000000101,Cintalapa de Figueroa,MEASLES,Measles,SUSPECTED,15,2026-09-21 00:00:00,,ACTIVE,EFES_ABIERTO,2026-09-21
MUNICIPALITY,42000000-0000-0000-0000-000000000101,Cintalapa de Figueroa,RUBELLA,Rubella,SUSPECTED,15,2026-09-21 00:00:00,,ACTIVE,EFES_ABIERTO,2026-09-21
MUNICIPALITY,42000000-0000-0000-0000-000000002008,Ciudad Madero,COVID-19,COVID-19,CONFIRMED,5,2026-08-05 00:00:00,,ACTIVE,COVID19MEXICO,2026-09-28
MUNICIPALITY,42000000-0000-0000-0000-000000002008,Ciudad Madero,COVID-19,COVID-19,SUSPECTED,23,2026-08-02 00:00:00,,ACTIVE,COVID19MEXICO,2026-09-28
MUNICIPALITY,42000000-0000-0000-0000-000000002008,Ciudad Madero,INFLUENZA,Influenza,CONFIRMED,1,2026-09-20 00:00:00,,ACTIVE,COVID19MEXICO,2026-09-28
MUNICIPALITY,42000000-0000-0000-0000-000000002008,Ciudad Madero,INFLUENZA,Influenza,SUSPECTED,23,2026-08-02 00:00:00,,ACTIVE,COVID19MEXICO,2026-09-28
MUNICIPALITY,42000000-0000-0000-0000-000000001844,Ciudad Valles,COVID-19,COVID-19,CONFIRMED,2,2026-08-14 00:00:00,,ACTIVE,COVID19MEXICO,2026-09-28
MUNICIPALITY,42000000-0000-0000-0000-000000001844,Ciudad Valles,COVID-19,COVID-19,SUSPECTED,5,2026-08-30 00:00:00,,ACTIVE,COVID19MEXICO,2026-09-28
MUNICIPALITY,42000000-0000-0000-0000-000000001844,Ciudad Valles,INFLUENZA,Influenza,SUSPECTED,5,2026-08-30 00:00:00,,ACTIVE,COVID19MEXICO,2026-09-28
MUNICIPALITY,42000000-0000-0000-0000-000000000690,Coacalco de Berriozabal,COVID-19,COVID-19,CONFIRMED,1,2026-09-08 00:00:00,,ACTIVE,COVID19MEXICO,2026-09-28
MUNICIPALITY,42000000-0000-0000-0000-000000000690,Coacalco de Berriozabal,COVID-19,COVID-19,SUSPECTED,1,2026-09-18 00:00:00,,ACTIVE,COVID19MEXICO,2026-09-28
MUNICIPALITY,42000000-0000-0000-0000-000000000690,Coacalco de Berriozabal,INFLUENZA,Influenza,SUSPECTED,1,2026-09-18 00:00:00,,ACTIVE,COVID19MEXICO,2026-09-28
MUNICIPALITY,42000000-0000-0000-0000-000000000690,Coacalco de Berriozabal,MEASLES,Measles,SUSPECTED,4,2026-09-21 00:00:00,,ACTIVE,EFES_ABIERTO,2026-09-21
MUNICIPALITY,42000000-0000-0000-0000-000000000690,Coacalco de Berriozabal,RUBELLA,Rubella,SUSPECTED,4,2026-09-21 00:00:00,,ACTIVE,EFES_ABIERTO,2026-09-21
MUNICIPALITY,42000000-0000-0000-0000-000000000809,Coahuayana,COVID-19,COVID-19,SUSPECTED,1,2026-09-22 00:00:00,,ACTIVE,COVID19MEXICO,2026-09-28
MUNICIPALITY,42000000-0000-0000-0000-000000000809,Coahuayana,INFLUENZA,Influenza,SUSPECTED,1,2026-09-22 00:00:00,,ACTIVE,COVID19MEXICO,2026-09-28
MUNICIPALITY,42000000-0000-0000-0000-000000000102,Coapilla,MEASLES,Measles,SUSPECTED,1,2026-09-21 00:00:00,,ACTIVE,EFES_ABIERTO,2026-09-21
MUNICIPALITY,42000000-0000-0000-0000-000000000102,Coapilla,RUBELLA,Rubella,SUSPECTED,1,2026-09-21 00:00:00,,ACTIVE,EFES_ABIERTO,2026-09-21
MUNICIPALITY,42000000-0000-0000-0000-000000002140,Coatepec,MEASLES,Measles,SUSPECTED,1,2026-09-21 00:00:00,,ACTIVE,EFES_ABIERTO,2026-09-21
MUNICIPALITY,42000000-0000-0000-0000-000000002140,Coatepec,RUBELLA,Rubella,SUSPECTED,1,2026-09-21 00:00:00,,ACTIVE,EFES_ABIERTO,2026-09-21
MUNICIPALITY,42000000-0000-0000-0000-000000000691,Coatepec Harinas,COVID-19,COVID-19,SUSPECTED,4,2026-08-12 00:00:00,,ACTIVE,COVID19MEXICO,2026-09-28
MUNICIPALITY,42000000-0000-0000-0000-000000000691,Coatepec Harinas,INFLUENZA,Influenza,SUSPECTED,4,2026-08-12 00:00:00,,ACTIVE,COVID19MEXICO,2026-09-28
MUNICIPALITY,42000000-0000-0000-0000-000000002141,Coatzacoalcos,COVID-19,COVID-19,SUSPECTED,22,2026-08-02 00:00:00,,ACTIVE,COVID19MEXICO,2026-09-28
MUNICIPALITY,42000000-0000-0000-0000-000000002141,Coatzacoalcos,DENGUE,Dengue fever,SUSPECTED,1,2026-08-07 00:00:00,,ACTIVE,DENGUE_ABIERTO,2026-09-14
MUNICIPALITY,42000000-0000-0000-0000-000000002141,Coatzacoalcos,INFLUENZA,Influenza,CONFIRMED,2,2026-09-17 00:00:00,,ACTIVE,COVID19MEXICO,2026-09-28
MUNICIPALITY,42000000-0000-0000-0000-000000002141,Coatzacoalcos,INFLUENZA,Influenza,SUSPECTED,22,2026-08-02 00:00:00,,ACTIVE,COVID19MEXICO,2026-09-28
MUNICIPALITY,42000000-0000-0000-0000-000000002141,Coatzacoalcos,MEASLES,Measles,SUSPECTED,2,2026-09-21 00:00:00,,ACTIVE,EFES_ABIERTO,2026-09-21
MUNICIPALITY,42000000-0000-0000-0000-000000002141,Coatzacoalcos,RUBELLA,Rubella,SUSPECTED,2,2026-09-21 00:00:00,,ACTIVE,EFES_ABIERTO,2026-09-21
MUNICIPALITY,42000000-0000-0000-0000-000000001616,Coatzingo,COVID-19,COVID-19,SUSPECTED,1,2026-09-05 00:00:00,,ACTIVE,COVID19MEXICO,2026-09-28
MUNICIPALITY,42000000-0000-0000-0000-000000001616,Coatzingo,INFLUENZA,Influenza,SUSPECTED,1,2026-09-05 00:00:00,,ACTIVE,COVID19MEXICO,2026-09-28
MUNICIPALITY,42000000-0000-0000-0000-000000002142,Coatzintla,COVID-19,COVID-19,SUSPECTED,6,2026-08-05 00:00:00,,ACTIVE,COVID19MEXICO,2026-09-28
MUNICIPALITY,42000000-0000-0000-0000-000000002142,Coatzintla,INFLUENZA,Influenza,SUSPECTED,6,2026-08-05 00:00:00,,ACTIVE,COVID19MEXICO,2026-09-28
MUNICIPALITY,42000000-0000-0000-0000-000000000569,Cocula,COVID-19,COVID-19,SUSPECTED,2,2026-08-15 00:00:00,,ACTIVE,COVID19MEXICO,2026-09-28
MUNICIPALITY,42000000-0000-0000-0000-000000000569,Cocula,INFLUENZA,Influenza,SUSPECTED,2,2026-08-15 00:00:00,,ACTIVE,COVID19MEXICO,2026-09-28
MUNICIPALITY,42000000-0000-0000-0000-000000000076,Colima,COVID-19,COVID-19,CONFIRMED,1,2026-08-30 00:00:00,,ACTIVE,COVID19MEXICO,2026-09-28
MUNICIPALITY,42000000-0000-0000-0000-000000000076,Colima,COVID-19,COVID-19,SUSPECTED,26,2026-08-05 00:00:00,,ACTIVE,COVID19MEXICO,2026-09-28
MUNICIPALITY,42000000-0000-0000-0000-000000000076,Colima,INFLUENZA,Influenza,CONFIRMED,1,2026-08-03 00:00:00,,ACTIVE,COVID19MEXICO,2026-09-28
MUNICIPALITY,42000000-0000-0000-0000-000000000076,Colima,INFLUENZA,Influenza,SUSPECTED,26,2026-08-05 00:00:00,,ACTIVE,COVID19MEXICO,2026-09-28
MUNICIPALITY,42000000-0000-0000-0000-000000000076,Colima,MEASLES,Measles,SUSPECTED,4,2026-09-21 00:00:00,,ACTIVE,EFES_ABIERTO,2026-09-21
MUNICIPALITY,42000000-0000-0000-0000-000000000076,Colima,RUBELLA,Rubella,SUSPECTED,4,2026-09-21 00:00:00,,ACTIVE,EFES_ABIERTO,2026-09-21
MUNICIPALITY,42000000-0000-0000-0000-000000000570,Colotlan,COVID-19,COVID-19,SUSPECTED,36,2026-08-01 00:00:00,,ACTIVE,COVID19MEXICO,2026-09-28
MUNICIPALITY,42000000-0000-0000-0000-000000000570,Colotlan,INFLUENZA,Influenza,SUSPECTED,36,2026-08-01 00:00:00,,ACTIVE,COVID19MEXICO,2026-09-28
MUNICIPALITY,42000000-0000-0000-0000-000000000570,Colotlan,MEASLES,Measles,SUSPECTED,2,2026-09-21 00:00:00,,ACTIVE,EFES_ABIERTO,2026-09-21
MUNICIPALITY,42000000-0000-0000-0000-000000000570,Colotlan,RUBELLA,Rubella,SUSPECTED,2,2026-09-21 00:00:00,,ACTIVE,EFES_ABIERTO,2026-09-21
MUNICIPALITY,42000000-0000-0000-0000-000000000077,Comala,COVID-19,COVID-19,SUSPECTED,1,2026-08-23 00:00:00,,ACTIVE,COVID19MEXICO,2026-09-28
MUNICIPALITY,42000000-0000-0000-0000-000000000077,Comala,INFLUENZA,Influenza,SUSPECTED,1,2026-08-23 00:00:00,,ACTIVE,COVID19MEXICO,2026-09-28
MUNICIPALITY,42000000-0000-0000-0000-000000001987,Comalcalco,COVID-19,COVID-19,CONFIRMED,1,2026-09-18 00:00:00,,ACTIVE,COVID19MEXICO,2026-09-28
MUNICIPALITY,42000000-0000-0000-0000-000000001987,Comalcalco,COVID-19,COVID-19,SUSPECTED,2,2026-09-08 00:00:00,,ACTIVE,COVID19MEXICO,2026-09-28
MUNICIPALITY,42000000-0000-0000-0000-000000001987,Comalcalco,INFLUENZA,Influenza,SUSPECTED,2,2026-09-08 00:00:00,,ACTIVE,COVID19MEXICO,2026-09-28
MUNICIPALITY,42000000-0000-0000-0000-000000001987,Comalcalco,MEASLES,Measles,SUSPECTED,2,2026-09-21 00:00:00,,ACTIVE,EFES_ABIERTO,2026-09-21
MUNICIPALITY,42000000-0000-0000-0000-000000001987,Comalcalco,RUBELLA,Rubella,SUSPECTED,2,2026-09-21 00:00:00,,ACTIVE,EFES_ABIERTO,2026-09-21
MUNICIPALITY,42000000-0000-0000-0000-000000000103,Comitan de Dominguez,COVID-19,COVID-19,SUSPECTED,19,2026-08-23 00:00:00,,ACTIVE,COVID19MEXICO,2026-09-28
MUNICIPALITY,42000000-0000-0000-0000-000000000103,Comitan de Dominguez,INFLUENZA,Influenza,CONFIRMED,1,2026-08-14 00:00:00,,ACTIVE,COVID19MEXICO,2026-09-28
MUNICIPALITY,42000000-0000-0000-0000-000000000103,Comitan de Dominguez,INFLUENZA,Influenza,SUSPECTED,19,2026-08-23 00:00:00,,ACTIVE,COVID19MEXICO,2026-09-28
MUNICIPALITY,42000000-0000-0000-0000-000000000103,Comitan de Dominguez,MEASLES,Measles,CONFIRMED,1,2026-08-20 00:00:00,,ACTIVE,EFES_ABIERTO,2026-09-21
MUNICIPALITY,42000000-0000-0000-0000-000000000103,Comitan de Dominguez,MEASLES,Measles,SUSPECTED,4,2026-09-21 00:00:00,,ACTIVE,EFES_ABIERTO,2026-09-21
MUNICIPALITY,42000000-0000-0000-0000-000000000103,Comitan de Dominguez,RUBELLA,Rubella,SUSPECTED,4,2026-09-21 00:00:00,,ACTIVE,EFES_ABIERTO,2026-09-21
MUNICIPALITY,42000000-0000-0000-0000-000000000019,Comondu,COVID-19,COVID-19,CONFIRMED,3,2026-08-04 00:00:00,,ACTIVE,COVID19MEXICO,2026-09-28
MUNICIPALITY,42000000-0000-0000-0000-000000000019,Comondu,COVID-19,COVID-19,SUSPECTED,7,2026-08-06 00:00:00,,ACTIVE,COVID19MEXICO,2026-09-28
MUNICIPALITY,42000000-0000-0000-0000-000000000019,Comondu,INFLUENZA,Influenza,SUSPECTED,7,2026-08-06 00:00:00,,ACTIVE,COVID19MEXICO,2026-09-28
MUNICIPALITY,42000000-0000-0000-0000-000000000339,Comonfort,COVID-19,COVID-19,SUSPECTED,1,2026-09-12 00:00:00,,ACTIVE,COVID19MEXICO,2026-09-28
MUNICIPALITY,42000000-0000-0000-0000-000000000339,Comonfort,INFLUENZA,Influenza,SUSPECTED,1,2026-09-12 00:00:00,,ACTIVE,COVID19MEXICO,2026-09-28
MUNICIPALITY,42000000-0000-0000-0000-000000000339,Comonfort,MEASLES,Measles,SUSPECTED,4,2026-09-21 00:00:00,,ACTIVE,EFES_ABIERTO,2026-09-21
MUNICIPALITY,42000000-0000-0000-0000-000000000339,Comonfort,RUBELLA,Rubella,SUSPECTED,4,2026-09-21 00:00:00,,ACTIVE,EFES_ABIERTO,2026-09-21
MUNICIPALITY,42000000-0000-0000-0000-000000000948,Compostela,COVID-19,COVID-19,CONFIRMED,1,2026-09-20 00:00:00,,ACTIVE,COVID19MEXICO,2026-09-28
MUNICIPALITY,42000000-0000-0000-0000-000000000948,Compostela,INFLUENZA,Influenza,CONFIRMED,2,2026-09-08 00:00:00,,ACTIVE,COVID19MEXICO,2026-09-28
MUNICIPALITY,42000000-0000-0000-0000-000000000948,Compostela,MEASLES,Measles,CONFIRMED,1,2026-08-05 00:00:00,,ACTIVE,EFES_ABIERTO,2026-09-21
MUNICIPALITY,42000000-0000-0000-0000-000000000948,Compostela,MEASLES,Measles,SUSPECTED,1,2026-09-21 00:00:00,,ACTIVE,EFES_ABIERTO,2026-09-21
MUNICIPALITY,42000000-0000-0000-0000-000000000948,Compostela,RUBELLA,Rubella,SUSPECTED,1,2026-09-21 00:00:00,,ACTIVE,EFES_ABIERTO,2026-09-21
MUNICIPALITY,42000000-0000-0000-0000-000000002060,Contla de Juan Cuamatzi,COVID-19,COVID-19,CONFIRMED,3,2026-08-06 00:00:00,,ACTIVE,COVID19MEXICO,2026-09-28
MUNICIPALITY,42000000-0000-0000-0000-000000002060,Contla de Juan Cuamatzi,COVID-19,COVID-19,SUSPECTED,5,2026-08-09 00:00:00,,ACTIVE,COVID19MEXICO,2026-09-28
MUNICIPALITY,42000000-0000-0000-0000-000000002060,Contla de Juan Cuamatzi,INFLUENZA,Influenza,CONFIRMED,1,2026-08-05 00:00:00,,ACTIVE,COVID19MEXICO,2026-09-28
MUNICIPALITY,42000000-0000-0000-0000-000000002060,Contla de Juan Cuamatzi,INFLUENZA,Influenza,SUSPECTED,5,2026-08-09 00:00:00,,ACTIVE,COVID19MEXICO,2026-09-28
MUNICIPALITY,42000000-0000-0000-0000-000000000105,Copainala,MEASLES,Measles,SUSPECTED,1,2026-09-21 00:00:00,,ACTIVE,EFES_ABIERTO,2026-09-21
MUNICIPALITY,42000000-0000-0000-0000-000000000105,Copainala,RUBELLA,Rubella,SUSPECTED,1,2026-09-21 00:00:00,,ACTIVE,EFES_ABIERTO,2026-09-21
MUNICIPALITY,42000000-0000-0000-0000-000000000394,Copala,COVID-19,COVID-19,SUSPECTED,1,2026-09-18 00:00:00,,ACTIVE,COVID19MEXICO,2026-09-28
MUNICIPALITY,42000000-0000-0000-0000-000000000394,Copala,INFLUENZA,Influenza,SUSPECTED,1,2026-09-18 00:00:00,,ACTIVE,COVID19MEXICO,2026-09-28
MUNICIPALITY,42000000-0000-0000-0000-000000000396,Copanatoyac,COVID-19,COVID-19,SUSPECTED,1,2026-08-24 00:00:00,,ACTIVE,COVID19MEXICO,2026-09-28
MUNICIPALITY,42000000-0000-0000-0000-000000000396,Copanatoyac,INFLUENZA,Influenza,SUSPECTED,1,2026-08-24 00:00:00,,ACTIVE,COVID19MEXICO,2026-09-28
MUNICIPALITY,42000000-0000-0000-0000-000000000078,Coquimatlan,COVID-19,COVID-19,SUSPECTED,2,2026-08-23 00:00:00,,ACTIVE,COVID19MEXICO,2026-09-28
MUNICIPALITY,42000000-0000-0000-0000-000000000078,Coquimatlan,INFLUENZA,Influenza,CONFIRMED,1,2026-09-09 00:00:00,,ACTIVE,COVID19MEXICO,2026-09-28
MUNICIPALITY,42000000-0000-0000-0000-000000000078,Coquimatlan,INFLUENZA,Influenza,SUSPECTED,2,2026-08-23 00:00:00,,ACTIVE,COVID19MEXICO,2026-09-28
MUNICIPALITY,42000000-0000-0000-0000-000000002146,Cordoba,COVID-19,COVID-19,CONFIRMED,1,2026-08-24 00:00:00,,ACTIVE,COVID19MEXICO,2026-09-28
MUNICIPALITY,42000000-0000-0000-0000-000000002146,Cordoba,COVID-19,COVID-19,SUSPECTED,25,2026-08-07 00:00:00,,ACTIVE,COVID19MEXICO,2026-09-28
MUNICIPALITY,42000000-0000-0000-0000-000000002146,Cordoba,INFLUENZA,Influenza,CONFIRMED,1,2026-08-29 00:00:00,,ACTIVE,COVID19MEXICO,2026-09-28
MUNICIPALITY,42000000-0000-0000-0000-000000002146,Cordoba,INFLUENZA,Influenza,SUSPECTED,25,2026-08-07 00:00:00,,ACTIVE,COVID19MEXICO,2026-09-28
MUNICIPALITY,42000000-0000-0000-0000-000000002146,Cordoba,MEASLES,Measles,SUSPECTED,4,2026-09-21 00:00:00,,ACTIVE,EFES_ABIERTO,2026-09-21
MUNICIPALITY,42000000-0000-0000-0000-000000002146,Cordoba,RUBELLA,Rubella,SUSPECTED,4,2026-09-21 00:00:00,,ACTIVE,EFES_ABIERTO,2026-09-21
MUNICIPALITY,42000000-0000-0000-0000-000000001619,Coronango,COVID-19,COVID-19,SUSPECTED,4,2026-08-19 00:00:00,,ACTIVE,COVID19MEXICO,2026-09-28
MUNICIPALITY,42000000-0000-0000-0000-000000001619,Coronango,INFLUENZA,Influenza,SUSPECTED,4,2026-08-19 00:00:00,,ACTIVE,COVID19MEXICO,2026-09-28
MUNICIPALITY,42000000-0000-0000-0000-000000001808,Corregidora,COVID-19,COVID-19,CONFIRMED,1,2026-08-07 00:00:00,,ACTIVE,COVID19MEXICO,2026-09-28
MUNICIPALITY,42000000-0000-0000-0000-000000001808,Corregidora,COVID-19,COVID-19,SUSPECTED,7,2026-08-11 00:00:00,,ACTIVE,COVID19MEXICO,2026-09-28
MUNICIPALITY,42000000-0000-0000-0000-000000001808,Corregidora,INFLUENZA,Influenza,SUSPECTED,7,2026-08-11 00:00:00,,ACTIVE,COVID19MEXICO,2026-09-28
MUNICIPALITY,42000000-0000-0000-0000-000000001808,Corregidora,MEASLES,Measles,SUSPECTED,1,2026-09-21 00:00:00,,ACTIVE,EFES_ABIERTO,2026-09-21
MUNICIPALITY,42000000-0000-0000-0000-000000001808,Corregidora,RUBELLA,Rubella,SUSPECTED,1,2026-09-21 00:00:00,,ACTIVE,EFES_ABIERTO,2026-09-21
MUNICIPALITY,42000000-0000-0000-0000-000000000341,Cortazar,COVID-19,COVID-19,SUSPECTED,3,2026-08-29 00:00:00,,ACTIVE,COVID19MEXICO,2026-09-28
MUNICIPALITY,42000000-0000-0000-0000-000000000341,Cortazar,INFLUENZA,Influenza,SUSPECTED,3,2026-08-29 00:00:00,,ACTIVE,COVID19MEXICO,2026-09-28
MUNICIPALITY,42000000-0000-0000-0000-000000000341,Cortazar,MEASLES,Measles,SUSPECTED,1,2026-09-21 00:00:00,,ACTIVE,EFES_ABIERTO,2026-09-21
MUNICIPALITY,42000000-0000-0000-0000-000000000341,Cortazar,RUBELLA,Rubella,SUSPECTED,1,2026-09-21 00:00:00,,ACTIVE,EFES_ABIERTO,2026-09-21
MUNICIPALITY,42000000-0000-0000-0000-000000002147,Cosamaloapan de Carpio,COVID-19,COVID-19,SUSPECTED,4,2026-08-27 00:00:00,,ACTIVE,COVID19MEXICO,2026-09-28
MUNICIPALITY,42000000-0000-0000-0000-000000002147,Cosamaloapan de Carpio,INFLUENZA,Influenza,SUSPECTED,4,2026-08-27 00:00:00,,ACTIVE,COVID19MEXICO,2026-09-28
MUNICIPALITY,42000000-0000-0000-0000-000000002149,Coscomatepec,COVID-19,COVID-19,CONFIRMED,1,2026-09-13 00:00:00,,ACTIVE,COVID19MEXICO,2026-09-28
MUNICIPALITY,42000000-0000-0000-0000-000000002149,Coscomatepec,COVID-19,COVID-19,SUSPECTED,6,2026-08-10 00:00:00,,ACTIVE,COVID19MEXICO,2026-09-28
MUNICIPALITY,42000000-0000-0000-0000-000000002149,Coscomatepec,INFLUENZA,Influenza,SUSPECTED,6,2026-08-10 00:00:00,,ACTIVE,COVID19MEXICO,2026-09-28
MUNICIPALITY,42000000-0000-0000-0000-000000000004,Cosio,COVID-19,COVID-19,SUSPECTED,2,2026-08-10 00:00:00,,ACTIVE,COVID19MEXICO,2026-09-28
MUNICIPALITY,42000000-0000-0000-0000-000000000004,Cosio,INFLUENZA,Influenza,SUSPECTED,2,2026-08-10 00:00:00,,ACTIVE,COVID19MEXICO,2026-09-28
MUNICIPALITY,42000000-0000-0000-0000-000000002150,Cosoleacaque,COVID-19,COVID-19,SUSPECTED,1,2026-08-30 00:00:00,,ACTIVE,COVID19MEXICO,2026-09-28
MUNICIPALITY,42000000-0000-0000-0000-000000002150,Cosoleacaque,INFLUENZA,Influenza,SUSPECTED,1,2026-08-30 00:00:00,,ACTIVE,COVID19MEXICO,2026-09-28
MUNICIPALITY,42000000-0000-0000-0000-000000001620,Coxcatlan,COVID-19,COVID-19,CONFIRMED,1,2026-09-20 00:00:00,,ACTIVE,COVID19MEXICO,2026-09-28
MUNICIPALITY,42000000-0000-0000-0000-000000001620,Coxcatlan,COVID-19,COVID-19,SUSPECTED,1,2026-09-18 00:00:00,,ACTIVE,COVID19MEXICO,2026-09-28
MUNICIPALITY,42000000-0000-0000-0000-000000001620,Coxcatlan,INFLUENZA,Influenza,SUSPECTED,1,2026-09-18 00:00:00,,ACTIVE,COVID19MEXICO,2026-09-28
MUNICIPALITY,42000000-0000-0000-0000-000000002152,Coxquihui,COVID-19,COVID-19,SUSPECTED,1,2026-08-21 00:00:00,,ACTIVE,COVID19MEXICO,2026-09-28
MUNICIPALITY,42000000-0000-0000-0000-000000002152,Coxquihui,INFLUENZA,Influenza,SUSPECTED,1,2026-08-21 00:00:00,,ACTIVE,COVID19MEXICO,2026-09-28
MUNICIPALITY,42000000-0000-0000-0000-000000000277,Coyoacan,COVID-19,COVID-19,CONFIRMED,27,2026-08-02 00:00:00,,ACTIVE,COVID19MEXICO,2026-09-28
MUNICIPALITY,42000000-0000-0000-0000-000000000277,Coyoacan,COVID-19,COVID-19,SUSPECTED,66,2026-08-01 00:00:00,,ACTIVE,COVID19MEXICO,2026-09-28
MUNICIPALITY,42000000-0000-0000-0000-000000000277,Coyoacan,INFLUENZA,Influenza,CONFIRMED,7,2026-08-14 00:00:00,,ACTIVE,COVID19MEXICO,2026-09-28
MUNICIPALITY,42000000-0000-0000-0000-000000000277,Coyoacan,INFLUENZA,Influenza,SUSPECTED,66,2026-08-01 00:00:00,,ACTIVE,COVID19MEXICO,2026-09-28
MUNICIPALITY,42000000-0000-0000-0000-000000000277,Coyoacan,MEASLES,Measles,CONFIRMED,1,2026-08-21 00:00:00,,ACTIVE,EFES_ABIERTO,2026-09-21
MUNICIPALITY,42000000-0000-0000-0000-000000000277,Coyoacan,MEASLES,Measles,SUSPECTED,4,2026-09-21 00:00:00,,ACTIVE,EFES_ABIERTO,2026-09-21
MUNICIPALITY,42000000-0000-0000-0000-000000000277,Coyoacan,RUBELLA,Rubella,SUSPECTED,4,2026-09-21 00:00:00,,ACTIVE,EFES_ABIERTO,2026-09-21
MUNICIPALITY,42000000-0000-0000-0000-000000000693,Coyotepec,COVID-19,COVID-19,SUSPECTED,2,2026-08-21 00:00:00,,ACTIVE,COVID19MEXICO,2026-09-28
MUNICIPALITY,42000000-0000-0000-0000-000000000693,Coyotepec,INFLUENZA,Influenza,SUSPECTED,2,2026-08-21 00:00:00,,ACTIVE,COVID19MEXICO,2026-09-28
MUNICIPALITY,42000000-0000-0000-0000-000000000693,Coyotepec,MEASLES,Measles,SUSPECTED,1,2026-09-21 00:00:00,,ACTIVE,EFES_ABIERTO,2026-09-21
MUNICIPALITY,42000000-0000-0000-0000-000000000693,Coyotepec,RUBELLA,Rubella,SUSPECTED,1,2026-09-21 00:00:00,,ACTIVE,EFES_ABIERTO,2026-09-21
MUNICIPALITY,42000000-0000-0000-0000-000000000397,Coyuca de Benitez,COVID-19,COVID-19,CONFIRMED,1,2026-09-09 00:00:00,,ACTIVE,COVID19MEXICO,2026-09-28
MUNICIPALITY,42000000-0000-0000-0000-000000000397,Coyuca de Benitez,COVID-19,COVID-19,SUSPECTED,1,2026-08-10 00:00:00,,ACTIVE,COVID19MEXICO,2026-09-28
MUNICIPALITY,42000000-0000-0000-0000-000000000397,Coyuca de Benitez,INFLUENZA,Influenza,SUSPECTED,1,2026-08-10 00:00:00,,ACTIVE,COVID19MEXICO,2026-09-28
MUNICIPALITY,42000000-0000-0000-0000-000000000397,Coyuca de Benitez,MEASLES,Measles,SUSPECTED,1,2026-09-21 00:00:00,,ACTIVE,EFES_ABIERTO,2026-09-21
MUNICIPALITY,42000000-0000-0000-0000-000000000397,Coyuca de Benitez,RUBELLA,Rubella,SUSPECTED,1,2026-09-21 00:00:00,,ACTIVE,EFES_ABIERTO,2026-09-21
MUNICIPALITY,42000000-0000-0000-0000-000000000398,Coyuca de Catalan,MEASLES,Measles,SUSPECTED,1,2026-09-21 00:00:00,,ACTIVE,EFES_ABIERTO,2026-09-21
MUNICIPALITY,42000000-0000-0000-0000-000000000398,Coyuca de Catalan,RUBELLA,Rubella,SUSPECTED,1,2026-09-21 00:00:00,,ACTIVE,EFES_ABIERTO,2026-09-21
MUNICIPALITY,42000000-0000-0000-0000-000000001821,Cozumel,COVID-19,COVID-19,SUSPECTED,3,2026-09-01 00:00:00,,ACTIVE,COVID19MEXICO,2026-09-28
MUNICIPALITY,42000000-0000-0000-0000-000000001821,Cozumel,INFLUENZA,Influenza,SUSPECTED,3,2026-09-01 00:00:00,,ACTIVE,COVID19MEXICO,2026-09-28
MUNICIPALITY,42000000-0000-0000-0000-000000001821,Cozumel,MEASLES,Measles,CONFIRMED,1,2026-08-10 00:00:00,,ACTIVE,EFES_ABIERTO,2026-09-21
MUNICIPALITY,42000000-0000-0000-0000-000000000278,Cuajimalpa de Morelos,COVID-19,COVID-19,CONFIRMED,1,2026-08-06 00:00:00,,ACTIVE,COVID19MEXICO,2026-09-28
MUNICIPALITY,42000000-0000-0000-0000-000000000278,Cuajimalpa de Morelos,COVID-19,COVID-19,SUSPECTED,20,2026-08-01 00:00:00,,ACTIVE,COVID19MEXICO,2026-09-28
MUNICIPALITY,42000000-0000-0000-0000-000000000278,Cuajimalpa de Morelos,INFLUENZA,Influenza,SUSPECTED,20,2026-08-01 00:00:00,,ACTIVE,COVID19MEXICO,2026-09-28
MUNICIPALITY,42000000-0000-0000-0000-000000000278,Cuajimalpa de Morelos,MEASLES,Measles,SUSPECTED,1,2026-09-21 00:00:00,,ACTIVE,EFES_ABIERTO,2026-09-21
MUNICIPALITY,42000000-0000-0000-0000-000000000278,Cuajimalpa de Morelos,RUBELLA,Rubella,SUSPECTED,1,2026-09-21 00:00:00,,ACTIVE,EFES_ABIERTO,2026-09-21
MUNICIPALITY,42000000-0000-0000-0000-000000000399,Cuajinicuilapa,COVID-19,COVID-19,SUSPECTED,1,2026-09-01 00:00:00,,ACTIVE,COVID19MEXICO,2026-09-28
MUNICIPALITY,42000000-0000-0000-0000-000000000399,Cuajinicuilapa,INFLUENZA,Influenza,SUSPECTED,1,2026-09-01 00:00:00,,ACTIVE,COVID19MEXICO,2026-09-28
MUNICIPALITY,42000000-0000-0000-0000-000000002050,Cuapiaxtla,COVID-19,COVID-19,SUSPECTED,1,2026-09-14 00:00:00,,ACTIVE,COVID19MEXICO,2026-09-28
MUNICIPALITY,42000000-0000-0000-0000-000000002050,Cuapiaxtla,INFLUENZA,Influenza,SUSPECTED,1,2026-09-14 00:00:00,,ACTIVE,COVID19MEXICO,2026-09-28
MUNICIPALITY,42000000-0000-0000-0000-000000000289,Cuauhtemoc,COVID-19,COVID-19,CONFIRMED,7,2026-08-03 00:00:00,,ACTIVE,COVID19MEXICO,2026-09-28
MUNICIPALITY,42000000-0000-0000-0000-000000000079,Cuauhtemoc,COVID-19,COVID-19,SUSPECTED,2,2026-09-05 00:00:00,,ACTIVE,COVID19MEXICO,2026-09-28
MUNICIPALITY,42000000-0000-0000-0000-000000000289,Cuauhtemoc,COVID-19,COVID-19,SUSPECTED,27,2026-08-03 00:00:00,,ACTIVE,COVID19MEXICO,2026-09-28
MUNICIPALITY,42000000-0000-0000-0000-000000000289,Cuauhtemoc,INFLUENZA,Influenza,CONFIRMED,3,2026-08-28 00:00:00,,ACTIVE,COVID19MEXICO,2026-09-28
MUNICIPALITY,42000000-0000-0000-0000-000000000079,Cuauhtemoc,INFLUENZA,Influenza,SUSPECTED,2,2026-09-05 00:00:00,,ACTIVE,COVID19MEXICO,2026-09-28
MUNICIPALITY,42000000-0000-0000-0000-000000000289,Cuauhtemoc,INFLUENZA,Influenza,SUSPECTED,27,2026-08-03 00:00:00,,ACTIVE,COVID19MEXICO,2026-09-28
MUNICIPALITY,42000000-0000-0000-0000-000000000225,Cuauhtemoc,MEASLES,Measles,SUSPECTED,3,2026-09-21 00:00:00,,ACTIVE,EFES_ABIERTO,2026-09-21
MUNICIPALITY,42000000-0000-0000-0000-000000000289,Cuauhtemoc,MEASLES,Measles,SUSPECTED,3,2026-09-21 00:00:00,,ACTIVE,EFES_ABIERTO,2026-09-21
MUNICIPALITY,42000000-0000-0000-0000-000000000225,Cuauhtemoc,RUBELLA,Rubella,SUSPECTED,3,2026-09-21 00:00:00,,ACTIVE,EFES_ABIERTO,2026-09-21
MUNICIPALITY,42000000-0000-0000-0000-000000000289,Cuauhtemoc,RUBELLA,Rubella,SUSPECTED,3,2026-09-21 00:00:00,,ACTIVE,EFES_ABIERTO,2026-09-21
MUNICIPALITY,42000000-0000-0000-0000-000000000477,Cuautepec de Hinojosa,COVID-19,COVID-19,SUSPECTED,2,2026-09-23 00:00:00,,ACTIVE,COVID19MEXICO,2026-09-28
MUNICIPALITY,42000000-0000-0000-0000-000000000477,Cuautepec de Hinojosa,INFLUENZA,Influenza,SUSPECTED,2,2026-09-23 00:00:00,,ACTIVE,COVID19MEXICO,2026-09-28
MUNICIPALITY,42000000-0000-0000-0000-000000001625,Cuautinchan,COVID-19,COVID-19,CONFIRMED,1,2026-09-22 00:00:00,,ACTIVE,COVID19MEXICO,2026-09-28
MUNICIPALITY,42000000-0000-0000-0000-000000000694,Cuautitlan,COVID-19,COVID-19,SUSPECTED,17,2026-08-01 00:00:00,,ACTIVE,COVID19MEXICO,2026-09-28
MUNICIPALITY,42000000-0000-0000-0000-000000000694,Cuautitlan,INFLUENZA,Influenza,SUSPECTED,17,2026-08-01 00:00:00,,ACTIVE,COVID19MEXICO,2026-09-28
MUNICIPALITY,42000000-0000-0000-0000-000000000694,Cuautitlan,MEASLES,Measles,SUSPECTED,6,2026-09-21 00:00:00,,ACTIVE,EFES_ABIERTO,2026-09-21
MUNICIPALITY,42000000-0000-0000-0000-000000000694,Cuautitlan,RUBELLA,Rubella,SUSPECTED,6,2026-09-21 00:00:00,,ACTIVE,EFES_ABIERTO,2026-09-21
MUNICIPALITY,42000000-0000-0000-0000-000000000791,Cuautitlan Izcalli,COVID-19,COVID-19,CONFIRMED,3,2026-08-15 00:00:00,,ACTIVE,COVID19MEXICO,2026-09-28
MUNICIPALITY,42000000-0000-0000-0000-000000000791,Cuautitlan Izcalli,COVID-19,COVID-19,SUSPECTED,6,2026-09-02 00:00:00,,ACTIVE,COVID19MEXICO,2026-09-28
MUNICIPALITY,42000000-0000-0000-0000-000000000791,Cuautitlan Izcalli,INFLUENZA,Influenza,SUSPECTED,6,2026-09-02 00:00:00,,ACTIVE,COVID19MEXICO,2026-09-28
MUNICIPALITY,42000000-0000-0000-0000-000000000791,Cuautitlan Izcalli,MEASLES,Measles,SUSPECTED,12,2026-09-21 00:00:00,,ACTIVE,EFES_ABIERTO,2026-09-21
MUNICIPALITY,42000000-0000-0000-0000-000000000791,Cuautitlan Izcalli,RUBELLA,Rubella,SUSPECTED,12,2026-09-21 00:00:00,,ACTIVE,EFES_ABIERTO,2026-09-21
MUNICIPALITY,42000000-0000-0000-0000-000000000914,Cuautla,COVID-19,COVID-19,CONFIRMED,2,2026-08-04 00:00:00,,ACTIVE,COVID19MEXICO,2026-09-28
MUNICIPALITY,42000000-0000-0000-0000-000000000914,Cuautla,COVID-19,COVID-19,SUSPECTED,19,2026-08-02 00:00:00,,ACTIVE,COVID19MEXICO,2026-09-28
MUNICIPALITY,42000000-0000-0000-0000-000000000914,Cuautla,INFLUENZA,Influenza,CONFIRMED,1,2026-09-23 00:00:00,,ACTIVE,COVID19MEXICO,2026-09-28
MUNICIPALITY,42000000-0000-0000-0000-000000000914,Cuautla,INFLUENZA,Influenza,SUSPECTED,19,2026-08-02 00:00:00,,ACTIVE,COVID19MEXICO,2026-09-28
MUNICIPALITY,42000000-0000-0000-0000-000000001626,Cuautlancingo,COVID-19,COVID-19,CONFIRMED,3,2026-08-16 00:00:00,,ACTIVE,COVID19MEXICO,2026-09-28
MUNICIPALITY,42000000-0000-0000-0000-000000001626,Cuautlancingo,COVID-19,COVID-19,SUSPECTED,7,2026-08-08 00:00:00,,ACTIVE,COVID19MEXICO,2026-09-28
MUNICIPALITY,42000000-0000-0000-0000-000000001626,Cuautlancingo,INFLUENZA,Influenza,SUSPECTED,7,2026-08-08 00:00:00,,ACTIVE,COVID19MEXICO,2026-09-28
MUNICIPALITY,42000000-0000-0000-0000-000000000295,Cuencame,COVID-19,COVID-19,SUSPECTED,1,2026-08-22 00:00:00,,ACTIVE,COVID19MEXICO,2026-09-28
MUNICIPALITY,42000000-0000-0000-0000-000000000295,Cuencame,INFLUENZA,Influenza,SUSPECTED,1,2026-08-22 00:00:00,,ACTIVE,COVID19MEXICO,2026-09-28
MUNICIPALITY,42000000-0000-0000-0000-000000000915,Cuernavaca,COVID-19,COVID-19,CONFIRMED,7,2026-08-09 00:00:00,,ACTIVE,COVID19MEXICO,2026-09-28
MUNICIPALITY,42000000-0000-0000-0000-000000000915,Cuernavaca,COVID-19,COVID-19,SUSPECTED,10,2026-08-01 00:00:00,,ACTIVE,COVID19MEXICO,2026-09-28
MUNICIPALITY,42000000-0000-0000-0000-000000000915,Cuernavaca,INFLUENZA,Influenza,CONFIRMED,3,2026-08-24 00:00:00,,ACTIVE,COVID19MEXICO,2026-09-28
MUNICIPALITY,42000000-0000-0000-0000-000000000915,Cuernavaca,INFLUENZA,Influenza,SUSPECTED,10,2026-08-01 00:00:00,,ACTIVE,COVID19MEXICO,2026-09-28
MUNICIPALITY,42000000-0000-0000-0000-000000000915,Cuernavaca,MEASLES,Measles,SUSPECTED,9,2026-09-21 00:00:00,,ACTIVE,EFES_ABIERTO,2026-09-21
MUNICIPALITY,42000000-0000-0000-0000-000000000915,Cuernavaca,RUBELLA,Rubella,SUSPECTED,9,2026-09-21 00:00:00,,ACTIVE,EFES_ABIERTO,2026-09-21
MUNICIPALITY,42000000-0000-0000-0000-000000001628,Cuetzalan del Progreso,COVID-19,COVID-19,SUSPECTED,17,2026-08-01 00:00:00,,ACTIVE,COVID19MEXICO,2026-09-28
MUNICIPALITY,42000000-0000-0000-0000-000000001628,Cuetzalan del Progreso,INFLUENZA,Influenza,CONFIRMED,2,2026-09-11 00:00:00,,ACTIVE,COVID19MEXICO,2026-09-28
MUNICIPALITY,42000000-0000-0000-0000-000000001628,Cuetzalan del Progreso,INFLUENZA,Influenza,SUSPECTED,17,2026-08-01 00:00:00,,ACTIVE,COVID19MEXICO,2026-09-28
MUNICIPALITY,42000000-0000-0000-0000-000000002154,Cuichapa,COVID-19,COVID-19,CONFIRMED,1,2026-08-10 00:00:00,,ACTIVE,COVID19MEXICO,2026-09-28
MUNICIPALITY,42000000-0000-0000-0000-000000002154,Cuichapa,MEASLES,Measles,SUSPECTED,1,2026-09-21 00:00:00,,ACTIVE,EFES_ABIERTO,2026-09-21
MUNICIPALITY,42000000-0000-0000-0000-000000002154,Cuichapa,RUBELLA,Rubella,SUSPECTED,1,2026-09-21 00:00:00,,ACTIVE,EFES_ABIERTO,2026-09-21
MUNICIPALITY,42000000-0000-0000-0000-000000001038,Cuilapam de Guerrero,COVID-19,COVID-19,SUSPECTED,1,2026-08-17 00:00:00,,ACTIVE,COVID19MEXICO,2026-09-28
MUNICIPALITY,42000000-0000-0000-0000-000000001038,Cuilapam de Guerrero,INFLUENZA,Influenza,SUSPECTED,1,2026-08-17 00:00:00,,ACTIVE,COVID19MEXICO,2026-09-28
MUNICIPALITY,42000000-0000-0000-0000-000000000815,Cuitzeo,COVID-19,COVID-19,CONFIRMED,2,2026-08-07 00:00:00,,ACTIVE,COVID19MEXICO,2026-09-28
MUNICIPALITY,42000000-0000-0000-0000-000000000815,Cuitzeo,DENGUE,Dengue fever,CONFIRMED,1,2026-08-02 00:00:00,,ACTIVE,DENGUE_ABIERTO,2026-09-14
MUNICIPALITY,42000000-0000-0000-0000-000000001896,Culiacan,COVID-19,COVID-19,CONFIRMED,24,2026-08-09 00:00:00,,ACTIVE,COVID19MEXICO,2026-09-28
MUNICIPALITY,42000000-0000-0000-0000-000000001896,Culiacan,COVID-19,COVID-19,SUSPECTED,59,2026-08-07 00:00:00,,ACTIVE,COVID19MEXICO,2026-09-28
MUNICIPALITY,42000000-0000-0000-0000-000000001896,Culiacan,DENGUE,Dengue fever,SUSPECTED,4,2026-08-12 00:00:00,,ACTIVE,DENGUE_ABIERTO,2026-09-14
MUNICIPALITY,42000000-0000-0000-0000-000000001896,Culiacan,INFLUENZA,Influenza,CONFIRMED,13,2026-08-09 00:00:00,,ACTIVE,COVID19MEXICO,2026-09-28
MUNICIPALITY,42000000-0000-0000-0000-000000001896,Culiacan,INFLUENZA,Influenza,SUSPECTED,59,2026-08-07 00:00:00,,ACTIVE,COVID19MEXICO,2026-09-28
MUNICIPALITY,42000000-0000-0000-0000-000000001896,Culiacan,MEASLES,Measles,SUSPECTED,3,2026-09-21 00:00:00,,ACTIVE,EFES_ABIERTO,2026-09-21
MUNICIPALITY,42000000-0000-0000-0000-000000001896,Culiacan,RUBELLA,Rubella,SUSPECTED,3,2026-09-21 00:00:00,,ACTIVE,EFES_ABIERTO,2026-09-21
MUNICIPALITY,42000000-0000-0000-0000-000000000226,Cusihuiriachi,COVID-19,COVID-19,SUSPECTED,1,2026-09-22 00:00:00,,ACTIVE,COVID19MEXICO,2026-09-28
MUNICIPALITY,42000000-0000-0000-0000-000000000226,Cusihuiriachi,INFLUENZA,Influenza,SUSPECTED,1,2026-09-22 00:00:00,,ACTIVE,COVID19MEXICO,2026-09-28
MUNICIPALITY,42000000-0000-0000-0000-000000001039,Cuyamecalco Villa de Zaragoza,COVID-19,COVID-19,SUSPECTED,1,2026-09-25 00:00:00,,ACTIVE,COVID19MEXICO,2026-09-28
MUNICIPALITY,42000000-0000-0000-0000-000000001039,Cuyamecalco Villa de Zaragoza,INFLUENZA,Influenza,SUSPECTED,1,2026-09-25 00:00:00,,ACTIVE,COVID19MEXICO,2026-09-28
MUNICIPALITY,42000000-0000-0000-0000-000000002329,Cuzama,COVID-19,COVID-19,CONFIRMED,1,2026-09-10 00:00:00,,ACTIVE,COVID19MEXICO,2026-09-28
MUNICIPALITY,42000000-0000-0000-0000-000000000578,Degollado,MEASLES,Measles,SUSPECTED,1,2026-09-21 00:00:00,,ACTIVE,EFES_ABIERTO,2026-09-21
MUNICIPALITY,42000000-0000-0000-0000-000000000578,Degollado,RUBELLA,Rubella,SUSPECTED,1,2026-09-21 00:00:00,,ACTIVE,EFES_ABIERTO,2026-09-21
MUNICIPALITY,42000000-0000-0000-0000-000000000229,Delicias,COVID-19,COVID-19,SUSPECTED,10,2026-08-06 00:00:00,,ACTIVE,COVID19MEXICO,2026-09-28
MUNICIPALITY,42000000-0000-0000-0000-000000000229,Delicias,INFLUENZA,Influenza,SUSPECTED,10,2026-08-06 00:00:00,,ACTIVE,COVID19MEXICO,2026-09-28
MUNICIPALITY,42000000-0000-0000-0000-000000000978,Doctor Arroyo,COVID-19,COVID-19,CONFIRMED,2,2026-09-07 00:00:00,,ACTIVE,COVID19MEXICO,2026-09-28
MUNICIPALITY,42000000-0000-0000-0000-000000000343,Doctor Mora,MEASLES,Measles,SUSPECTED,1,2026-09-21 00:00:00,,ACTIVE,EFES_ABIERTO,2026-09-21
MUNICIPALITY,42000000-0000-0000-0000-000000000343,Doctor Mora,RUBELLA,Rubella,SUSPECTED,1,2026-09-21 00:00:00,,ACTIVE,EFES_ABIERTO,2026-09-21
MUNICIPALITY,42000000-0000-0000-0000-000000000344,Dolores Hidalgo Cuna de la Independencia Nacional,MEASLES,Measles,SUSPECTED,1,2026-09-21 00:00:00,,ACTIVE,EFES_ABIERTO,2026-09-21
MUNICIPALITY,42000000-0000-0000-0000-000000000344,Dolores Hidalgo Cuna de la Independencia Nacional,RUBELLA,Rubella,SUSPECTED,1,2026-09-21 00:00:00,,ACTIVE,EFES_ABIERTO,2026-09-21
MUNICIPALITY,42000000-0000-0000-0000-000000000702,Donato Guerra,COVID-19,COVID-19,SUSPECTED,1,2026-08-23 00:00:00,,ACTIVE,COVID19MEXICO,2026-09-28
MUNICIPALITY,42000000-0000-0000-0000-000000000702,Donato Guerra,INFLUENZA,Influenza,SUSPECTED,1,2026-08-23 00:00:00,,ACTIVE,COVID19MEXICO,2026-09-28
MUNICIPALITY,42000000-0000-0000-0000-000000000296,Durango,COVID-19,COVID-19,CONFIRMED,2,2026-08-16 00:00:00,,ACTIVE,COVID19MEXICO,2026-09-28
MUNICIPALITY,42000000-0000-0000-0000-000000000296,Durango,COVID-19,COVID-19,SUSPECTED,23,2026-08-01 00:00:00,,ACTIVE,COVID19MEXICO,2026-09-28
MUNICIPALITY,42000000-0000-0000-0000-000000000296,Durango,INFLUENZA,Influenza,SUSPECTED,23,2026-08-01 00:00:00,,ACTIVE,COVID19MEXICO,2026-09-28
MUNICIPALITY,42000000-0000-0000-0000-000000000296,Durango,MEASLES,Measles,CONFIRMED,9,2026-08-02 00:00:00,,ACTIVE,EFES_ABIERTO,2026-09-21
MUNICIPALITY,42000000-0000-0000-0000-000000000296,Durango,MEASLES,Measles,SUSPECTED,64,2026-09-21 00:00:00,,ACTIVE,EFES_ABIERTO,2026-09-21
MUNICIPALITY,42000000-0000-0000-0000-000000000296,Durango,RUBELLA,Rubella,SUSPECTED,64,2026-09-21 00:00:00,,ACTIVE,EFES_ABIERTO,2026-09-21
MUNICIPALITY,42000000-0000-0000-0000-000000002341,Dzidzantun,COVID-19,COVID-19,SUSPECTED,1,2026-09-08 00:00:00,,ACTIVE,COVID19MEXICO,2026-09-28
MUNICIPALITY,42000000-0000-0000-0000-000000002341,Dzidzantun,INFLUENZA,Influenza,SUSPECTED,1,2026-09-08 00:00:00,,ACTIVE,COVID19MEXICO,2026-09-28
MUNICIPALITY,42000000-0000-0000-0000-000000002343,Dzilam Gonzalez,INFLUENZA,Influenza,CONFIRMED,1,2026-08-03 00:00:00,,ACTIVE,COVID19MEXICO,2026-09-28
MUNICIPALITY,42000000-0000-0000-0000-000000002342,Dzilam de Bravo,INFLUENZA,Influenza,CONFIRMED,2,2026-09-01 00:00:00,,ACTIVE,COVID19MEXICO,2026-09-28
MUNICIPALITY,42000000-0000-0000-0000-000000002344,Dzitas,COVID-19,COVID-19,SUSPECTED,1,2026-08-06 00:00:00,,ACTIVE,COVID19MEXICO,2026-09-28
MUNICIPALITY,42000000-0000-0000-0000-000000002344,Dzitas,INFLUENZA,Influenza,SUSPECTED,1,2026-08-06 00:00:00,,ACTIVE,COVID19MEXICO,2026-09-28
MUNICIPALITY,42000000-0000-0000-0000-000000002344,Dzitas,MEASLES,Measles,SUSPECTED,2,2026-09-21 00:00:00,,ACTIVE,EFES_ABIERTO,2026-09-21
MUNICIPALITY,42000000-0000-0000-0000-000000002344,Dzitas,RUBELLA,Rubella,SUSPECTED,2,2026-09-21 00:00:00,,ACTIVE,EFES_ABIERTO,2026-09-21
MUNICIPALITY,42000000-0000-0000-0000-000000002345,Dzoncauich,INFLUENZA,Influenza,CONFIRMED,1,2026-08-24 00:00:00,,ACTIVE,COVID19MEXICO,2026-09-28
MUNICIPALITY,42000000-0000-0000-0000-000000002345,Dzoncauich,MEASLES,Measles,SUSPECTED,1,2026-09-21 00:00:00,,ACTIVE,EFES_ABIERTO,2026-09-21
MUNICIPALITY,42000000-0000-0000-0000-000000002345,Dzoncauich,RUBELLA,Rubella,SUSPECTED,1,2026-09-21 00:00:00,,ACTIVE,EFES_ABIERTO,2026-09-21
MUNICIPALITY,42000000-0000-0000-0000-000000001847,Ebano,COVID-19,COVID-19,SUSPECTED,1,2026-09-01 00:00:00,,ACTIVE,COVID19MEXICO,2026-09-28
MUNICIPALITY,42000000-0000-0000-0000-000000001847,Ebano,INFLUENZA,Influenza,SUSPECTED,1,2026-09-01 00:00:00,,ACTIVE,COVID19MEXICO,2026-09-28
MUNICIPALITY,42000000-0000-0000-0000-000000000703,Ecatepec de Morelos,COVID-19,COVID-19,CONFIRMED,10,2026-08-02 00:00:00,,ACTIVE,COVID19MEXICO,2026-09-28
MUNICIPALITY,42000000-0000-0000-0000-000000000703,Ecatepec de Morelos,COVID-19,COVID-19,SUSPECTED,27,2026-08-05 00:00:00,,ACTIVE,COVID19MEXICO,2026-09-28
MUNICIPALITY,42000000-0000-0000-0000-000000000703,Ecatepec de Morelos,INFLUENZA,Influenza,CONFIRMED,1,2026-08-05 00:00:00,,ACTIVE,COVID19MEXICO,2026-09-28
MUNICIPALITY,42000000-0000-0000-0000-000000000703,Ecatepec de Morelos,INFLUENZA,Influenza,SUSPECTED,27,2026-08-05 00:00:00,,ACTIVE,COVID19MEXICO,2026-09-28
MUNICIPALITY,42000000-0000-0000-0000-000000000703,Ecatepec de Morelos,MEASLES,Measles,SUSPECTED,24,2026-09-21 00:00:00,,ACTIVE,EFES_ABIERTO,2026-09-21
MUNICIPALITY,42000000-0000-0000-0000-000000000703,Ecatepec de Morelos,RUBELLA,Rubella,SUSPECTED,24,2026-09-21 00:00:00,,ACTIVE,EFES_ABIERTO,2026-09-21
MUNICIPALITY,42000000-0000-0000-0000-000000000451,Eduardo Neri,COVID-19,COVID-19,CONFIRMED,1,2026-09-13 00:00:00,,ACTIVE,COVID19MEXICO,2026-09-28
MUNICIPALITY,42000000-0000-0000-0000-000000000470,El Arenal,COVID-19,COVID-19,CONFIRMED,2,2026-08-15 00:00:00,,ACTIVE,COVID19MEXICO,2026-09-28
MUNICIPALITY,42000000-0000-0000-0000-000000001025,El Barrio de la Soledad,COVID-19,COVID-19,SUSPECTED,1,2026-09-20 00:00:00,,ACTIVE,COVID19MEXICO,2026-09-28
MUNICIPALITY,42000000-0000-0000-0000-000000001025,El Barrio de la Soledad,INFLUENZA,Influenza,SUSPECTED,1,2026-09-20 00:00:00,,ACTIVE,COVID19MEXICO,2026-09-28
MUNICIPALITY,42000000-0000-0000-0000-000000000098,El Bosque,MEASLES,Measles,SUSPECTED,1,2026-09-21 00:00:00,,ACTIVE,EFES_ABIERTO,2026-09-21
MUNICIPALITY,42000000-0000-0000-0000-000000000098,El Bosque,RUBELLA,Rubella,SUSPECTED,1,2026-09-21 00:00:00,,ACTIVE,EFES_ABIERTO,2026-09-21
MUNICIPALITY,42000000-0000-0000-0000-000000000974,El Carmen,COVID-19,COVID-19,SUSPECTED,1,2026-09-06 00:00:00,,ACTIVE,COVID19MEXICO,2026-09-28
MUNICIPALITY,42000000-0000-0000-0000-000000000974,El Carmen,INFLUENZA,Influenza,SUSPECTED,1,2026-09-06 00:00:00,,ACTIVE,COVID19MEXICO,2026-09-28
MUNICIPALITY,42000000-0000-0000-0000-000000000974,El Carmen,MEASLES,Measles,SUSPECTED,1,2026-09-21 00:00:00,,ACTIVE,EFES_ABIERTO,2026-09-21
MUNICIPALITY,42000000-0000-0000-0000-000000000974,El Carmen,RUBELLA,Rubella,SUSPECTED,1,2026-09-21 00:00:00,,ACTIVE,EFES_ABIERTO,2026-09-21
MUNICIPALITY,42000000-0000-0000-0000-000000002049,El Carmen Tequexquitla,COVID-19,COVID-19,CONFIRMED,1,2026-08-27 00:00:00,,ACTIVE,COVID19MEXICO,2026-09-28
MUNICIPALITY,42000000-0000-0000-0000-000000001900,El Fuerte,COVID-19,COVID-19,CONFIRMED,1,2026-09-16 00:00:00,,ACTIVE,COVID19MEXICO,2026-09-28
MUNICIPALITY,42000000-0000-0000-0000-000000001900,El Fuerte,COVID-19,COVID-19,SUSPECTED,9,2026-08-04 00:00:00,,ACTIVE,COVID19MEXICO,2026-09-28
MUNICIPALITY,42000000-0000-0000-0000-000000001900,El Fuerte,DENGUE,Dengue fever,SUSPECTED,1,2026-08-04 00:00:00,,ACTIVE,DENGUE_ABIERTO,2026-09-14
MUNICIPALITY,42000000-0000-0000-0000-000000001900,El Fuerte,INFLUENZA,Influenza,SUSPECTED,9,2026-08-04 00:00:00,,ACTIVE,COVID19MEXICO,2026-09-28
MUNICIPALITY,42000000-0000-0000-0000-000000000582,El Grullo,COVID-19,COVID-19,SUSPECTED,15,2026-08-01 00:00:00,,ACTIVE,COVID19MEXICO,2026-09-28
MUNICIPALITY,42000000-0000-0000-0000-000000000582,El Grullo,INFLUENZA,Influenza,SUSPECTED,15,2026-08-01 00:00:00,,ACTIVE,COVID19MEXICO,2026-09-28
MUNICIPALITY,42000000-0000-0000-0000-000000000010,El Llano,COVID-19,COVID-19,SUSPECTED,1,2026-09-04 00:00:00,,ACTIVE,COVID19MEXICO,2026-09-28
MUNICIPALITY,42000000-0000-0000-0000-000000000010,El Llano,INFLUENZA,Influenza,SUSPECTED,1,2026-09-04 00:00:00,,ACTIVE,COVID19MEXICO,2026-09-28
MUNICIPALITY,42000000-0000-0000-0000-000000002020,El Mante,MEASLES,Measles,SUSPECTED,1,2026-09-21 00:00:00,,ACTIVE,EFES_ABIERTO,2026-09-21
MUNICIPALITY,42000000-0000-0000-0000-000000002020,El Mante,RUBELLA,Rubella,SUSPECTED,1,2026-09-21 00:00:00,,ACTIVE,EFES_ABIERTO,2026-09-21
MUNICIPALITY,42000000-0000-0000-0000-000000001813,El Marques,COVID-19,COVID-19,SUSPECTED,2,2026-08-24 00:00:00,,ACTIVE,COVID19MEXICO,2026-09-28
MUNICIPALITY,42000000-0000-0000-0000-000000001813,El Marques,INFLUENZA,Influenza,SUSPECTED,2,2026-08-24 00:00:00,,ACTIVE,COVID19MEXICO,2026-09-28
MUNICIPALITY,42000000-0000-0000-0000-000000001889,El Naranjo,COVID-19,COVID-19,CONFIRMED,1,2026-08-17 00:00:00,,ACTIVE,COVID19MEXICO,2026-09-28
MUNICIPALITY,42000000-0000-0000-0000-000000000309,El Oro,COVID-19,COVID-19,CONFIRMED,1,2026-08-03 00:00:00,,ACTIVE,COVID19MEXICO,2026-09-28
MUNICIPALITY,42000000-0000-0000-0000-000000000734,El Oro,COVID-19,COVID-19,SUSPECTED,1,2026-08-20 00:00:00,,ACTIVE,COVID19MEXICO,2026-09-28
MUNICIPALITY,42000000-0000-0000-0000-000000000734,El Oro,INFLUENZA,Influenza,SUSPECTED,1,2026-08-20 00:00:00,,ACTIVE,COVID19MEXICO,2026-09-28
MUNICIPALITY,42000000-0000-0000-0000-000000000615,El Salto,COVID-19,COVID-19,SUSPECTED,6,2026-08-13 00:00:00,,ACTIVE,COVID19MEXICO,2026-09-28
MUNICIPALITY,42000000-0000-0000-0000-000000000615,El Salto,INFLUENZA,Influenza,CONFIRMED,1,2026-08-05 00:00:00,,ACTIVE,COVID19MEXICO,2026-09-28
MUNICIPALITY,42000000-0000-0000-0000-000000000615,El Salto,INFLUENZA,Influenza,SUSPECTED,6,2026-08-13 00:00:00,,ACTIVE,COVID19MEXICO,2026-09-28
MUNICIPALITY,42000000-0000-0000-0000-000000000615,El Salto,MEASLES,Measles,CONFIRMED,6,2026-08-11 00:00:00,,ACTIVE,EFES_ABIERTO,2026-09-21
MUNICIPALITY,42000000-0000-0000-0000-000000000615,El Salto,MEASLES,Measles,SUSPECTED,183,2026-09-21 00:00:00,,ACTIVE,EFES_ABIERTO,2026-09-21
MUNICIPALITY,42000000-0000-0000-0000-000000000615,El Salto,RUBELLA,Rubella,SUSPECTED,183,2026-09-21 00:00:00,,ACTIVE,EFES_ABIERTO,2026-09-21
MUNICIPALITY,42000000-0000-0000-0000-000000001898,Elota,COVID-19,COVID-19,CONFIRMED,1,2026-08-19 00:00:00,,ACTIVE,COVID19MEXICO,2026-09-28
MUNICIPALITY,42000000-0000-0000-0000-000000001898,Elota,COVID-19,COVID-19,SUSPECTED,2,2026-08-13 00:00:00,,ACTIVE,COVID19MEXICO,2026-09-28
MUNICIPALITY,42000000-0000-0000-0000-000000001898,Elota,INFLUENZA,Influenza,SUSPECTED,2,2026-08-13 00:00:00,,ACTIVE,COVID19MEXICO,2026-09-28
MUNICIPALITY,42000000-0000-0000-0000-000000000482,Emiliano Zapata,COVID-19,COVID-19,SUSPECTED,1,2026-09-15 00:00:00,,ACTIVE,COVID19MEXICO,2026-09-28
MUNICIPALITY,42000000-0000-0000-0000-000000002167,Emiliano Zapata,COVID-19,COVID-19,SUSPECTED,4,2026-08-02 00:00:00,,ACTIVE,COVID19MEXICO,2026-09-28
MUNICIPALITY,42000000-0000-0000-0000-000000000482,Emiliano Zapata,INFLUENZA,Influenza,SUSPECTED,1,2026-09-15 00:00:00,,ACTIVE,COVID19MEXICO,2026-09-28
MUNICIPALITY,42000000-0000-0000-0000-000000002167,Emiliano Zapata,INFLUENZA,Influenza,SUSPECTED,4,2026-08-02 00:00:00,,ACTIVE,COVID19MEXICO,2026-09-28
MUNICIPALITY,42000000-0000-0000-0000-000000000916,Emiliano Zapata,MEASLES,Measles,SUSPECTED,3,2026-09-21 00:00:00,,ACTIVE,EFES_ABIERTO,2026-09-21
MUNICIPALITY,42000000-0000-0000-0000-000000000916,Emiliano Zapata,RUBELLA,Rubella,SUSPECTED,3,2026-09-21 00:00:00,,ACTIVE,EFES_ABIERTO,2026-09-21
MUNICIPALITY,42000000-0000-0000-0000-000000001935,Empalme,COVID-19,COVID-19,SUSPECTED,3,2026-09-12 00:00:00,,ACTIVE,COVID19MEXICO,2026-09-28
MUNICIPALITY,42000000-0000-0000-0000-000000001935,Empalme,DENGUE,Dengue fever,SUSPECTED,1,2026-08-27 00:00:00,,ACTIVE,DENGUE_ABIERTO,2026-09-14
MUNICIPALITY,42000000-0000-0000-0000-000000001935,Empalme,INFLUENZA,Influenza,SUSPECTED,3,2026-09-12 00:00:00,,ACTIVE,COVID19MEXICO,2026-09-28
MUNICIPALITY,42000000-0000-0000-0000-000000001935,Empalme,MEASLES,Measles,SUSPECTED,3,2026-09-21 00:00:00,,ACTIVE,EFES_ABIERTO,2026-09-21
MUNICIPALITY,42000000-0000-0000-0000-000000001935,Empalme,RUBELLA,Rubella,SUSPECTED,3,2026-09-21 00:00:00,,ACTIVE,EFES_ABIERTO,2026-09-21
MUNICIPALITY,42000000-0000-0000-0000-000000000012,Ensenada,COVID-19,COVID-19,CONFIRMED,5,2026-09-02 00:00:00,,ACTIVE,COVID19MEXICO,2026-09-28
MUNICIPALITY,42000000-0000-0000-0000-000000000012,Ensenada,COVID-19,COVID-19,SUSPECTED,3,2026-09-19 00:00:00,,ACTIVE,COVID19MEXICO,2026-09-28
MUNICIPALITY,42000000-0000-0000-0000-000000000012,Ensenada,INFLUENZA,Influenza,SUSPECTED,3,2026-09-19 00:00:00,,ACTIVE,COVID19MEXICO,2026-09-28
MUNICIPALITY,42000000-0000-0000-0000-000000000012,Ensenada,MEASLES,Measles,SUSPECTED,24,2026-09-21 00:00:00,,ACTIVE,EFES_ABIERTO,2026-09-21
MUNICIPALITY,42000000-0000-0000-0000-000000000012,Ensenada,RUBELLA,Rubella,SUSPECTED,24,2026-09-21 00:00:00,,ACTIVE,EFES_ABIERTO,2026-09-21
MUNICIPALITY,42000000-0000-0000-0000-000000000483,Epazoyucan,COVID-19,COVID-19,CONFIRMED,1,2026-08-09 00:00:00,,ACTIVE,COVID19MEXICO,2026-09-28
MUNICIPALITY,42000000-0000-0000-0000-000000000483,Epazoyucan,COVID-19,COVID-19,SUSPECTED,2,2026-09-09 00:00:00,,ACTIVE,COVID19MEXICO,2026-09-28
MUNICIPALITY,42000000-0000-0000-0000-000000000483,Epazoyucan,INFLUENZA,Influenza,SUSPECTED,2,2026-09-09 00:00:00,,ACTIVE,COVID19MEXICO,2026-09-28
MUNICIPALITY,42000000-0000-0000-0000-000000000032,Escarcega,COVID-19,COVID-19,SUSPECTED,14,2026-08-02 00:00:00,,ACTIVE,COVID19MEXICO,2026-09-28
MUNICIPALITY,42000000-0000-0000-0000-000000000032,Escarcega,INFLUENZA,Influenza,SUSPECTED,14,2026-08-02 00:00:00,,ACTIVE,COVID19MEXICO,2026-09-28
MUNICIPALITY,42000000-0000-0000-0000-000000001899,Escuinapa,COVID-19,COVID-19,CONFIRMED,2,2026-08-21 00:00:00,,ACTIVE,COVID19MEXICO,2026-09-28
MUNICIPALITY,42000000-0000-0000-0000-000000001899,Escuinapa,COVID-19,COVID-19,SUSPECTED,3,2026-08-30 00:00:00,,ACTIVE,COVID19MEXICO,2026-09-28
MUNICIPALITY,42000000-0000-0000-0000-000000001899,Escuinapa,INFLUENZA,Influenza,CONFIRMED,1,2026-08-21 00:00:00,,ACTIVE,COVID19MEXICO,2026-09-28
MUNICIPALITY,42000000-0000-0000-0000-000000001899,Escuinapa,INFLUENZA,Influenza,SUSPECTED,3,2026-08-30 00:00:00,,ACTIVE,COVID19MEXICO,2026-09-28
MUNICIPALITY,42000000-0000-0000-0000-000000001899,Escuinapa,MEASLES,Measles,SUSPECTED,1,2026-09-21 00:00:00,,ACTIVE,EFES_ABIERTO,2026-09-21
MUNICIPALITY,42000000-0000-0000-0000-000000001899,Escuinapa,RUBELLA,Rubella,SUSPECTED,1,2026-09-21 00:00:00,,ACTIVE,EFES_ABIERTO,2026-09-21
MUNICIPALITY,42000000-0000-0000-0000-000000001936,Etchojoa,COVID-19,COVID-19,SUSPECTED,1,2026-09-21 00:00:00,,ACTIVE,COVID19MEXICO,2026-09-28
MUNICIPALITY,42000000-0000-0000-0000-000000001936,Etchojoa,INFLUENZA,Influenza,SUSPECTED,1,2026-09-21 00:00:00,,ACTIVE,COVID19MEXICO,2026-09-28
MUNICIPALITY,42000000-0000-0000-0000-000000001809,Ezequiel Montes,COVID-19,COVID-19,SUSPECTED,3,2026-08-06 00:00:00,,ACTIVE,COVID19MEXICO,2026-09-28
MUNICIPALITY,42000000-0000-0000-0000-000000001809,Ezequiel Montes,INFLUENZA,Influenza,SUSPECTED,3,2026-08-06 00:00:00,,ACTIVE,COVID19MEXICO,2026-09-28
MUNICIPALITY,42000000-0000-0000-0000-000000001809,Ezequiel Montes,MEASLES,Measles,SUSPECTED,1,2026-09-21 00:00:00,,ACTIVE,EFES_ABIERTO,2026-09-21
MUNICIPALITY,42000000-0000-0000-0000-000000001809,Ezequiel Montes,RUBELLA,Rubella,SUSPECTED,1,2026-09-21 00:00:00,,ACTIVE,EFES_ABIERTO,2026-09-21
MUNICIPALITY,42000000-0000-0000-0000-000000001822,Felipe Carrillo Puerto,COVID-19,COVID-19,CONFIRMED,1,2026-09-17 00:00:00,,ACTIVE,COVID19MEXICO,2026-09-28
MUNICIPALITY,42000000-0000-0000-0000-000000001822,Felipe Carrillo Puerto,COVID-19,COVID-19,SUSPECTED,5,2026-09-11 00:00:00,,ACTIVE,COVID19MEXICO,2026-09-28
MUNICIPALITY,42000000-0000-0000-0000-000000001822,Felipe Carrillo Puerto,INFLUENZA,Influenza,CONFIRMED,1,2026-08-10 00:00:00,,ACTIVE,COVID19MEXICO,2026-09-28
MUNICIPALITY,42000000-0000-0000-0000-000000001822,Felipe Carrillo Puerto,INFLUENZA,Influenza,SUSPECTED,5,2026-09-11 00:00:00,,ACTIVE,COVID19MEXICO,2026-09-28
MUNICIPALITY,42000000-0000-0000-0000-000000002170,Fortin,COVID-19,COVID-19,SUSPECTED,12,2026-08-03 00:00:00,,ACTIVE,COVID19MEXICO,2026-09-28
MUNICIPALITY,42000000-0000-0000-0000-000000002170,Fortin,INFLUENZA,Influenza,SUSPECTED,12,2026-08-03 00:00:00,,ACTIVE,COVID19MEXICO,2026-09-28
MUNICIPALITY,42000000-0000-0000-0000-000000000484,Francisco I. Madero,COVID-19,COVID-19,CONFIRMED,1,2026-08-02 00:00:00,,ACTIVE,COVID19MEXICO,2026-09-28
MUNICIPALITY,42000000-0000-0000-0000-000000002430,Fresnillo,COVID-19,COVID-19,CONFIRMED,5,2026-08-03 00:00:00,,ACTIVE,COVID19MEXICO,2026-09-28
MUNICIPALITY,42000000-0000-0000-0000-000000002430,Fresnillo,COVID-19,COVID-19,SUSPECTED,11,2026-08-06 00:00:00,,ACTIVE,COVID19MEXICO,2026-09-28
MUNICIPALITY,42000000-0000-0000-0000-000000002430,Fresnillo,INFLUENZA,Influenza,CONFIRMED,2,2026-08-21 00:00:00,,ACTIVE,COVID19MEXICO,2026-09-28
MUNICIPALITY,42000000-0000-0000-0000-000000002430,Fresnillo,INFLUENZA,Influenza,SUSPECTED,11,2026-08-06 00:00:00,,ACTIVE,COVID19MEXICO,2026-09-28
MUNICIPALITY,42000000-0000-0000-0000-000000002430,Fresnillo,MEASLES,Measles,CONFIRMED,25,2026-08-01 00:00:00,,ACTIVE,EFES_ABIERTO,2026-09-21
MUNICIPALITY,42000000-0000-0000-0000-000000002430,Fresnillo,MEASLES,Measles,SUSPECTED,9,2026-09-21 00:00:00,,ACTIVE,EFES_ABIERTO,2026-09-21
MUNICIPALITY,42000000-0000-0000-0000-000000002430,Fresnillo,RUBELLA,Rubella,SUSPECTED,9,2026-09-21 00:00:00,,ACTIVE,EFES_ABIERTO,2026-09-21
MUNICIPALITY,42000000-0000-0000-0000-000000000046,Frontera,DENGUE,Dengue fever,SUSPECTED,1,2026-08-01 00:00:00,,ACTIVE,DENGUE_ABIERTO,2026-09-14
MUNICIPALITY,42000000-0000-0000-0000-000000000118,Frontera Comalapa,MEASLES,Measles,SUSPECTED,1,2026-09-21 00:00:00,,ACTIVE,EFES_ABIERTO,2026-09-21
MUNICIPALITY,42000000-0000-0000-0000-000000000118,Frontera Comalapa,RUBELLA,Rubella,SUSPECTED,1,2026-09-21 00:00:00,,ACTIVE,EFES_ABIERTO,2026-09-21
MUNICIPALITY,42000000-0000-0000-0000-000000000981,Galeana,COVID-19,COVID-19,CONFIRMED,4,2026-08-01 00:00:00,,ACTIVE,COVID19MEXICO,2026-09-28
MUNICIPALITY,42000000-0000-0000-0000-000000000982,Garcia,COVID-19,COVID-19,CONFIRMED,4,2026-08-06 00:00:00,,ACTIVE,COVID19MEXICO,2026-09-28
MUNICIPALITY,42000000-0000-0000-0000-000000000982,Garcia,DENGUE,Dengue fever,SUSPECTED,2,2026-08-14 00:00:00,,ACTIVE,DENGUE_ABIERTO,2026-09-14
MUNICIPALITY,42000000-0000-0000-0000-000000000982,Garcia,MEASLES,Measles,SUSPECTED,4,2026-09-21 00:00:00,,ACTIVE,EFES_ABIERTO,2026-09-21
MUNICIPALITY,42000000-0000-0000-0000-000000000982,Garcia,RUBELLA,Rubella,SUSPECTED,4,2026-09-21 00:00:00,,ACTIVE,EFES_ABIERTO,2026-09-21
MUNICIPALITY,42000000-0000-0000-0000-000000002432,Genaro Codina,COVID-19,COVID-19,CONFIRMED,1,2026-08-05 00:00:00,,ACTIVE,COVID19MEXICO,2026-09-28
MUNICIPALITY,42000000-0000-0000-0000-000000000985,General Escobedo,COVID-19,COVID-19,CONFIRMED,1,2026-08-18 00:00:00,,ACTIVE,COVID19MEXICO,2026-09-28
MUNICIPALITY,42000000-0000-0000-0000-000000000985,General Escobedo,COVID-19,COVID-19,SUSPECTED,4,2026-08-11 00:00:00,,ACTIVE,COVID19MEXICO,2026-09-28
MUNICIPALITY,42000000-0000-0000-0000-000000000985,General Escobedo,INFLUENZA,Influenza,CONFIRMED,2,2026-08-05 00:00:00,,ACTIVE,COVID19MEXICO,2026-09-28
MUNICIPALITY,42000000-0000-0000-0000-000000000985,General Escobedo,INFLUENZA,Influenza,SUSPECTED,4,2026-08-11 00:00:00,,ACTIVE,COVID19MEXICO,2026-09-28
MUNICIPALITY,42000000-0000-0000-0000-000000000985,General Escobedo,MEASLES,Measles,SUSPECTED,11,2026-09-21 00:00:00,,ACTIVE,EFES_ABIERTO,2026-09-21
MUNICIPALITY,42000000-0000-0000-0000-000000000985,General Escobedo,RUBELLA,Rubella,SUSPECTED,11,2026-09-21 00:00:00,,ACTIVE,EFES_ABIERTO,2026-09-21
MUNICIPALITY,42000000-0000-0000-0000-000000000408,General Heliodoro Castillo,COVID-19,COVID-19,CONFIRMED,1,2026-08-13 00:00:00,,ACTIVE,COVID19MEXICO,2026-09-28
MUNICIPALITY,42000000-0000-0000-0000-000000000408,General Heliodoro Castillo,DENGUE,Dengue fever,SUSPECTED,1,2026-08-18 00:00:00,,ACTIVE,DENGUE_ABIERTO,2026-09-14
MUNICIPALITY,42000000-0000-0000-0000-000000000987,General Trevino,COVID-19,COVID-19,CONFIRMED,1,2026-09-14 00:00:00,,ACTIVE,COVID19MEXICO,2026-09-28
MUNICIPALITY,42000000-0000-0000-0000-000000000989,General Zuazua,COVID-19,COVID-19,CONFIRMED,1,2026-08-10 00:00:00,,ACTIVE,COVID19MEXICO,2026-09-28
MUNICIPALITY,42000000-0000-0000-0000-000000000989,General Zuazua,INFLUENZA,Influenza,CONFIRMED,1,2026-08-17 00:00:00,,ACTIVE,COVID19MEXICO,2026-09-28
MUNICIPALITY,42000000-0000-0000-0000-000000000989,General Zuazua,MEASLES,Measles,SUSPECTED,1,2026-09-21 00:00:00,,ACTIVE,EFES_ABIERTO,2026-09-21
MUNICIPALITY,42000000-0000-0000-0000-000000000989,General Zuazua,RUBELLA,Rubella,SUSPECTED,1,2026-09-21 00:00:00,,ACTIVE,EFES_ABIERTO,2026-09-21
MUNICIPALITY,42000000-0000-0000-0000-000000000298,Gomez Palacio,COVID-19,COVID-19,CONFIRMED,3,2026-08-07 00:00:00,,ACTIVE,COVID19MEXICO,2026-09-28
MUNICIPALITY,42000000-0000-0000-0000-000000000298,Gomez Palacio,COVID-19,COVID-19,SUSPECTED,13,2026-08-02 00:00:00,,ACTIVE,COVID19MEXICO,2026-09-28
MUNICIPALITY,42000000-0000-0000-0000-000000000298,Gomez Palacio,INFLUENZA,Influenza,SUSPECTED,13,2026-08-02 00:00:00,,ACTIVE,COVID19MEXICO,2026-09-28
MUNICIPALITY,42000000-0000-0000-0000-000000000298,Gomez Palacio,MEASLES,Measles,CONFIRMED,3,2026-08-24 00:00:00,,ACTIVE,EFES_ABIERTO,2026-09-21
MUNICIPALITY,42000000-0000-0000-0000-000000000298,Gomez Palacio,MEASLES,Measles,SUSPECTED,19,2026-09-21 00:00:00,,ACTIVE,EFES_ABIERTO,2026-09-21
MUNICIPALITY,42000000-0000-0000-0000-000000000298,Gomez Palacio,RUBELLA,Rubella,SUSPECTED,19,2026-09-21 00:00:00,,ACTIVE,EFES_ABIERTO,2026-09-21
MUNICIPALITY,42000000-0000-0000-0000-000000002011,Gonzalez,COVID-19,COVID-19,CONFIRMED,1,2026-08-17 00:00:00,,ACTIVE,COVID19MEXICO,2026-09-28
MUNICIPALITY,42000000-0000-0000-0000-000000002011,Gonzalez,MEASLES,Measles,SUSPECTED,1,2026-09-21 00:00:00,,ACTIVE,EFES_ABIERTO,2026-09-21
MUNICIPALITY,42000000-0000-0000-0000-000000002011,Gonzalez,RUBELLA,Rubella,SUSPECTED,1,2026-09-21 00:00:00,,ACTIVE,EFES_ABIERTO,2026-09-21
MUNICIPALITY,42000000-0000-0000-0000-000000000235,Guachochi,COVID-19,COVID-19,CONFIRMED,1,2026-09-02 00:00:00,,ACTIVE,COVID19MEXICO,2026-09-28
MUNICIPALITY,42000000-0000-0000-0000-000000000584,Guadalajara,COVID-19,COVID-19,CONFIRMED,2,2026-08-27 00:00:00,,ACTIVE,COVID19MEXICO,2026-09-28
MUNICIPALITY,42000000-0000-0000-0000-000000000584,Guadalajara,COVID-19,COVID-19,SUSPECTED,26,2026-08-02 00:00:00,,ACTIVE,COVID19MEXICO,2026-09-28
MUNICIPALITY,42000000-0000-0000-0000-000000000584,Guadalajara,DENGUE,Dengue fever,SUSPECTED,1,2026-08-11 00:00:00,,ACTIVE,DENGUE_ABIERTO,2026-09-14
MUNICIPALITY,42000000-0000-0000-0000-000000000584,Guadalajara,INFLUENZA,Influenza,SUSPECTED,26,2026-08-02 00:00:00,,ACTIVE,COVID19MEXICO,2026-09-28
MUNICIPALITY,42000000-0000-0000-0000-000000000584,Guadalajara,MEASLES,Measles,CONFIRMED,4,2026-08-05 00:00:00,,ACTIVE,EFES_ABIERTO,2026-09-21
MUNICIPALITY,42000000-0000-0000-0000-000000000584,Guadalajara,MEASLES,Measles,SUSPECTED,223,2026-09-21 00:00:00,,ACTIVE,EFES_ABIERTO,2026-09-21
MUNICIPALITY,42000000-0000-0000-0000-000000000584,Guadalajara,RUBELLA,Rubella,SUSPECTED,223,2026-09-21 00:00:00,,ACTIVE,EFES_ABIERTO,2026-09-21
MUNICIPALITY,42000000-0000-0000-0000-000000000990,Guadalupe,COVID-19,COVID-19,CONFIRMED,8,2026-08-01 00:00:00,,ACTIVE,COVID19MEXICO,2026-09-28
MUNICIPALITY,42000000-0000-0000-0000-000000002437,Guadalupe,COVID-19,COVID-19,CONFIRMED,6,2026-08-05 00:00:00,,ACTIVE,COVID19MEXICO,2026-09-28
MUNICIPALITY,42000000-0000-0000-0000-000000000990,Guadalupe,COVID-19,COVID-19,SUSPECTED,37,2026-08-01 00:00:00,,ACTIVE,COVID19MEXICO,2026-09-28
MUNICIPALITY,42000000-0000-0000-0000-000000001651,Guadalupe,COVID-19,COVID-19,SUSPECTED,1,2026-08-15 00:00:00,,ACTIVE,COVID19MEXICO,2026-09-28
MUNICIPALITY,42000000-0000-0000-0000-000000002437,Guadalupe,COVID-19,COVID-19,SUSPECTED,18,2026-08-01 00:00:00,,ACTIVE,COVID19MEXICO,2026-09-28
MUNICIPALITY,42000000-0000-0000-0000-000000000990,Guadalupe,INFLUENZA,Influenza,CONFIRMED,1,2026-09-03 00:00:00,,ACTIVE,COVID19MEXICO,2026-09-28
MUNICIPALITY,42000000-0000-0000-0000-000000000990,Guadalupe,INFLUENZA,Influenza,SUSPECTED,37,2026-08-01 00:00:00,,ACTIVE,COVID19MEXICO,2026-09-28
MUNICIPALITY,42000000-0000-0000-0000-000000001651,Guadalupe,INFLUENZA,Influenza,SUSPECTED,1,2026-08-15 00:00:00,,ACTIVE,COVID19MEXICO,2026-09-28
MUNICIPALITY,42000000-0000-0000-0000-000000002437,Guadalupe,INFLUENZA,Influenza,SUSPECTED,18,2026-08-01 00:00:00,,ACTIVE,COVID19MEXICO,2026-09-28
MUNICIPALITY,42000000-0000-0000-0000-000000000990,Guadalupe,MEASLES,Measles,CONFIRMED,4,2026-08-14 00:00:00,,ACTIVE,EFES_ABIERTO,2026-09-21
MUNICIPALITY,42000000-0000-0000-0000-000000002437,Guadalupe,MEASLES,Measles,CONFIRMED,1,2026-08-30 00:00:00,,ACTIVE,EFES_ABIERTO,2026-09-21
MUNICIPALITY,42000000-0000-0000-0000-000000000990,Guadalupe,MEASLES,Measles,SUSPECTED,5,2026-09-21 00:00:00,,ACTIVE,EFES_ABIERTO,2026-09-21
MUNICIPALITY,42000000-0000-0000-0000-000000002437,Guadalupe,MEASLES,Measles,SUSPECTED,5,2026-09-21 00:00:00,,ACTIVE,EFES_ABIERTO,2026-09-21
MUNICIPALITY,42000000-0000-0000-0000-000000000990,Guadalupe,RUBELLA,Rubella,SUSPECTED,5,2026-09-21 00:00:00,,ACTIVE,EFES_ABIERTO,2026-09-21
MUNICIPALITY,42000000-0000-0000-0000-000000002437,Guadalupe,RUBELLA,Rubella,SUSPECTED,5,2026-09-21 00:00:00,,ACTIVE,EFES_ABIERTO,2026-09-21
MUNICIPALITY,42000000-0000-0000-0000-000000001048,Guadalupe Etla,COVID-19,COVID-19,SUSPECTED,1,2026-09-11 00:00:00,,ACTIVE,COVID19MEXICO,2026-09-28
MUNICIPALITY,42000000-0000-0000-0000-000000001048,Guadalupe Etla,INFLUENZA,Influenza,SUSPECTED,1,2026-09-11 00:00:00,,ACTIVE,COVID19MEXICO,2026-09-28
MUNICIPALITY,42000000-0000-0000-0000-000000000299,Guadalupe Victoria,MEASLES,Measles,SUSPECTED,3,2026-09-21 00:00:00,,ACTIVE,EFES_ABIERTO,2026-09-21
MUNICIPALITY,42000000-0000-0000-0000-000000000299,Guadalupe Victoria,RUBELLA,Rubella,SUSPECTED,3,2026-09-21 00:00:00,,ACTIVE,EFES_ABIERTO,2026-09-21
MUNICIPALITY,42000000-0000-0000-0000-000000000300,Guanacevi,MEASLES,Measles,SUSPECTED,1,2026-09-21 00:00:00,,ACTIVE,EFES_ABIERTO,2026-09-21
MUNICIPALITY,42000000-0000-0000-0000-000000000300,Guanacevi,RUBELLA,Rubella,SUSPECTED,1,2026-09-21 00:00:00,,ACTIVE,EFES_ABIERTO,2026-09-21
MUNICIPALITY,42000000-0000-0000-0000-000000000345,Guanajuato,COVID-19,COVID-19,CONFIRMED,1,2026-08-14 00:00:00,,ACTIVE,COVID19MEXICO,2026-09-28
MUNICIPALITY,42000000-0000-0000-0000-000000000345,Guanajuato,COVID-19,COVID-19,SUSPECTED,2,2026-08-11 00:00:00,,ACTIVE,COVID19MEXICO,2026-09-28
MUNICIPALITY,42000000-0000-0000-0000-000000000345,Guanajuato,INFLUENZA,Influenza,SUSPECTED,2,2026-08-11 00:00:00,,ACTIVE,COVID19MEXICO,2026-09-28
MUNICIPALITY,42000000-0000-0000-0000-000000001901,Guasave,COVID-19,COVID-19,CONFIRMED,3,2026-08-15 00:00:00,,ACTIVE,COVID19MEXICO,2026-09-28
MUNICIPALITY,42000000-0000-0000-0000-000000001901,Guasave,COVID-19,COVID-19,SUSPECTED,21,2026-08-04 00:00:00,,ACTIVE,COVID19MEXICO,2026-09-28
MUNICIPALITY,42000000-0000-0000-0000-000000001901,Guasave,INFLUENZA,Influenza,CONFIRMED,1,2026-08-29 00:00:00,,ACTIVE,COVID19MEXICO,2026-09-28
MUNICIPALITY,42000000-0000-0000-0000-000000001901,Guasave,INFLUENZA,Influenza,SUSPECTED,21,2026-08-04 00:00:00,,ACTIVE,COVID19MEXICO,2026-09-28
MUNICIPALITY,42000000-0000-0000-0000-000000001901,Guasave,MEASLES,Measles,SUSPECTED,2,2026-09-21 00:00:00,,ACTIVE,EFES_ABIERTO,2026-09-21
MUNICIPALITY,42000000-0000-0000-0000-000000001901,Guasave,RUBELLA,Rubella,SUSPECTED,2,2026-09-21 00:00:00,,ACTIVE,EFES_ABIERTO,2026-09-21
MUNICIPALITY,42000000-0000-0000-0000-000000001939,Guaymas,COVID-19,COVID-19,CONFIRMED,2,2026-08-07 00:00:00,,ACTIVE,COVID19MEXICO,2026-09-28
MUNICIPALITY,42000000-0000-0000-0000-000000001939,Guaymas,COVID-19,COVID-19,SUSPECTED,3,2026-08-31 00:00:00,,ACTIVE,COVID19MEXICO,2026-09-28
MUNICIPALITY,42000000-0000-0000-0000-000000001939,Guaymas,DENGUE,Dengue fever,SUSPECTED,3,2026-08-09 00:00:00,,ACTIVE,DENGUE_ABIERTO,2026-09-14
MUNICIPALITY,42000000-0000-0000-0000-000000001939,Guaymas,INFLUENZA,Influenza,SUSPECTED,3,2026-08-31 00:00:00,,ACTIVE,COVID19MEXICO,2026-09-28
MUNICIPALITY,42000000-0000-0000-0000-000000001939,Guaymas,MEASLES,Measles,SUSPECTED,2,2026-09-21 00:00:00,,ACTIVE,EFES_ABIERTO,2026-09-21
MUNICIPALITY,42000000-0000-0000-0000-000000001939,Guaymas,RUBELLA,Rubella,SUSPECTED,2,2026-09-21 00:00:00,,ACTIVE,EFES_ABIERTO,2026-09-21
MUNICIPALITY,42000000-0000-0000-0000-000000000238,Guazapares,MEASLES,Measles,SUSPECTED,1,2026-09-21 00:00:00,,ACTIVE,EFES_ABIERTO,2026-09-21
MUNICIPALITY,42000000-0000-0000-0000-000000000238,Guazapares,RUBELLA,Rubella,SUSPECTED,1,2026-09-21 00:00:00,,ACTIVE,EFES_ABIERTO,2026-09-21
MUNICIPALITY,42000000-0000-0000-0000-000000000239,Guerrero,COVID-19,COVID-19,CONFIRMED,1,2026-08-31 00:00:00,,ACTIVE,COVID19MEXICO,2026-09-28
MUNICIPALITY,42000000-0000-0000-0000-000000000279,Gustavo A. Madero,COVID-19,COVID-19,CONFIRMED,2,2026-08-02 00:00:00,,ACTIVE,COVID19MEXICO,2026-09-28
MUNICIPALITY,42000000-0000-0000-0000-000000000279,Gustavo A. Madero,COVID-19,COVID-19,SUSPECTED,151,2026-08-01 00:00:00,,ACTIVE,COVID19MEXICO,2026-09-28
MUNICIPALITY,42000000-0000-0000-0000-000000000279,Gustavo A. Madero,INFLUENZA,Influenza,CONFIRMED,3,2026-08-19 00:00:00,,ACTIVE,COVID19MEXICO,2026-09-28
MUNICIPALITY,42000000-0000-0000-0000-000000000279,Gustavo A. Madero,INFLUENZA,Influenza,SUSPECTED,151,2026-08-01 00:00:00,,ACTIVE,COVID19MEXICO,2026-09-28
MUNICIPALITY,42000000-0000-0000-0000-000000000279,Gustavo A. Madero,MEASLES,Measles,SUSPECTED,7,2026-09-21 00:00:00,,ACTIVE,EFES_ABIERTO,2026-09-21
MUNICIPALITY,42000000-0000-0000-0000-000000000279,Gustavo A. Madero,RUBELLA,Rubella,SUSPECTED,7,2026-09-21 00:00:00,,ACTIVE,EFES_ABIERTO,2026-09-21
MUNICIPALITY,42000000-0000-0000-0000-000000002347,Halacho,COVID-19,COVID-19,SUSPECTED,1,2026-08-03 00:00:00,,ACTIVE,COVID19MEXICO,2026-09-28
MUNICIPALITY,42000000-0000-0000-0000-000000002347,Halacho,INFLUENZA,Influenza,SUSPECTED,1,2026-08-03 00:00:00,,ACTIVE,COVID19MEXICO,2026-09-28
MUNICIPALITY,42000000-0000-0000-0000-000000000028,Hecelchakan,COVID-19,COVID-19,CONFIRMED,1,2026-08-08 00:00:00,,ACTIVE,COVID19MEXICO,2026-09-28
MUNICIPALITY,42000000-0000-0000-0000-000000000028,Hecelchakan,COVID-19,COVID-19,SUSPECTED,1,2026-08-16 00:00:00,,ACTIVE,COVID19MEXICO,2026-09-28
MUNICIPALITY,42000000-0000-0000-0000-000000000028,Hecelchakan,INFLUENZA,Influenza,CONFIRMED,1,2026-08-25 00:00:00,,ACTIVE,COVID19MEXICO,2026-09-28
MUNICIPALITY,42000000-0000-0000-0000-000000000028,Hecelchakan,INFLUENZA,Influenza,SUSPECTED,1,2026-08-16 00:00:00,,ACTIVE,COVID19MEXICO,2026-09-28
MUNICIPALITY,42000000-0000-0000-0000-000000001940,Hermosillo,COVID-19,COVID-19,CONFIRMED,31,2026-08-02 00:00:00,,ACTIVE,COVID19MEXICO,2026-09-28
MUNICIPALITY,42000000-0000-0000-0000-000000001940,Hermosillo,COVID-19,COVID-19,SUSPECTED,148,2026-08-01 00:00:00,,ACTIVE,COVID19MEXICO,2026-09-28
MUNICIPALITY,42000000-0000-0000-0000-000000001940,Hermosillo,DENGUE,Dengue fever,SUSPECTED,1,2026-08-29 00:00:00,,ACTIVE,DENGUE_ABIERTO,2026-09-14
MUNICIPALITY,42000000-0000-0000-0000-000000001940,Hermosillo,INFLUENZA,Influenza,CONFIRMED,1,2026-08-01 00:00:00,,ACTIVE,COVID19MEXICO,2026-09-28
MUNICIPALITY,42000000-0000-0000-0000-000000001940,Hermosillo,INFLUENZA,Influenza,SUSPECTED,148,2026-08-01 00:00:00,,ACTIVE,COVID19MEXICO,2026-09-28
MUNICIPALITY,42000000-0000-0000-0000-000000001940,Hermosillo,MEASLES,Measles,SUSPECTED,12,2026-09-21 00:00:00,,ACTIVE,EFES_ABIERTO,2026-09-21
MUNICIPALITY,42000000-0000-0000-0000-000000001940,Hermosillo,RUBELLA,Rubella,SUSPECTED,12,2026-09-21 00:00:00,,ACTIVE,EFES_ABIERTO,2026-09-21
MUNICIPALITY,42000000-0000-0000-0000-000000001043,Heroica Ciudad de Ejutla de Crespo,COVID-19,COVID-19,CONFIRMED,1,2026-08-03 00:00:00,,ACTIVE,COVID19MEXICO,2026-09-28
MUNICIPALITY,42000000-0000-0000-0000-000000001043,Heroica Ciudad de Ejutla de Crespo,COVID-19,COVID-19,SUSPECTED,1,2026-08-04 00:00:00,,ACTIVE,COVID19MEXICO,2026-09-28
MUNICIPALITY,42000000-0000-0000-0000-000000001043,Heroica Ciudad de Ejutla de Crespo,INFLUENZA,Influenza,SUSPECTED,1,2026-08-04 00:00:00,,ACTIVE,COVID19MEXICO,2026-09-28
MUNICIPALITY,42000000-0000-0000-0000-000000001054,Heroica Ciudad de Huajuapan de Leon,COVID-19,COVID-19,SUSPECTED,6,2026-08-27 00:00:00,,ACTIVE,COVID19MEXICO,2026-09-28
MUNICIPALITY,42000000-0000-0000-0000-000000001054,Heroica Ciudad de Huajuapan de Leon,INFLUENZA,Influenza,SUSPECTED,6,2026-08-27 00:00:00,,ACTIVE,COVID19MEXICO,2026-09-28
MUNICIPALITY,42000000-0000-0000-0000-000000001054,Heroica Ciudad de Huajuapan de Leon,MEASLES,Measles,CONFIRMED,1,2026-08-15 00:00:00,,ACTIVE,EFES_ABIERTO,2026-09-21
MUNICIPALITY,42000000-0000-0000-0000-000000001054,Heroica Ciudad de Huajuapan de Leon,MEASLES,Measles,SUSPECTED,1,2026-09-21 00:00:00,,ACTIVE,EFES_ABIERTO,2026-09-21
MUNICIPALITY,42000000-0000-0000-0000-000000001054,Heroica Ciudad de Huajuapan de Leon,RUBELLA,Rubella,SUSPECTED,1,2026-09-21 00:00:00,,ACTIVE,EFES_ABIERTO,2026-09-21
MUNICIPALITY,42000000-0000-0000-0000-000000001058,Heroica Ciudad de Juchitan de Zaragoza,COVID-19,COVID-19,CONFIRMED,1,2026-08-25 00:00:00,,ACTIVE,COVID19MEXICO,2026-09-28
MUNICIPALITY,42000000-0000-0000-0000-000000001058,Heroica Ciudad de Juchitan de Zaragoza,COVID-19,COVID-19,SUSPECTED,1,2026-08-13 00:00:00,,ACTIVE,COVID19MEXICO,2026-09-28
MUNICIPALITY,42000000-0000-0000-0000-000000001058,Heroica Ciudad de Juchitan de Zaragoza,INFLUENZA,Influenza,SUSPECTED,1,2026-08-13 00:00:00,,ACTIVE,COVID19MEXICO,2026-09-28
MUNICIPALITY,42000000-0000-0000-0000-000000001412,Heroica Ciudad de Tlaxiaco,COVID-19,COVID-19,SUSPECTED,5,2026-08-15 00:00:00,,ACTIVE,COVID19MEXICO,2026-09-28
MUNICIPALITY,42000000-0000-0000-0000-000000001412,Heroica Ciudad de Tlaxiaco,INFLUENZA,Influenza,SUSPECTED,5,2026-08-15 00:00:00,,ACTIVE,COVID19MEXICO,2026-09-28
MUNICIPALITY,42000000-0000-0000-0000-000000001564,"Heroica Villa Tezoatlan de Segura y Luna, Cuna de la Independencia de Oaxaca",COVID-19,COVID-19,SUSPECTED,1,2026-09-11 00:00:00,,ACTIVE,COVID19MEXICO,2026-09-28
MUNICIPALITY,42000000-0000-0000-0000-000000001564,"Heroica Villa Tezoatlan de Segura y Luna, Cuna de la Independencia de Oaxaca",INFLUENZA,Influenza,SUSPECTED,1,2026-09-11 00:00:00,,ACTIVE,COVID19MEXICO,2026-09-28
MUNICIPALITY,42000000-0000-0000-0000-000000000829,Hidalgo,MEASLES,Measles,SUSPECTED,3,2026-09-21 00:00:00,,ACTIVE,EFES_ABIERTO,2026-09-21
MUNICIPALITY,42000000-0000-0000-0000-000000000829,Hidalgo,RUBELLA,Rubella,SUSPECTED,3,2026-09-21 00:00:00,,ACTIVE,EFES_ABIERTO,2026-09-21
MUNICIPALITY,42000000-0000-0000-0000-000000000240,Hidalgo del Parral,COVID-19,COVID-19,CONFIRMED,1,2026-09-07 00:00:00,,ACTIVE,COVID19MEXICO,2026-09-28
MUNICIPALITY,42000000-0000-0000-0000-000000002349,Hoctun,COVID-19,COVID-19,SUSPECTED,1,2026-08-10 00:00:00,,ACTIVE,COVID19MEXICO,2026-09-28
MUNICIPALITY,42000000-0000-0000-0000-000000002349,Hoctun,INFLUENZA,Influenza,SUSPECTED,1,2026-08-10 00:00:00,,ACTIVE,COVID19MEXICO,2026-09-28
MUNICIPALITY,42000000-0000-0000-0000-000000002350,Homun,INFLUENZA,Influenza,CONFIRMED,1,2026-08-16 00:00:00,,ACTIVE,COVID19MEXICO,2026-09-28
MUNICIPALITY,42000000-0000-0000-0000-000000002055,Huamantla,COVID-19,COVID-19,SUSPECTED,4,2026-08-17 00:00:00,,ACTIVE,COVID19MEXICO,2026-09-28
MUNICIPALITY,42000000-0000-0000-0000-000000002055,Huamantla,INFLUENZA,Influenza,SUSPECTED,4,2026-08-17 00:00:00,,ACTIVE,COVID19MEXICO,2026-09-28
MUNICIPALITY,42000000-0000-0000-0000-000000001654,Huaquechula,COVID-19,COVID-19,SUSPECTED,1,2026-08-15 00:00:00,,ACTIVE,COVID19MEXICO,2026-09-28
MUNICIPALITY,42000000-0000-0000-0000-000000001654,Huaquechula,INFLUENZA,Influenza,SUSPECTED,1,2026-08-15 00:00:00,,ACTIVE,COVID19MEXICO,2026-09-28
MUNICIPALITY,42000000-0000-0000-0000-000000000485,Huasca de Ocampo,COVID-19,COVID-19,CONFIRMED,1,2026-08-05 00:00:00,,ACTIVE,COVID19MEXICO,2026-09-28
MUNICIPALITY,42000000-0000-0000-0000-000000000485,Huasca de Ocampo,COVID-19,COVID-19,SUSPECTED,1,2026-09-11 00:00:00,,ACTIVE,COVID19MEXICO,2026-09-28
MUNICIPALITY,42000000-0000-0000-0000-000000000485,Huasca de Ocampo,INFLUENZA,Influenza,SUSPECTED,1,2026-09-11 00:00:00,,ACTIVE,COVID19MEXICO,2026-09-28
MUNICIPALITY,42000000-0000-0000-0000-000000001655,Huatlatlauca,COVID-19,COVID-19,SUSPECTED,1,2026-09-22 00:00:00,,ACTIVE,COVID19MEXICO,2026-09-28
MUNICIPALITY,42000000-0000-0000-0000-000000001655,Huatlatlauca,INFLUENZA,Influenza,SUSPECTED,1,2026-09-22 00:00:00,,ACTIVE,COVID19MEXICO,2026-09-28
MUNICIPALITY,42000000-0000-0000-0000-000000002173,Huatusco,MEASLES,Measles,SUSPECTED,2,2026-09-21 00:00:00,,ACTIVE,EFES_ABIERTO,2026-09-21
MUNICIPALITY,42000000-0000-0000-0000-000000002173,Huatusco,RUBELLA,Rubella,SUSPECTED,2,2026-09-21 00:00:00,,ACTIVE,EFES_ABIERTO,2026-09-21
MUNICIPALITY,42000000-0000-0000-0000-000000001656,Huauchinango,COVID-19,COVID-19,CONFIRMED,1,2026-08-23 00:00:00,,ACTIVE,COVID19MEXICO,2026-09-28
MUNICIPALITY,42000000-0000-0000-0000-000000001656,Huauchinango,COVID-19,COVID-19,SUSPECTED,16,2026-08-01 00:00:00,,ACTIVE,COVID19MEXICO,2026-09-28
MUNICIPALITY,42000000-0000-0000-0000-000000001656,Huauchinango,INFLUENZA,Influenza,CONFIRMED,2,2026-09-05 00:00:00,,ACTIVE,COVID19MEXICO,2026-09-28
MUNICIPALITY,42000000-0000-0000-0000-000000001656,Huauchinango,INFLUENZA,Influenza,SUSPECTED,16,2026-08-01 00:00:00,,ACTIVE,COVID19MEXICO,2026-09-28
MUNICIPALITY,42000000-0000-0000-0000-000000000488,Huehuetla,COVID-19,COVID-19,CONFIRMED,1,2026-08-04 00:00:00,,ACTIVE,COVID19MEXICO,2026-09-28
MUNICIPALITY,42000000-0000-0000-0000-000000000488,Huehuetla,COVID-19,COVID-19,SUSPECTED,4,2026-08-03 00:00:00,,ACTIVE,COVID19MEXICO,2026-09-28
MUNICIPALITY,42000000-0000-0000-0000-000000000488,Huehuetla,INFLUENZA,Influenza,SUSPECTED,4,2026-08-03 00:00:00,,ACTIVE,COVID19MEXICO,2026-09-28
MUNICIPALITY,42000000-0000-0000-0000-000000000705,Huehuetoca,COVID-19,COVID-19,CONFIRMED,1,2026-08-16 00:00:00,,ACTIVE,COVID19MEXICO,2026-09-28
MUNICIPALITY,42000000-0000-0000-0000-000000000705,Huehuetoca,COVID-19,COVID-19,SUSPECTED,2,2026-08-03 00:00:00,,ACTIVE,COVID19MEXICO,2026-09-28
MUNICIPALITY,42000000-0000-0000-0000-000000000705,Huehuetoca,INFLUENZA,Influenza,SUSPECTED,2,2026-08-03 00:00:00,,ACTIVE,COVID19MEXICO,2026-09-28
MUNICIPALITY,42000000-0000-0000-0000-000000000705,Huehuetoca,MEASLES,Measles,SUSPECTED,1,2026-09-21 00:00:00,,ACTIVE,EFES_ABIERTO,2026-09-21
MUNICIPALITY,42000000-0000-0000-0000-000000000705,Huehuetoca,RUBELLA,Rubella,SUSPECTED,1,2026-09-21 00:00:00,,ACTIVE,EFES_ABIERTO,2026-09-21
MUNICIPALITY,42000000-0000-0000-0000-000000001659,Huejotzingo,COVID-19,COVID-19,CONFIRMED,1,2026-09-26 00:00:00,,ACTIVE,COVID19MEXICO,2026-09-28
MUNICIPALITY,42000000-0000-0000-0000-000000001659,Huejotzingo,COVID-19,COVID-19,SUSPECTED,7,2026-08-08 00:00:00,,ACTIVE,COVID19MEXICO,2026-09-28
MUNICIPALITY,42000000-0000-0000-0000-000000001659,Huejotzingo,INFLUENZA,Influenza,SUSPECTED,7,2026-08-08 00:00:00,,ACTIVE,COVID19MEXICO,2026-09-28
MUNICIPALITY,42000000-0000-0000-0000-000000000489,Huejutla de Reyes,COVID-19,COVID-19,CONFIRMED,1,2026-08-04 00:00:00,,ACTIVE,COVID19MEXICO,2026-09-28
MUNICIPALITY,42000000-0000-0000-0000-000000000489,Huejutla de Reyes,COVID-19,COVID-19,SUSPECTED,11,2026-08-01 00:00:00,,ACTIVE,COVID19MEXICO,2026-09-28
MUNICIPALITY,42000000-0000-0000-0000-000000000489,Huejutla de Reyes,INFLUENZA,Influenza,SUSPECTED,11,2026-08-01 00:00:00,,ACTIVE,COVID19MEXICO,2026-09-28
MUNICIPALITY,42000000-0000-0000-0000-000000002175,Hueyapan de Ocampo,COVID-19,COVID-19,SUSPECTED,1,2026-08-01 00:00:00,,ACTIVE,COVID19MEXICO,2026-09-28
MUNICIPALITY,42000000-0000-0000-0000-000000002175,Hueyapan de Ocampo,INFLUENZA,Influenza,SUSPECTED,1,2026-08-01 00:00:00,,ACTIVE,COVID19MEXICO,2026-09-28
MUNICIPALITY,42000000-0000-0000-0000-000000000706,Hueypoxtla,COVID-19,COVID-19,CONFIRMED,1,2026-08-10 00:00:00,,ACTIVE,COVID19MEXICO,2026-09-28
MUNICIPALITY,42000000-0000-0000-0000-000000001661,Hueytamalco,COVID-19,COVID-19,SUSPECTED,1,2026-09-19 00:00:00,,ACTIVE,COVID19MEXICO,2026-09-28
MUNICIPALITY,42000000-0000-0000-0000-000000001661,Hueytamalco,INFLUENZA,Influenza,SUSPECTED,1,2026-09-19 00:00:00,,ACTIVE,COVID19MEXICO,2026-09-28
MUNICIPALITY,42000000-0000-0000-0000-000000000490,Huichapan,COVID-19,COVID-19,CONFIRMED,3,2026-08-23 00:00:00,,ACTIVE,COVID19MEXICO,2026-09-28
MUNICIPALITY,42000000-0000-0000-0000-000000000490,Huichapan,COVID-19,COVID-19,SUSPECTED,2,2026-09-20 00:00:00,,ACTIVE,COVID19MEXICO,2026-09-28
MUNICIPALITY,42000000-0000-0000-0000-000000000490,Huichapan,INFLUENZA,Influenza,SUSPECTED,2,2026-09-20 00:00:00,,ACTIVE,COVID19MEXICO,2026-09-28
MUNICIPALITY,42000000-0000-0000-0000-000000001990,Huimanguillo,COVID-19,COVID-19,SUSPECTED,3,2026-08-17 00:00:00,,ACTIVE,COVID19MEXICO,2026-09-28
MUNICIPALITY,42000000-0000-0000-0000-000000001990,Huimanguillo,INFLUENZA,Influenza,SUSPECTED,3,2026-08-17 00:00:00,,ACTIVE,COVID19MEXICO,2026-09-28
MUNICIPALITY,42000000-0000-0000-0000-000000001990,Huimanguillo,MEASLES,Measles,CONFIRMED,1,2026-09-03 00:00:00,,ACTIVE,EFES_ABIERTO,2026-09-21
MUNICIPALITY,42000000-0000-0000-0000-000000001990,Huimanguillo,MEASLES,Measles,SUSPECTED,1,2026-09-21 00:00:00,,ACTIVE,EFES_ABIERTO,2026-09-21
MUNICIPALITY,42000000-0000-0000-0000-000000001990,Huimanguillo,RUBELLA,Rubella,SUSPECTED,1,2026-09-21 00:00:00,,ACTIVE,EFES_ABIERTO,2026-09-21
MUNICIPALITY,42000000-0000-0000-0000-000000000917,Huitzilac,COVID-19,COVID-19,CONFIRMED,2,2026-08-02 00:00:00,,ACTIVE,COVID19MEXICO,2026-09-28
MUNICIPALITY,42000000-0000-0000-0000-000000000917,Huitzilac,MEASLES,Measles,SUSPECTED,1,2026-09-21 00:00:00,,ACTIVE,EFES_ABIERTO,2026-09-21
MUNICIPALITY,42000000-0000-0000-0000-000000000917,Huitzilac,RUBELLA,Rubella,SUSPECTED,1,2026-09-21 00:00:00,,ACTIVE,EFES_ABIERTO,2026-09-21
MUNICIPALITY,42000000-0000-0000-0000-000000000707,Huixquilucan,COVID-19,COVID-19,SUSPECTED,4,2026-09-09 00:00:00,,ACTIVE,COVID19MEXICO,2026-09-28
MUNICIPALITY,42000000-0000-0000-0000-000000000707,Huixquilucan,INFLUENZA,Influenza,CONFIRMED,1,2026-09-06 00:00:00,,ACTIVE,COVID19MEXICO,2026-09-28
MUNICIPALITY,42000000-0000-0000-0000-000000000707,Huixquilucan,INFLUENZA,Influenza,SUSPECTED,4,2026-09-09 00:00:00,,ACTIVE,COVID19MEXICO,2026-09-28
MUNICIPALITY,42000000-0000-0000-0000-000000000707,Huixquilucan,MEASLES,Measles,SUSPECTED,3,2026-09-21 00:00:00,,ACTIVE,EFES_ABIERTO,2026-09-21
MUNICIPALITY,42000000-0000-0000-0000-000000000707,Huixquilucan,RUBELLA,Rubella,SUSPECTED,3,2026-09-21 00:00:00,,ACTIVE,EFES_ABIERTO,2026-09-21
MUNICIPALITY,42000000-0000-0000-0000-000000000124,Huixtla,MEASLES,Measles,CONFIRMED,1,2026-09-04 00:00:00,,ACTIVE,EFES_ABIERTO,2026-09-21
MUNICIPALITY,42000000-0000-0000-0000-000000002352,Hunucma,COVID-19,COVID-19,CONFIRMED,1,2026-09-05 00:00:00,,ACTIVE,COVID19MEXICO,2026-09-28
MUNICIPALITY,42000000-0000-0000-0000-000000002352,Hunucma,COVID-19,COVID-19,SUSPECTED,2,2026-09-07 00:00:00,,ACTIVE,COVID19MEXICO,2026-09-28
MUNICIPALITY,42000000-0000-0000-0000-000000002352,Hunucma,INFLUENZA,Influenza,CONFIRMED,1,2026-09-05 00:00:00,,ACTIVE,COVID19MEXICO,2026-09-28
MUNICIPALITY,42000000-0000-0000-0000-000000002352,Hunucma,INFLUENZA,Influenza,SUSPECTED,2,2026-09-07 00:00:00,,ACTIVE,COVID19MEXICO,2026-09-28
MUNICIPALITY,42000000-0000-0000-0000-000000000411,Iguala de la Independencia,COVID-19,COVID-19,SUSPECTED,3,2026-08-03 00:00:00,,ACTIVE,COVID19MEXICO,2026-09-28
MUNICIPALITY,42000000-0000-0000-0000-000000000411,Iguala de la Independencia,INFLUENZA,Influenza,CONFIRMED,1,2026-08-12 00:00:00,,ACTIVE,COVID19MEXICO,2026-09-28
MUNICIPALITY,42000000-0000-0000-0000-000000000411,Iguala de la Independencia,INFLUENZA,Influenza,SUSPECTED,3,2026-08-03 00:00:00,,ACTIVE,COVID19MEXICO,2026-09-28
MUNICIPALITY,42000000-0000-0000-0000-000000000411,Iguala de la Independencia,MEASLES,Measles,SUSPECTED,1,2026-09-21 00:00:00,,ACTIVE,EFES_ABIERTO,2026-09-21
MUNICIPALITY,42000000-0000-0000-0000-000000000411,Iguala de la Independencia,RUBELLA,Rubella,SUSPECTED,1,2026-09-21 00:00:00,,ACTIVE,EFES_ABIERTO,2026-09-21
MUNICIPALITY,42000000-0000-0000-0000-000000000347,Irapuato,COVID-19,COVID-19,CONFIRMED,5,2026-08-03 00:00:00,,ACTIVE,COVID19MEXICO,2026-09-28
MUNICIPALITY,42000000-0000-0000-0000-000000000347,Irapuato,COVID-19,COVID-19,SUSPECTED,80,2026-08-04 00:00:00,,ACTIVE,COVID19MEXICO,2026-09-28
MUNICIPALITY,42000000-0000-0000-0000-000000000347,Irapuato,INFLUENZA,Influenza,SUSPECTED,80,2026-08-04 00:00:00,,ACTIVE,COVID19MEXICO,2026-09-28
MUNICIPALITY,42000000-0000-0000-0000-000000000347,Irapuato,MEASLES,Measles,SUSPECTED,2,2026-09-21 00:00:00,,ACTIVE,EFES_ABIERTO,2026-09-21
MUNICIPALITY,42000000-0000-0000-0000-000000000347,Irapuato,RUBELLA,Rubella,SUSPECTED,2,2026-09-21 00:00:00,,ACTIVE,EFES_ABIERTO,2026-09-21
MUNICIPALITY,42000000-0000-0000-0000-000000001823,Isla Mujeres,COVID-19,COVID-19,SUSPECTED,6,2026-08-01 00:00:00,,ACTIVE,COVID19MEXICO,2026-09-28
MUNICIPALITY,42000000-0000-0000-0000-000000001823,Isla Mujeres,INFLUENZA,Influenza,SUSPECTED,6,2026-08-01 00:00:00,,ACTIVE,COVID19MEXICO,2026-09-28
MUNICIPALITY,42000000-0000-0000-0000-000000001823,Isla Mujeres,MEASLES,Measles,CONFIRMED,1,2026-08-18 00:00:00,,ACTIVE,EFES_ABIERTO,2026-09-21
MUNICIPALITY,42000000-0000-0000-0000-000000001823,Isla Mujeres,MEASLES,Measles,SUSPECTED,3,2026-09-21 00:00:00,,ACTIVE,EFES_ABIERTO,2026-09-21
MUNICIPALITY,42000000-0000-0000-0000-000000001823,Isla Mujeres,RUBELLA,Rubella,SUSPECTED,3,2026-09-21 00:00:00,,ACTIVE,EFES_ABIERTO,2026-09-21
MUNICIPALITY,42000000-0000-0000-0000-000000000413,Ixcateopan de Cuauhtemoc,COVID-19,COVID-19,SUSPECTED,1,2026-08-02 00:00:00,,ACTIVE,COVID19MEXICO,2026-09-28
MUNICIPALITY,42000000-0000-0000-0000-000000000413,Ixcateopan de Cuauhtemoc,INFLUENZA,Influenza,SUSPECTED,1,2026-08-02 00:00:00,,ACTIVE,COVID19MEXICO,2026-09-28
MUNICIPALITY,42000000-0000-0000-0000-000000002180,Ixcatepec,COVID-19,COVID-19,SUSPECTED,1,2026-08-16 00:00:00,,ACTIVE,COVID19MEXICO,2026-09-28
MUNICIPALITY,42000000-0000-0000-0000-000000002180,Ixcatepec,INFLUENZA,Influenza,SUSPECTED,1,2026-08-16 00:00:00,,ACTIVE,COVID19MEXICO,2026-09-28
MUNICIPALITY,42000000-0000-0000-0000-000000002185,Ixhuatlan de Madero,COVID-19,COVID-19,SUSPECTED,1,2026-09-16 00:00:00,,ACTIVE,COVID19MEXICO,2026-09-28
MUNICIPALITY,42000000-0000-0000-0000-000000002185,Ixhuatlan de Madero,DENGUE,Dengue fever,SUSPECTED,1,2026-08-17 00:00:00,,ACTIVE,DENGUE_ABIERTO,2026-09-14
MUNICIPALITY,42000000-0000-0000-0000-000000002185,Ixhuatlan de Madero,INFLUENZA,Influenza,SUSPECTED,1,2026-09-16 00:00:00,,ACTIVE,COVID19MEXICO,2026-09-28
MUNICIPALITY,42000000-0000-0000-0000-000000002183,Ixhuatlancillo,COVID-19,COVID-19,SUSPECTED,2,2026-08-04 00:00:00,,ACTIVE,COVID19MEXICO,2026-09-28
MUNICIPALITY,42000000-0000-0000-0000-000000002183,Ixhuatlancillo,INFLUENZA,Influenza,SUSPECTED,2,2026-08-04 00:00:00,,ACTIVE,COVID19MEXICO,2026-09-28
MUNICIPALITY,42000000-0000-0000-0000-000000002353,Ixil,COVID-19,COVID-19,SUSPECTED,1,2026-09-24 00:00:00,,ACTIVE,COVID19MEXICO,2026-09-28
MUNICIPALITY,42000000-0000-0000-0000-000000002353,Ixil,INFLUENZA,Influenza,SUSPECTED,1,2026-09-24 00:00:00,,ACTIVE,COVID19MEXICO,2026-09-28
MUNICIPALITY,42000000-0000-0000-0000-000000000491,Ixmiquilpan,COVID-19,COVID-19,CONFIRMED,3,2026-09-08 00:00:00,,ACTIVE,COVID19MEXICO,2026-09-28
MUNICIPALITY,42000000-0000-0000-0000-000000000491,Ixmiquilpan,COVID-19,COVID-19,SUSPECTED,1,2026-08-11 00:00:00,,ACTIVE,COVID19MEXICO,2026-09-28
MUNICIPALITY,42000000-0000-0000-0000-000000000491,Ixmiquilpan,INFLUENZA,Influenza,CONFIRMED,1,2026-08-06 00:00:00,,ACTIVE,COVID19MEXICO,2026-09-28
MUNICIPALITY,42000000-0000-0000-0000-000000000491,Ixmiquilpan,INFLUENZA,Influenza,SUSPECTED,1,2026-08-11 00:00:00,,ACTIVE,COVID19MEXICO,2026-09-28
MUNICIPALITY,42000000-0000-0000-0000-000000001668,Ixtacamaxtitlan,COVID-19,COVID-19,CONFIRMED,1,2026-08-24 00:00:00,,ACTIVE,COVID19MEXICO,2026-09-28
MUNICIPALITY,42000000-0000-0000-0000-000000001668,Ixtacamaxtitlan,COVID-19,COVID-19,SUSPECTED,2,2026-08-17 00:00:00,,ACTIVE,COVID19MEXICO,2026-09-28
MUNICIPALITY,42000000-0000-0000-0000-000000001668,Ixtacamaxtitlan,INFLUENZA,Influenza,CONFIRMED,1,2026-08-27 00:00:00,,ACTIVE,COVID19MEXICO,2026-09-28
MUNICIPALITY,42000000-0000-0000-0000-000000001668,Ixtacamaxtitlan,INFLUENZA,Influenza,SUSPECTED,2,2026-08-17 00:00:00,,ACTIVE,COVID19MEXICO,2026-09-28
MUNICIPALITY,42000000-0000-0000-0000-000000002057,Ixtacuixtla de Mariano Matamoros,COVID-19,COVID-19,CONFIRMED,3,2026-08-03 00:00:00,,ACTIVE,COVID19MEXICO,2026-09-28
MUNICIPALITY,42000000-0000-0000-0000-000000002057,Ixtacuixtla de Mariano Matamoros,COVID-19,COVID-19,SUSPECTED,33,2026-08-03 00:00:00,,ACTIVE,COVID19MEXICO,2026-09-28
MUNICIPALITY,42000000-0000-0000-0000-000000002057,Ixtacuixtla de Mariano Matamoros,INFLUENZA,Influenza,SUSPECTED,33,2026-08-03 00:00:00,,ACTIVE,COVID19MEXICO,2026-09-28
MUNICIPALITY,42000000-0000-0000-0000-000000002187,Ixtaczoquitlan,MEASLES,Measles,SUSPECTED,3,2026-09-21 00:00:00,,ACTIVE,EFES_ABIERTO,2026-09-21
MUNICIPALITY,42000000-0000-0000-0000-000000002187,Ixtaczoquitlan,RUBELLA,Rubella,SUSPECTED,3,2026-09-21 00:00:00,,ACTIVE,EFES_ABIERTO,2026-09-21
MUNICIPALITY,42000000-0000-0000-0000-000000000709,Ixtapaluca,COVID-19,COVID-19,CONFIRMED,3,2026-08-02 00:00:00,,ACTIVE,COVID19MEXICO,2026-09-28
MUNICIPALITY,42000000-0000-0000-0000-000000000709,Ixtapaluca,COVID-19,COVID-19,SUSPECTED,3,2026-08-16 00:00:00,,ACTIVE,COVID19MEXICO,2026-09-28
MUNICIPALITY,42000000-0000-0000-0000-000000000709,Ixtapaluca,INFLUENZA,Influenza,SUSPECTED,3,2026-08-16 00:00:00,,ACTIVE,COVID19MEXICO,2026-09-28
MUNICIPALITY,42000000-0000-0000-0000-000000000709,Ixtapaluca,MEASLES,Measles,SUSPECTED,9,2026-09-21 00:00:00,,ACTIVE,EFES_ABIERTO,2026-09-21
MUNICIPALITY,42000000-0000-0000-0000-000000000709,Ixtapaluca,RUBELLA,Rubella,SUSPECTED,9,2026-09-21 00:00:00,,ACTIVE,EFES_ABIERTO,2026-09-21
MUNICIPALITY,42000000-0000-0000-0000-000000000712,Ixtlahuaca,COVID-19,COVID-19,CONFIRMED,1,2026-08-06 00:00:00,,ACTIVE,COVID19MEXICO,2026-09-28
MUNICIPALITY,42000000-0000-0000-0000-000000000712,Ixtlahuaca,COVID-19,COVID-19,SUSPECTED,3,2026-08-09 00:00:00,,ACTIVE,COVID19MEXICO,2026-09-28
MUNICIPALITY,42000000-0000-0000-0000-000000000712,Ixtlahuaca,INFLUENZA,Influenza,SUSPECTED,3,2026-08-09 00:00:00,,ACTIVE,COVID19MEXICO,2026-09-28
MUNICIPALITY,42000000-0000-0000-0000-000000000712,Ixtlahuaca,MEASLES,Measles,SUSPECTED,1,2026-09-21 00:00:00,,ACTIVE,EFES_ABIERTO,2026-09-21
MUNICIPALITY,42000000-0000-0000-0000-000000000712,Ixtlahuaca,RUBELLA,Rubella,SUSPECTED,1,2026-09-21 00:00:00,,ACTIVE,EFES_ABIERTO,2026-09-21
MUNICIPALITY,42000000-0000-0000-0000-000000000589,Ixtlahuacan de los Membrillos,MEASLES,Measles,CONFIRMED,2,2026-08-11 00:00:00,,ACTIVE,EFES_ABIERTO,2026-09-21
MUNICIPALITY,42000000-0000-0000-0000-000000000589,Ixtlahuacan de los Membrillos,MEASLES,Measles,SUSPECTED,8,2026-09-21 00:00:00,,ACTIVE,EFES_ABIERTO,2026-09-21
MUNICIPALITY,42000000-0000-0000-0000-000000000589,Ixtlahuacan de los Membrillos,RUBELLA,Rubella,SUSPECTED,8,2026-09-21 00:00:00,,ACTIVE,EFES_ABIERTO,2026-09-21
MUNICIPALITY,42000000-0000-0000-0000-000000000590,Ixtlahuacan del Rio,MEASLES,Measles,SUSPECTED,6,2026-09-21 00:00:00,,ACTIVE,EFES_ABIERTO,2026-09-21
MUNICIPALITY,42000000-0000-0000-0000-000000000590,Ixtlahuacan del Rio,RUBELLA,Rubella,SUSPECTED,6,2026-09-21 00:00:00,,ACTIVE,EFES_ABIERTO,2026-09-21
MUNICIPALITY,42000000-0000-0000-0000-000000000950,Ixtlan del Rio,COVID-19,COVID-19,CONFIRMED,1,2026-09-15 00:00:00,,ACTIVE,COVID19MEXICO,2026-09-28
MUNICIPALITY,42000000-0000-0000-0000-000000002354,Izamal,COVID-19,COVID-19,SUSPECTED,7,2026-09-05 00:00:00,,ACTIVE,COVID19MEXICO,2026-09-28
MUNICIPALITY,42000000-0000-0000-0000-000000002354,Izamal,INFLUENZA,Influenza,CONFIRMED,1,2026-09-08 00:00:00,,ACTIVE,COVID19MEXICO,2026-09-28
MUNICIPALITY,42000000-0000-0000-0000-000000002354,Izamal,INFLUENZA,Influenza,SUSPECTED,7,2026-09-05 00:00:00,,ACTIVE,COVID19MEXICO,2026-09-28
MUNICIPALITY,42000000-0000-0000-0000-000000002354,Izamal,MEASLES,Measles,SUSPECTED,1,2026-09-21 00:00:00,,ACTIVE,EFES_ABIERTO,2026-09-21
MUNICIPALITY,42000000-0000-0000-0000-000000002354,Izamal,RUBELLA,Rubella,SUSPECTED,1,2026-09-21 00:00:00,,ACTIVE,EFES_ABIERTO,2026-09-21
MUNICIPALITY,42000000-0000-0000-0000-000000000280,Iztacalco,COVID-19,COVID-19,CONFIRMED,8,2026-08-03 00:00:00,,ACTIVE,COVID19MEXICO,2026-09-28
MUNICIPALITY,42000000-0000-0000-0000-000000000280,Iztacalco,COVID-19,COVID-19,SUSPECTED,58,2026-08-03 00:00:00,,ACTIVE,COVID19MEXICO,2026-09-28
MUNICIPALITY,42000000-0000-0000-0000-000000000280,Iztacalco,INFLUENZA,Influenza,CONFIRMED,1,2026-08-26 00:00:00,,ACTIVE,COVID19MEXICO,2026-09-28
MUNICIPALITY,42000000-0000-0000-0000-000000000280,Iztacalco,INFLUENZA,Influenza,SUSPECTED,58,2026-08-03 00:00:00,,ACTIVE,COVID19MEXICO,2026-09-28
MUNICIPALITY,42000000-0000-0000-0000-000000000280,Iztacalco,MEASLES,Measles,CONFIRMED,1,2026-08-31 00:00:00,,ACTIVE,EFES_ABIERTO,2026-09-21
MUNICIPALITY,42000000-0000-0000-0000-000000000280,Iztacalco,MEASLES,Measles,SUSPECTED,1,2026-09-21 00:00:00,,ACTIVE,EFES_ABIERTO,2026-09-21
MUNICIPALITY,42000000-0000-0000-0000-000000000280,Iztacalco,RUBELLA,Rubella,SUSPECTED,1,2026-09-21 00:00:00,,ACTIVE,EFES_ABIERTO,2026-09-21
MUNICIPALITY,42000000-0000-0000-0000-000000000281,Iztapalapa,COVID-19,COVID-19,CONFIRMED,27,2026-08-01 00:00:00,,ACTIVE,COVID19MEXICO,2026-09-28
MUNICIPALITY,42000000-0000-0000-0000-000000000281,Iztapalapa,COVID-19,COVID-19,SUSPECTED,79,2026-08-02 00:00:00,,ACTIVE,COVID19MEXICO,2026-09-28
MUNICIPALITY,42000000-0000-0000-0000-000000000281,Iztapalapa,INFLUENZA,Influenza,CONFIRMED,12,2026-08-02 00:00:00,,ACTIVE,COVID19MEXICO,2026-09-28
MUNICIPALITY,42000000-0000-0000-0000-000000000281,Iztapalapa,INFLUENZA,Influenza,SUSPECTED,79,2026-08-02 00:00:00,,ACTIVE,COVID19MEXICO,2026-09-28
MUNICIPALITY,42000000-0000-0000-0000-000000000281,Iztapalapa,MEASLES,Measles,CONFIRMED,8,2026-08-03 00:00:00,,ACTIVE,EFES_ABIERTO,2026-09-21
MUNICIPALITY,42000000-0000-0000-0000-000000000281,Iztapalapa,MEASLES,Measles,SUSPECTED,9,2026-09-21 00:00:00,,ACTIVE,EFES_ABIERTO,2026-09-21
MUNICIPALITY,42000000-0000-0000-0000-000000000281,Iztapalapa,RUBELLA,Rubella,SUSPECTED,9,2026-09-21 00:00:00,,ACTIVE,EFES_ABIERTO,2026-09-21
MUNICIPALITY,42000000-0000-0000-0000-000000001670,Izucar de Matamoros,COVID-19,COVID-19,CONFIRMED,3,2026-08-17 00:00:00,,ACTIVE,COVID19MEXICO,2026-09-28
MUNICIPALITY,42000000-0000-0000-0000-000000001670,Izucar de Matamoros,COVID-19,COVID-19,SUSPECTED,28,2026-08-01 00:00:00,,ACTIVE,COVID19MEXICO,2026-09-28
MUNICIPALITY,42000000-0000-0000-0000-000000001670,Izucar de Matamoros,INFLUENZA,Influenza,SUSPECTED,28,2026-08-01 00:00:00,,ACTIVE,COVID19MEXICO,2026-09-28
MUNICIPALITY,42000000-0000-0000-0000-000000000492,Jacala de Ledezma,COVID-19,COVID-19,SUSPECTED,1,2026-08-27 00:00:00,,ACTIVE,COVID19MEXICO,2026-09-28
MUNICIPALITY,42000000-0000-0000-0000-000000000492,Jacala de Ledezma,INFLUENZA,Influenza,SUSPECTED,1,2026-08-27 00:00:00,,ACTIVE,COVID19MEXICO,2026-09-28
MUNICIPALITY,42000000-0000-0000-0000-000000000838,Jacona,COVID-19,COVID-19,SUSPECTED,1,2026-09-19 00:00:00,,ACTIVE,COVID19MEXICO,2026-09-28
MUNICIPALITY,42000000-0000-0000-0000-000000000838,Jacona,INFLUENZA,Influenza,SUSPECTED,1,2026-09-19 00:00:00,,ACTIVE,COVID19MEXICO,2026-09-28
MUNICIPALITY,42000000-0000-0000-0000-000000000838,Jacona,MEASLES,Measles,SUSPECTED,1,2026-09-21 00:00:00,,ACTIVE,EFES_ABIERTO,2026-09-21
MUNICIPALITY,42000000-0000-0000-0000-000000000838,Jacona,RUBELLA,Rubella,SUSPECTED,1,2026-09-21 00:00:00,,ACTIVE,EFES_ABIERTO,2026-09-21
MUNICIPALITY,42000000-0000-0000-0000-000000001991,Jalapa,COVID-19,COVID-19,CONFIRMED,1,2026-08-14 00:00:00,,ACTIVE,COVID19MEXICO,2026-09-28
MUNICIPALITY,42000000-0000-0000-0000-000000000591,Jalostotitlan,COVID-19,COVID-19,CONFIRMED,1,2026-09-22 00:00:00,,ACTIVE,COVID19MEXICO,2026-09-28
MUNICIPALITY,42000000-0000-0000-0000-000000000591,Jalostotitlan,COVID-19,COVID-19,SUSPECTED,1,2026-09-23 00:00:00,,ACTIVE,COVID19MEXICO,2026-09-28
MUNICIPALITY,42000000-0000-0000-0000-000000000591,Jalostotitlan,INFLUENZA,Influenza,SUSPECTED,1,2026-09-23 00:00:00,,ACTIVE,COVID19MEXICO,2026-09-28
MUNICIPALITY,42000000-0000-0000-0000-000000001992,Jalpa de Mendez,INFLUENZA,Influenza,CONFIRMED,2,2026-09-02 00:00:00,,ACTIVE,COVID19MEXICO,2026-09-28
MUNICIPALITY,42000000-0000-0000-0000-000000001811,Jalpan de Serra,COVID-19,COVID-19,CONFIRMED,3,2026-09-04 00:00:00,,ACTIVE,COVID19MEXICO,2026-09-28
MUNICIPALITY,42000000-0000-0000-0000-000000001811,Jalpan de Serra,COVID-19,COVID-19,SUSPECTED,8,2026-09-05 00:00:00,,ACTIVE,COVID19MEXICO,2026-09-28
MUNICIPALITY,42000000-0000-0000-0000-000000001811,Jalpan de Serra,INFLUENZA,Influenza,SUSPECTED,8,2026-09-05 00:00:00,,ACTIVE,COVID19MEXICO,2026-09-28
MUNICIPALITY,42000000-0000-0000-0000-000000000714,Jaltenco,COVID-19,COVID-19,SUSPECTED,1,2026-09-21 00:00:00,,ACTIVE,COVID19MEXICO,2026-09-28
MUNICIPALITY,42000000-0000-0000-0000-000000000714,Jaltenco,INFLUENZA,Influenza,SUSPECTED,1,2026-09-21 00:00:00,,ACTIVE,COVID19MEXICO,2026-09-28
MUNICIPALITY,42000000-0000-0000-0000-000000000592,Jamay,COVID-19,COVID-19,CONFIRMED,1,2026-09-11 00:00:00,,ACTIVE,COVID19MEXICO,2026-09-28
MUNICIPALITY,42000000-0000-0000-0000-000000000592,Jamay,COVID-19,COVID-19,SUSPECTED,1,2026-09-20 00:00:00,,ACTIVE,COVID19MEXICO,2026-09-28
MUNICIPALITY,42000000-0000-0000-0000-000000000592,Jamay,INFLUENZA,Influenza,SUSPECTED,1,2026-09-20 00:00:00,,ACTIVE,COVID19MEXICO,2026-09-28
MUNICIPALITY,42000000-0000-0000-0000-000000000348,Jaral del Progreso,COVID-19,COVID-19,SUSPECTED,1,2026-09-10 00:00:00,,ACTIVE,COVID19MEXICO,2026-09-28
MUNICIPALITY,42000000-0000-0000-0000-000000000348,Jaral del Progreso,INFLUENZA,Influenza,SUSPECTED,1,2026-09-10 00:00:00,,ACTIVE,COVID19MEXICO,2026-09-28
MUNICIPALITY,42000000-0000-0000-0000-000000000349,Jerecuaro,COVID-19,COVID-19,SUSPECTED,1,2026-09-02 00:00:00,,ACTIVE,COVID19MEXICO,2026-09-28
MUNICIPALITY,42000000-0000-0000-0000-000000000349,Jerecuaro,INFLUENZA,Influenza,SUSPECTED,1,2026-09-02 00:00:00,,ACTIVE,COVID19MEXICO,2026-09-28
MUNICIPALITY,42000000-0000-0000-0000-000000000349,Jerecuaro,MEASLES,Measles,SUSPECTED,3,2026-09-21 00:00:00,,ACTIVE,EFES_ABIERTO,2026-09-21
MUNICIPALITY,42000000-0000-0000-0000-000000000349,Jerecuaro,RUBELLA,Rubella,SUSPECTED,3,2026-09-21 00:00:00,,ACTIVE,EFES_ABIERTO,2026-09-21
MUNICIPALITY,42000000-0000-0000-0000-000000002440,Jerez,COVID-19,COVID-19,CONFIRMED,3,2026-08-07 00:00:00,,ACTIVE,COVID19MEXICO,2026-09-28
MUNICIPALITY,42000000-0000-0000-0000-000000002440,Jerez,COVID-19,COVID-19,SUSPECTED,2,2026-09-21 00:00:00,,ACTIVE,COVID19MEXICO,2026-09-28
MUNICIPALITY,42000000-0000-0000-0000-000000002440,Jerez,INFLUENZA,Influenza,SUSPECTED,2,2026-09-21 00:00:00,,ACTIVE,COVID19MEXICO,2026-09-28
MUNICIPALITY,42000000-0000-0000-0000-000000002440,Jerez,MEASLES,Measles,SUSPECTED,1,2026-09-21 00:00:00,,ACTIVE,EFES_ABIERTO,2026-09-21
MUNICIPALITY,42000000-0000-0000-0000-000000002440,Jerez,RUBELLA,Rubella,SUSPECTED,1,2026-09-21 00:00:00,,ACTIVE,EFES_ABIERTO,2026-09-21
MUNICIPALITY,42000000-0000-0000-0000-000000000005,Jesus Maria,COVID-19,COVID-19,SUSPECTED,17,2026-08-03 00:00:00,,ACTIVE,COVID19MEXICO,2026-09-28
MUNICIPALITY,42000000-0000-0000-0000-000000000005,Jesus Maria,INFLUENZA,Influenza,SUSPECTED,17,2026-08-03 00:00:00,,ACTIVE,COVID19MEXICO,2026-09-28
MUNICIPALITY,42000000-0000-0000-0000-000000000005,Jesus Maria,MEASLES,Measles,SUSPECTED,4,2026-09-21 00:00:00,,ACTIVE,EFES_ABIERTO,2026-09-21
MUNICIPALITY,42000000-0000-0000-0000-000000000593,Jesus Maria,MEASLES,Measles,SUSPECTED,2,2026-09-21 00:00:00,,ACTIVE,EFES_ABIERTO,2026-09-21
MUNICIPALITY,42000000-0000-0000-0000-000000000005,Jesus Maria,RUBELLA,Rubella,SUSPECTED,4,2026-09-21 00:00:00,,ACTIVE,EFES_ABIERTO,2026-09-21
MUNICIPALITY,42000000-0000-0000-0000-000000000593,Jesus Maria,RUBELLA,Rubella,SUSPECTED,2,2026-09-21 00:00:00,,ACTIVE,EFES_ABIERTO,2026-09-21
MUNICIPALITY,42000000-0000-0000-0000-000000002195,Jilotepec,COVID-19,COVID-19,SUSPECTED,1,2026-09-06 00:00:00,,ACTIVE,COVID19MEXICO,2026-09-28
MUNICIPALITY,42000000-0000-0000-0000-000000002195,Jilotepec,INFLUENZA,Influenza,SUSPECTED,1,2026-09-06 00:00:00,,ACTIVE,COVID19MEXICO,2026-09-28
MUNICIPALITY,42000000-0000-0000-0000-000000000716,Jilotzingo,COVID-19,COVID-19,SUSPECTED,1,2026-08-02 00:00:00,,ACTIVE,COVID19MEXICO,2026-09-28
MUNICIPALITY,42000000-0000-0000-0000-000000000716,Jilotzingo,INFLUENZA,Influenza,SUSPECTED,1,2026-08-02 00:00:00,,ACTIVE,COVID19MEXICO,2026-09-28
MUNICIPALITY,42000000-0000-0000-0000-000000000244,Jimenez,COVID-19,COVID-19,CONFIRMED,1,2026-08-04 00:00:00,,ACTIVE,COVID19MEXICO,2026-09-28
MUNICIPALITY,42000000-0000-0000-0000-000000000244,Jimenez,COVID-19,COVID-19,SUSPECTED,2,2026-09-23 00:00:00,,ACTIVE,COVID19MEXICO,2026-09-28
MUNICIPALITY,42000000-0000-0000-0000-000000000244,Jimenez,INFLUENZA,Influenza,SUSPECTED,2,2026-09-23 00:00:00,,ACTIVE,COVID19MEXICO,2026-09-28
MUNICIPALITY,42000000-0000-0000-0000-000000000244,Jimenez,MEASLES,Measles,SUSPECTED,1,2026-09-21 00:00:00,,ACTIVE,EFES_ABIERTO,2026-09-21
MUNICIPALITY,42000000-0000-0000-0000-000000000839,Jimenez,MEASLES,Measles,SUSPECTED,1,2026-09-21 00:00:00,,ACTIVE,EFES_ABIERTO,2026-09-21
MUNICIPALITY,42000000-0000-0000-0000-000000000244,Jimenez,RUBELLA,Rubella,SUSPECTED,1,2026-09-21 00:00:00,,ACTIVE,EFES_ABIERTO,2026-09-21
MUNICIPALITY,42000000-0000-0000-0000-000000000839,Jimenez,RUBELLA,Rubella,SUSPECTED,1,2026-09-21 00:00:00,,ACTIVE,EFES_ABIERTO,2026-09-21
MUNICIPALITY,42000000-0000-0000-0000-000000000840,Jiquilpan,MEASLES,Measles,SUSPECTED,1,2026-09-21 00:00:00,,ACTIVE,EFES_ABIERTO,2026-09-21
MUNICIPALITY,42000000-0000-0000-0000-000000000840,Jiquilpan,RUBELLA,Rubella,SUSPECTED,1,2026-09-21 00:00:00,,ACTIVE,EFES_ABIERTO,2026-09-21
MUNICIPALITY,42000000-0000-0000-0000-000000000130,Jiquipilas,COVID-19,COVID-19,SUSPECTED,4,2026-08-04 00:00:00,,ACTIVE,COVID19MEXICO,2026-09-28
MUNICIPALITY,42000000-0000-0000-0000-000000000130,Jiquipilas,INFLUENZA,Influenza,SUSPECTED,4,2026-08-04 00:00:00,,ACTIVE,COVID19MEXICO,2026-09-28
MUNICIPALITY,42000000-0000-0000-0000-000000000130,Jiquipilas,MEASLES,Measles,SUSPECTED,2,2026-09-21 00:00:00,,ACTIVE,EFES_ABIERTO,2026-09-21
MUNICIPALITY,42000000-0000-0000-0000-000000000130,Jiquipilas,RUBELLA,Rubella,SUSPECTED,2,2026-09-21 00:00:00,,ACTIVE,EFES_ABIERTO,2026-09-21
MUNICIPALITY,42000000-0000-0000-0000-000000000919,Jiutepec,COVID-19,COVID-19,CONFIRMED,4,2026-08-03 00:00:00,,ACTIVE,COVID19MEXICO,2026-09-28
MUNICIPALITY,42000000-0000-0000-0000-000000000919,Jiutepec,COVID-19,COVID-19,SUSPECTED,1,2026-09-14 00:00:00,,ACTIVE,COVID19MEXICO,2026-09-28
MUNICIPALITY,42000000-0000-0000-0000-000000000919,Jiutepec,INFLUENZA,Influenza,SUSPECTED,1,2026-09-14 00:00:00,,ACTIVE,COVID19MEXICO,2026-09-28
MUNICIPALITY,42000000-0000-0000-0000-000000000919,Jiutepec,MEASLES,Measles,SUSPECTED,1,2026-09-21 00:00:00,,ACTIVE,EFES_ABIERTO,2026-09-21
MUNICIPALITY,42000000-0000-0000-0000-000000000919,Jiutepec,RUBELLA,Rubella,SUSPECTED,1,2026-09-21 00:00:00,,ACTIVE,EFES_ABIERTO,2026-09-21
MUNICIPALITY,42000000-0000-0000-0000-000000000595,Jocotepec,MEASLES,Measles,SUSPECTED,2,2026-09-21 00:00:00,,ACTIVE,EFES_ABIERTO,2026-09-21
MUNICIPALITY,42000000-0000-0000-0000-000000000595,Jocotepec,RUBELLA,Rubella,SUSPECTED,2,2026-09-21 00:00:00,,ACTIVE,EFES_ABIERTO,2026-09-21
MUNICIPALITY,42000000-0000-0000-0000-000000000920,Jojutla,COVID-19,COVID-19,SUSPECTED,4,2026-08-02 00:00:00,,ACTIVE,COVID19MEXICO,2026-09-28
MUNICIPALITY,42000000-0000-0000-0000-000000000920,Jojutla,DENGUE,Dengue fever,SUSPECTED,1,2026-08-04 00:00:00,,ACTIVE,DENGUE_ABIERTO,2026-09-14
MUNICIPALITY,42000000-0000-0000-0000-000000000920,Jojutla,INFLUENZA,Influenza,SUSPECTED,4,2026-08-02 00:00:00,,ACTIVE,COVID19MEXICO,2026-09-28
MUNICIPALITY,42000000-0000-0000-0000-000000000921,Jonacatepec de Leandro Valle,MEASLES,Measles,SUSPECTED,2,2026-09-21 00:00:00,,ACTIVE,EFES_ABIERTO,2026-09-21
MUNICIPALITY,42000000-0000-0000-0000-000000000921,Jonacatepec de Leandro Valle,RUBELLA,Rubella,SUSPECTED,2,2026-09-21 00:00:00,,ACTIVE,EFES_ABIERTO,2026-09-21
MUNICIPALITY,42000000-0000-0000-0000-000000002271,Jose Azueta,COVID-19,COVID-19,SUSPECTED,1,2026-09-06 00:00:00,,ACTIVE,COVID19MEXICO,2026-09-28
MUNICIPALITY,42000000-0000-0000-0000-000000002271,Jose Azueta,INFLUENZA,Influenza,SUSPECTED,1,2026-09-06 00:00:00,,ACTIVE,COVID19MEXICO,2026-09-28
MUNICIPALITY,42000000-0000-0000-0000-000000001826,Jose Maria Morelos,COVID-19,COVID-19,CONFIRMED,1,2026-09-06 00:00:00,,ACTIVE,COVID19MEXICO,2026-09-28
MUNICIPALITY,42000000-0000-0000-0000-000000001826,Jose Maria Morelos,COVID-19,COVID-19,SUSPECTED,1,2026-09-22 00:00:00,,ACTIVE,COVID19MEXICO,2026-09-28
MUNICIPALITY,42000000-0000-0000-0000-000000001826,Jose Maria Morelos,DENGUE,Dengue fever,SUSPECTED,1,2026-08-12 00:00:00,,ACTIVE,DENGUE_ABIERTO,2026-09-14
MUNICIPALITY,42000000-0000-0000-0000-000000001826,Jose Maria Morelos,INFLUENZA,Influenza,CONFIRMED,2,2026-08-06 00:00:00,,ACTIVE,COVID19MEXICO,2026-09-28
MUNICIPALITY,42000000-0000-0000-0000-000000001826,Jose Maria Morelos,INFLUENZA,Influenza,SUSPECTED,1,2026-09-22 00:00:00,,ACTIVE,COVID19MEXICO,2026-09-28
MUNICIPALITY,42000000-0000-0000-0000-000000001675,Juan C. Bonilla,COVID-19,COVID-19,SUSPECTED,3,2026-08-11 00:00:00,,ACTIVE,COVID19MEXICO,2026-09-28
MUNICIPALITY,42000000-0000-0000-0000-000000001675,Juan C. Bonilla,INFLUENZA,Influenza,SUSPECTED,3,2026-08-11 00:00:00,,ACTIVE,COVID19MEXICO,2026-09-28
MUNICIPALITY,42000000-0000-0000-0000-000000001676,Juan Galindo,COVID-19,COVID-19,SUSPECTED,1,2026-09-16 00:00:00,,ACTIVE,COVID19MEXICO,2026-09-28
MUNICIPALITY,42000000-0000-0000-0000-000000001676,Juan Galindo,INFLUENZA,Influenza,SUSPECTED,1,2026-09-16 00:00:00,,ACTIVE,COVID19MEXICO,2026-09-28
MUNICIPALITY,42000000-0000-0000-0000-000000000415,Juan R. Escudero,COVID-19,COVID-19,CONFIRMED,1,2026-08-14 00:00:00,,ACTIVE,COVID19MEXICO,2026-09-28
MUNICIPALITY,42000000-0000-0000-0000-000000000415,Juan R. Escudero,COVID-19,COVID-19,SUSPECTED,2,2026-08-02 00:00:00,,ACTIVE,COVID19MEXICO,2026-09-28
MUNICIPALITY,42000000-0000-0000-0000-000000000415,Juan R. Escudero,INFLUENZA,Influenza,SUSPECTED,2,2026-08-02 00:00:00,,ACTIVE,COVID19MEXICO,2026-09-28
MUNICIPALITY,42000000-0000-0000-0000-000000002196,Juan Rodriguez Clara,DENGUE,Dengue fever,SUSPECTED,1,2026-08-13 00:00:00,,ACTIVE,DENGUE_ABIERTO,2026-09-14
MUNICIPALITY,42000000-0000-0000-0000-000000000596,Juanacatlan,MEASLES,Measles,CONFIRMED,2,2026-08-25 00:00:00,,ACTIVE,EFES_ABIERTO,2026-09-21
MUNICIPALITY,42000000-0000-0000-0000-000000000596,Juanacatlan,MEASLES,Measles,SUSPECTED,14,2026-09-21 00:00:00,,ACTIVE,EFES_ABIERTO,2026-09-21
MUNICIPALITY,42000000-0000-0000-0000-000000000596,Juanacatlan,RUBELLA,Rubella,SUSPECTED,14,2026-09-21 00:00:00,,ACTIVE,EFES_ABIERTO,2026-09-21
MUNICIPALITY,42000000-0000-0000-0000-000000000245,Juarez,COVID-19,COVID-19,CONFIRMED,4,2026-08-18 00:00:00,,ACTIVE,COVID19MEXICO,2026-09-28
MUNICIPALITY,42000000-0000-0000-0000-000000000841,Juarez,COVID-19,COVID-19,CONFIRMED,1,2026-09-12 00:00:00,,ACTIVE,COVID19MEXICO,2026-09-28
MUNICIPALITY,42000000-0000-0000-0000-000000000995,Juarez,COVID-19,COVID-19,CONFIRMED,7,2026-08-09 00:00:00,,ACTIVE,COVID19MEXICO,2026-09-28
MUNICIPALITY,42000000-0000-0000-0000-000000000132,Juarez,COVID-19,COVID-19,SUSPECTED,1,2026-08-30 00:00:00,,ACTIVE,COVID19MEXICO,2026-09-28
MUNICIPALITY,42000000-0000-0000-0000-000000000245,Juarez,COVID-19,COVID-19,SUSPECTED,12,2026-08-02 00:00:00,,ACTIVE,COVID19MEXICO,2026-09-28
MUNICIPALITY,42000000-0000-0000-0000-000000000995,Juarez,COVID-19,COVID-19,SUSPECTED,3,2026-08-03 00:00:00,,ACTIVE,COVID19MEXICO,2026-09-28
MUNICIPALITY,42000000-0000-0000-0000-000000000995,Juarez,INFLUENZA,Influenza,CONFIRMED,1,2026-08-17 00:00:00,,ACTIVE,COVID19MEXICO,2026-09-28
MUNICIPALITY,42000000-0000-0000-0000-000000000132,Juarez,INFLUENZA,Influenza,SUSPECTED,1,2026-08-30 00:00:00,,ACTIVE,COVID19MEXICO,2026-09-28
MUNICIPALITY,42000000-0000-0000-0000-000000000245,Juarez,INFLUENZA,Influenza,SUSPECTED,12,2026-08-02 00:00:00,,ACTIVE,COVID19MEXICO,2026-09-28
MUNICIPALITY,42000000-0000-0000-0000-000000000995,Juarez,INFLUENZA,Influenza,SUSPECTED,3,2026-08-03 00:00:00,,ACTIVE,COVID19MEXICO,2026-09-28
MUNICIPALITY,42000000-0000-0000-0000-000000000995,Juarez,MEASLES,Measles,CONFIRMED,3,2026-08-18 00:00:00,,ACTIVE,EFES_ABIERTO,2026-09-21
MUNICIPALITY,42000000-0000-0000-0000-000000000245,Juarez,MEASLES,Measles,SUSPECTED,7,2026-09-21 00:00:00,,ACTIVE,EFES_ABIERTO,2026-09-21
MUNICIPALITY,42000000-0000-0000-0000-000000000995,Juarez,MEASLES,Measles,SUSPECTED,4,2026-09-21 00:00:00,,ACTIVE,EFES_ABIERTO,2026-09-21
MUNICIPALITY,42000000-0000-0000-0000-000000000245,Juarez,RUBELLA,Rubella,SUSPECTED,7,2026-09-21 00:00:00,,ACTIVE,EFES_ABIERTO,2026-09-21
MUNICIPALITY,42000000-0000-0000-0000-000000000995,Juarez,RUBELLA,Rubella,SUSPECTED,4,2026-09-21 00:00:00,,ACTIVE,EFES_ABIERTO,2026-09-21
MUNICIPALITY,42000000-0000-0000-0000-000000002443,Juchipila,MEASLES,Measles,SUSPECTED,1,2026-09-21 00:00:00,,ACTIVE,EFES_ABIERTO,2026-09-21
MUNICIPALITY,42000000-0000-0000-0000-000000002443,Juchipila,RUBELLA,Rubella,SUSPECTED,1,2026-09-21 00:00:00,,ACTIVE,EFES_ABIERTO,2026-09-21
MUNICIPALITY,42000000-0000-0000-0000-000000000456,Juchitan,DENGUE,Dengue fever,SUSPECTED,1,2026-08-22 00:00:00,,ACTIVE,DENGUE_ABIERTO,2026-09-14
MUNICIPALITY,42000000-0000-0000-0000-000000002355,Kanasin,COVID-19,COVID-19,SUSPECTED,39,2026-08-03 00:00:00,,ACTIVE,COVID19MEXICO,2026-09-28
MUNICIPALITY,42000000-0000-0000-0000-000000002355,Kanasin,INFLUENZA,Influenza,CONFIRMED,8,2026-08-09 00:00:00,,ACTIVE,COVID19MEXICO,2026-09-28
MUNICIPALITY,42000000-0000-0000-0000-000000002355,Kanasin,INFLUENZA,Influenza,SUSPECTED,39,2026-08-03 00:00:00,,ACTIVE,COVID19MEXICO,2026-09-28
MUNICIPALITY,42000000-0000-0000-0000-000000002355,Kanasin,MEASLES,Measles,CONFIRMED,1,2026-09-11 00:00:00,,ACTIVE,EFES_ABIERTO,2026-09-21
MUNICIPALITY,42000000-0000-0000-0000-000000002355,Kanasin,MEASLES,Measles,SUSPECTED,3,2026-09-21 00:00:00,,ACTIVE,EFES_ABIERTO,2026-09-21
MUNICIPALITY,42000000-0000-0000-0000-000000002355,Kanasin,RUBELLA,Rubella,SUSPECTED,3,2026-09-21 00:00:00,,ACTIVE,EFES_ABIERTO,2026-09-21
MUNICIPALITY,42000000-0000-0000-0000-000000000563,La Barca,COVID-19,COVID-19,SUSPECTED,1,2026-09-24 00:00:00,,ACTIVE,COVID19MEXICO,2026-09-28
MUNICIPALITY,42000000-0000-0000-0000-000000000563,La Barca,INFLUENZA,Influenza,SUSPECTED,1,2026-09-24 00:00:00,,ACTIVE,COVID19MEXICO,2026-09-28
MUNICIPALITY,42000000-0000-0000-0000-000000000104,La Concordia,MEASLES,Measles,SUSPECTED,2,2026-09-21 00:00:00,,ACTIVE,EFES_ABIERTO,2026-09-21
MUNICIPALITY,42000000-0000-0000-0000-000000000104,La Concordia,RUBELLA,Rubella,SUSPECTED,2,2026-09-21 00:00:00,,ACTIVE,EFES_ABIERTO,2026-09-21
MUNICIPALITY,42000000-0000-0000-0000-000000000125,La Independencia,COVID-19,COVID-19,SUSPECTED,1,2026-09-14 00:00:00,,ACTIVE,COVID19MEXICO,2026-09-28
MUNICIPALITY,42000000-0000-0000-0000-000000000125,La Independencia,INFLUENZA,Influenza,SUSPECTED,1,2026-09-14 00:00:00,,ACTIVE,COVID19MEXICO,2026-09-28
MUNICIPALITY,42000000-0000-0000-0000-000000000125,La Independencia,MEASLES,Measles,SUSPECTED,1,2026-09-21 00:00:00,,ACTIVE,EFES_ABIERTO,2026-09-21
MUNICIPALITY,42000000-0000-0000-0000-000000000125,La Independencia,RUBELLA,Rubella,SUSPECTED,1,2026-09-21 00:00:00,,ACTIVE,EFES_ABIERTO,2026-09-21
MUNICIPALITY,42000000-0000-0000-0000-000000000282,La Magdalena Contreras,COVID-19,COVID-19,CONFIRMED,6,2026-08-03 00:00:00,,ACTIVE,COVID19MEXICO,2026-09-28
MUNICIPALITY,42000000-0000-0000-0000-000000000282,La Magdalena Contreras,COVID-19,COVID-19,SUSPECTED,17,2026-08-19 00:00:00,,ACTIVE,COVID19MEXICO,2026-09-28
MUNICIPALITY,42000000-0000-0000-0000-000000000282,La Magdalena Contreras,INFLUENZA,Influenza,SUSPECTED,17,2026-08-19 00:00:00,,ACTIVE,COVID19MEXICO,2026-09-28
MUNICIPALITY,42000000-0000-0000-0000-000000000282,La Magdalena Contreras,MEASLES,Measles,CONFIRMED,1,2026-08-14 00:00:00,,ACTIVE,EFES_ABIERTO,2026-09-21
MUNICIPALITY,42000000-0000-0000-0000-000000000282,La Magdalena Contreras,MEASLES,Measles,SUSPECTED,2,2026-09-21 00:00:00,,ACTIVE,EFES_ABIERTO,2026-09-21
MUNICIPALITY,42000000-0000-0000-0000-000000000282,La Magdalena Contreras,RUBELLA,Rubella,SUSPECTED,2,2026-09-21 00:00:00,,ACTIVE,EFES_ABIERTO,2026-09-21
MUNICIPALITY,42000000-0000-0000-0000-000000002090,La Magdalena Tlaltelulco,COVID-19,COVID-19,CONFIRMED,1,2026-09-08 00:00:00,,ACTIVE,COVID19MEXICO,2026-09-28
MUNICIPALITY,42000000-0000-0000-0000-000000002090,La Magdalena Tlaltelulco,COVID-19,COVID-19,SUSPECTED,1,2026-08-27 00:00:00,,ACTIVE,COVID19MEXICO,2026-09-28
MUNICIPALITY,42000000-0000-0000-0000-000000002090,La Magdalena Tlaltelulco,INFLUENZA,Influenza,SUSPECTED,1,2026-08-27 00:00:00,,ACTIVE,COVID19MEXICO,2026-09-28
MUNICIPALITY,42000000-0000-0000-0000-000000000021,La Paz,COVID-19,COVID-19,CONFIRMED,5,2026-08-04 00:00:00,,ACTIVE,COVID19MEXICO,2026-09-28
MUNICIPALITY,42000000-0000-0000-0000-000000000740,La Paz,COVID-19,COVID-19,CONFIRMED,2,2026-08-10 00:00:00,,ACTIVE,COVID19MEXICO,2026-09-28
MUNICIPALITY,42000000-0000-0000-0000-000000000021,La Paz,COVID-19,COVID-19,SUSPECTED,99,2026-08-01 00:00:00,,ACTIVE,COVID19MEXICO,2026-09-28
MUNICIPALITY,42000000-0000-0000-0000-000000000740,La Paz,COVID-19,COVID-19,SUSPECTED,5,2026-09-08 00:00:00,,ACTIVE,COVID19MEXICO,2026-09-28
MUNICIPALITY,42000000-0000-0000-0000-000000000021,La Paz,INFLUENZA,Influenza,CONFIRMED,1,2026-08-18 00:00:00,,ACTIVE,COVID19MEXICO,2026-09-28
MUNICIPALITY,42000000-0000-0000-0000-000000000021,La Paz,INFLUENZA,Influenza,SUSPECTED,99,2026-08-01 00:00:00,,ACTIVE,COVID19MEXICO,2026-09-28
MUNICIPALITY,42000000-0000-0000-0000-000000000740,La Paz,INFLUENZA,Influenza,SUSPECTED,5,2026-09-08 00:00:00,,ACTIVE,COVID19MEXICO,2026-09-28
MUNICIPALITY,42000000-0000-0000-0000-000000000021,La Paz,MEASLES,Measles,SUSPECTED,2,2026-09-21 00:00:00,,ACTIVE,EFES_ABIERTO,2026-09-21
MUNICIPALITY,42000000-0000-0000-0000-000000000740,La Paz,MEASLES,Measles,SUSPECTED,7,2026-09-21 00:00:00,,ACTIVE,EFES_ABIERTO,2026-09-21
MUNICIPALITY,42000000-0000-0000-0000-000000000021,La Paz,RUBELLA,Rubella,SUSPECTED,2,2026-09-21 00:00:00,,ACTIVE,EFES_ABIERTO,2026-09-21
MUNICIPALITY,42000000-0000-0000-0000-000000000740,La Paz,RUBELLA,Rubella,SUSPECTED,7,2026-09-21 00:00:00,,ACTIVE,EFES_ABIERTO,2026-09-21
MUNICIPALITY,42000000-0000-0000-0000-000000000864,La Piedad,MEASLES,Measles,SUSPECTED,8,2026-09-21 00:00:00,,ACTIVE,EFES_ABIERTO,2026-09-21
MUNICIPALITY,42000000-0000-0000-0000-000000000864,La Piedad,RUBELLA,Rubella,SUSPECTED,8,2026-09-21 00:00:00,,ACTIVE,EFES_ABIERTO,2026-09-21
MUNICIPALITY,42000000-0000-0000-0000-000000000182,La Trinitaria,COVID-19,COVID-19,CONFIRMED,1,2026-08-08 00:00:00,,ACTIVE,COVID19MEXICO,2026-09-28
MUNICIPALITY,42000000-0000-0000-0000-000000000963,La Yesca,COVID-19,COVID-19,CONFIRMED,1,2026-09-15 00:00:00,,ACTIVE,COVID19MEXICO,2026-09-28
MUNICIPALITY,42000000-0000-0000-0000-000000000598,Lagos de Moreno,MEASLES,Measles,SUSPECTED,2,2026-09-21 00:00:00,,ACTIVE,EFES_ABIERTO,2026-09-21
MUNICIPALITY,42000000-0000-0000-0000-000000000598,Lagos de Moreno,RUBELLA,Rubella,SUSPECTED,2,2026-09-21 00:00:00,,ACTIVE,EFES_ABIERTO,2026-09-21
MUNICIPALITY,42000000-0000-0000-0000-000000000843,Lagunillas,COVID-19,COVID-19,SUSPECTED,1,2026-09-11 00:00:00,,ACTIVE,COVID19MEXICO,2026-09-28
MUNICIPALITY,42000000-0000-0000-0000-000000000843,Lagunillas,INFLUENZA,Influenza,SUSPECTED,1,2026-09-11 00:00:00,,ACTIVE,COVID19MEXICO,2026-09-28
MUNICIPALITY,42000000-0000-0000-0000-000000001812,Landa de Matamoros,COVID-19,COVID-19,SUSPECTED,1,2026-08-24 00:00:00,,ACTIVE,COVID19MEXICO,2026-09-28
MUNICIPALITY,42000000-0000-0000-0000-000000001812,Landa de Matamoros,INFLUENZA,Influenza,SUSPECTED,1,2026-08-24 00:00:00,,ACTIVE,COVID19MEXICO,2026-09-28
MUNICIPALITY,42000000-0000-0000-0000-000000000136,Las Margaritas,INFLUENZA,Influenza,CONFIRMED,1,2026-08-09 00:00:00,,ACTIVE,COVID19MEXICO,2026-09-28
MUNICIPALITY,42000000-0000-0000-0000-000000000136,Las Margaritas,MEASLES,Measles,SUSPECTED,5,2026-09-21 00:00:00,,ACTIVE,EFES_ABIERTO,2026-09-21
MUNICIPALITY,42000000-0000-0000-0000-000000000136,Las Margaritas,RUBELLA,Rubella,SUSPECTED,5,2026-09-21 00:00:00,,ACTIVE,EFES_ABIERTO,2026-09-21
MUNICIPALITY,42000000-0000-0000-0000-000000000159,Las Rosas,MEASLES,Measles,SUSPECTED,2,2026-09-21 00:00:00,,ACTIVE,EFES_ABIERTO,2026-09-21
MUNICIPALITY,42000000-0000-0000-0000-000000000159,Las Rosas,RUBELLA,Rubella,SUSPECTED,2,2026-09-21 00:00:00,,ACTIVE,EFES_ABIERTO,2026-09-21
MUNICIPALITY,42000000-0000-0000-0000-000000002234,Las Vigas de Ramirez,MEASLES,Measles,CONFIRMED,3,2026-08-18 00:00:00,,ACTIVE,EFES_ABIERTO,2026-09-21
MUNICIPALITY,42000000-0000-0000-0000-000000000847,Lazaro Cardenas,COVID-19,COVID-19,CONFIRMED,1,2026-08-23 00:00:00,,ACTIVE,COVID19MEXICO,2026-09-28
MUNICIPALITY,42000000-0000-0000-0000-000000002089,Lazaro Cardenas,COVID-19,COVID-19,CONFIRMED,1,2026-08-23 00:00:00,,ACTIVE,COVID19MEXICO,2026-09-28
MUNICIPALITY,42000000-0000-0000-0000-000000000847,Lazaro Cardenas,COVID-19,COVID-19,SUSPECTED,4,2026-08-16 00:00:00,,ACTIVE,COVID19MEXICO,2026-09-28
MUNICIPALITY,42000000-0000-0000-0000-000000001827,Lazaro Cardenas,COVID-19,COVID-19,SUSPECTED,39,2026-08-03 00:00:00,,ACTIVE,COVID19MEXICO,2026-09-28
MUNICIPALITY,42000000-0000-0000-0000-000000001827,Lazaro Cardenas,INFLUENZA,Influenza,CONFIRMED,1,2026-08-16 00:00:00,,ACTIVE,COVID19MEXICO,2026-09-28
MUNICIPALITY,42000000-0000-0000-0000-000000000847,Lazaro Cardenas,INFLUENZA,Influenza,SUSPECTED,4,2026-08-16 00:00:00,,ACTIVE,COVID19MEXICO,2026-09-28
MUNICIPALITY,42000000-0000-0000-0000-000000001827,Lazaro Cardenas,INFLUENZA,Influenza,SUSPECTED,39,2026-08-03 00:00:00,,ACTIVE,COVID19MEXICO,2026-09-28
MUNICIPALITY,42000000-0000-0000-0000-000000000847,Lazaro Cardenas,MEASLES,Measles,SUSPECTED,23,2026-09-21 00:00:00,,ACTIVE,EFES_ABIERTO,2026-09-21
MUNICIPALITY,42000000-0000-0000-0000-000000000847,Lazaro Cardenas,RUBELLA,Rubella,SUSPECTED,23,2026-09-21 00:00:00,,ACTIVE,EFES_ABIERTO,2026-09-21
MUNICIPALITY,42000000-0000-0000-0000-000000000350,Leon,COVID-19,COVID-19,CONFIRMED,2,2026-09-16 00:00:00,,ACTIVE,COVID19MEXICO,2026-09-28
MUNICIPALITY,42000000-0000-0000-0000-000000000350,Leon,COVID-19,COVID-19,SUSPECTED,26,2026-08-01 00:00:00,,ACTIVE,COVID19MEXICO,2026-09-28
MUNICIPALITY,42000000-0000-0000-0000-000000000350,Leon,INFLUENZA,Influenza,SUSPECTED,26,2026-08-01 00:00:00,,ACTIVE,COVID19MEXICO,2026-09-28
MUNICIPALITY,42000000-0000-0000-0000-000000000350,Leon,MEASLES,Measles,CONFIRMED,1,2026-09-18 00:00:00,,ACTIVE,EFES_ABIERTO,2026-09-21
MUNICIPALITY,42000000-0000-0000-0000-000000000350,Leon,MEASLES,Measles,SUSPECTED,3,2026-09-21 00:00:00,,ACTIVE,EFES_ABIERTO,2026-09-21
MUNICIPALITY,42000000-0000-0000-0000-000000000350,Leon,RUBELLA,Rubella,SUSPECTED,3,2026-09-21 00:00:00,,ACTIVE,EFES_ABIERTO,2026-09-21
MUNICIPALITY,42000000-0000-0000-0000-000000000416,Leonardo Bravo,COVID-19,COVID-19,CONFIRMED,1,2026-09-10 00:00:00,,ACTIVE,COVID19MEXICO,2026-09-28
MUNICIPALITY,42000000-0000-0000-0000-000000000416,Leonardo Bravo,COVID-19,COVID-19,SUSPECTED,1,2026-08-06 00:00:00,,ACTIVE,COVID19MEXICO,2026-09-28
MUNICIPALITY,42000000-0000-0000-0000-000000000416,Leonardo Bravo,INFLUENZA,Influenza,SUSPECTED,1,2026-08-06 00:00:00,,ACTIVE,COVID19MEXICO,2026-09-28
MUNICIPALITY,42000000-0000-0000-0000-000000000303,Lerdo,COVID-19,COVID-19,SUSPECTED,8,2026-08-03 00:00:00,,ACTIVE,COVID19MEXICO,2026-09-28
MUNICIPALITY,42000000-0000-0000-0000-000000000303,Lerdo,INFLUENZA,Influenza,SUSPECTED,8,2026-08-03 00:00:00,,ACTIVE,COVID19MEXICO,2026-09-28
MUNICIPALITY,42000000-0000-0000-0000-000000000303,Lerdo,MEASLES,Measles,SUSPECTED,1,2026-09-21 00:00:00,,ACTIVE,EFES_ABIERTO,2026-09-21
MUNICIPALITY,42000000-0000-0000-0000-000000000303,Lerdo,RUBELLA,Rubella,SUSPECTED,1,2026-09-21 00:00:00,,ACTIVE,EFES_ABIERTO,2026-09-21
MUNICIPALITY,42000000-0000-0000-0000-000000000721,Lerma,COVID-19,COVID-19,SUSPECTED,2,2026-08-21 00:00:00,,ACTIVE,COVID19MEXICO,2026-09-28
MUNICIPALITY,42000000-0000-0000-0000-000000000721,Lerma,INFLUENZA,Influenza,SUSPECTED,2,2026-08-21 00:00:00,,ACTIVE,COVID19MEXICO,2026-09-28
MUNICIPALITY,42000000-0000-0000-0000-000000000721,Lerma,MEASLES,Measles,SUSPECTED,2,2026-09-21 00:00:00,,ACTIVE,EFES_ABIERTO,2026-09-21
MUNICIPALITY,42000000-0000-0000-0000-000000000721,Lerma,RUBELLA,Rubella,SUSPECTED,2,2026-09-21 00:00:00,,ACTIVE,EFES_ABIERTO,2026-09-21
MUNICIPALITY,42000000-0000-0000-0000-000000001679,Libres,COVID-19,COVID-19,CONFIRMED,1,2026-09-07 00:00:00,,ACTIVE,COVID19MEXICO,2026-09-28
MUNICIPALITY,42000000-0000-0000-0000-000000001679,Libres,COVID-19,COVID-19,SUSPECTED,13,2026-08-16 00:00:00,,ACTIVE,COVID19MEXICO,2026-09-28
MUNICIPALITY,42000000-0000-0000-0000-000000001679,Libres,INFLUENZA,Influenza,SUSPECTED,13,2026-08-16 00:00:00,,ACTIVE,COVID19MEXICO,2026-09-28
MUNICIPALITY,42000000-0000-0000-0000-000000000997,Linares,COVID-19,COVID-19,CONFIRMED,9,2026-08-01 00:00:00,,ACTIVE,COVID19MEXICO,2026-09-28
MUNICIPALITY,42000000-0000-0000-0000-000000000997,Linares,COVID-19,COVID-19,SUSPECTED,6,2026-09-20 00:00:00,,ACTIVE,COVID19MEXICO,2026-09-28
MUNICIPALITY,42000000-0000-0000-0000-000000000997,Linares,INFLUENZA,Influenza,SUSPECTED,6,2026-09-20 00:00:00,,ACTIVE,COVID19MEXICO,2026-09-28
MUNICIPALITY,42000000-0000-0000-0000-000000001059,Loma Bonita,COVID-19,COVID-19,SUSPECTED,1,2026-09-19 00:00:00,,ACTIVE,COVID19MEXICO,2026-09-28
MUNICIPALITY,42000000-0000-0000-0000-000000001059,Loma Bonita,INFLUENZA,Influenza,SUSPECTED,1,2026-09-19 00:00:00,,ACTIVE,COVID19MEXICO,2026-09-28
MUNICIPALITY,42000000-0000-0000-0000-000000000023,Loreto,COVID-19,COVID-19,CONFIRMED,1,2026-08-29 00:00:00,,ACTIVE,COVID19MEXICO,2026-09-28
MUNICIPALITY,42000000-0000-0000-0000-000000000023,Loreto,COVID-19,COVID-19,SUSPECTED,3,2026-08-01 00:00:00,,ACTIVE,COVID19MEXICO,2026-09-28
MUNICIPALITY,42000000-0000-0000-0000-000000000023,Loreto,INFLUENZA,Influenza,SUSPECTED,3,2026-08-01 00:00:00,,ACTIVE,COVID19MEXICO,2026-09-28
MUNICIPALITY,42000000-0000-0000-0000-000000000022,Los Cabos,COVID-19,COVID-19,CONFIRMED,2,2026-08-19 00:00:00,,ACTIVE,COVID19MEXICO,2026-09-28
MUNICIPALITY,42000000-0000-0000-0000-000000000022,Los Cabos,COVID-19,COVID-19,SUSPECTED,41,2026-08-01 00:00:00,,ACTIVE,COVID19MEXICO,2026-09-28
MUNICIPALITY,42000000-0000-0000-0000-000000000022,Los Cabos,DENGUE,Dengue fever,SUSPECTED,1,2026-08-01 00:00:00,,ACTIVE,DENGUE_ABIERTO,2026-09-14
MUNICIPALITY,42000000-0000-0000-0000-000000000022,Los Cabos,INFLUENZA,Influenza,CONFIRMED,1,2026-08-04 00:00:00,,ACTIVE,COVID19MEXICO,2026-09-28
MUNICIPALITY,42000000-0000-0000-0000-000000000022,Los Cabos,INFLUENZA,Influenza,SUSPECTED,41,2026-08-01 00:00:00,,ACTIVE,COVID19MEXICO,2026-09-28
MUNICIPALITY,42000000-0000-0000-0000-000000000022,Los Cabos,MEASLES,Measles,SUSPECTED,1,2026-09-21 00:00:00,,ACTIVE,EFES_ABIERTO,2026-09-21
MUNICIPALITY,42000000-0000-0000-0000-000000000022,Los Cabos,RUBELLA,Rubella,SUSPECTED,1,2026-09-21 00:00:00,,ACTIVE,EFES_ABIERTO,2026-09-21
MUNICIPALITY,42000000-0000-0000-0000-000000001006,Los Ramones,COVID-19,COVID-19,CONFIRMED,1,2026-09-08 00:00:00,,ACTIVE,COVID19MEXICO,2026-09-28
MUNICIPALITY,42000000-0000-0000-0000-000000000870,Los Reyes,MEASLES,Measles,SUSPECTED,2,2026-09-21 00:00:00,,ACTIVE,EFES_ABIERTO,2026-09-21
MUNICIPALITY,42000000-0000-0000-0000-000000000870,Los Reyes,RUBELLA,Rubella,SUSPECTED,2,2026-09-21 00:00:00,,ACTIVE,EFES_ABIERTO,2026-09-21
MUNICIPALITY,42000000-0000-0000-0000-000000000793,Luvianos,COVID-19,COVID-19,SUSPECTED,2,2026-08-03 00:00:00,,ACTIVE,COVID19MEXICO,2026-09-28
MUNICIPALITY,42000000-0000-0000-0000-000000000793,Luvianos,INFLUENZA,Influenza,SUSPECTED,2,2026-08-03 00:00:00,,ACTIVE,COVID19MEXICO,2026-09-28
MUNICIPALITY,42000000-0000-0000-0000-000000001994,Macuspana,COVID-19,COVID-19,SUSPECTED,1,2026-09-23 00:00:00,,ACTIVE,COVID19MEXICO,2026-09-28
MUNICIPALITY,42000000-0000-0000-0000-000000001994,Macuspana,INFLUENZA,Influenza,SUSPECTED,1,2026-09-23 00:00:00,,ACTIVE,COVID19MEXICO,2026-09-28
MUNICIPALITY,42000000-0000-0000-0000-000000001994,Macuspana,MEASLES,Measles,CONFIRMED,19,2026-08-06 00:00:00,,ACTIVE,EFES_ABIERTO,2026-09-21
MUNICIPALITY,42000000-0000-0000-0000-000000001994,Macuspana,MEASLES,Measles,SUSPECTED,4,2026-09-21 00:00:00,,ACTIVE,EFES_ABIERTO,2026-09-21
MUNICIPALITY,42000000-0000-0000-0000-000000001994,Macuspana,RUBELLA,Rubella,SUSPECTED,4,2026-09-21 00:00:00,,ACTIVE,EFES_ABIERTO,2026-09-21
MUNICIPALITY,42000000-0000-0000-0000-000000000844,Madero,MEASLES,Measles,SUSPECTED,1,2026-09-21 00:00:00,,ACTIVE,EFES_ABIERTO,2026-09-21
MUNICIPALITY,42000000-0000-0000-0000-000000000844,Madero,RUBELLA,Rubella,SUSPECTED,1,2026-09-21 00:00:00,,ACTIVE,EFES_ABIERTO,2026-09-21
MUNICIPALITY,42000000-0000-0000-0000-000000001946,Magdalena,COVID-19,COVID-19,SUSPECTED,1,2026-09-17 00:00:00,,ACTIVE,COVID19MEXICO,2026-09-28
MUNICIPALITY,42000000-0000-0000-0000-000000001946,Magdalena,INFLUENZA,Influenza,SUSPECTED,1,2026-09-17 00:00:00,,ACTIVE,COVID19MEXICO,2026-09-28
MUNICIPALITY,42000000-0000-0000-0000-000000001946,Magdalena,MEASLES,Measles,SUSPECTED,1,2026-09-21 00:00:00,,ACTIVE,EFES_ABIERTO,2026-09-21
MUNICIPALITY,42000000-0000-0000-0000-000000001946,Magdalena,RUBELLA,Rubella,SUSPECTED,1,2026-09-21 00:00:00,,ACTIVE,EFES_ABIERTO,2026-09-21
MUNICIPALITY,42000000-0000-0000-0000-000000001060,Magdalena Apazco,COVID-19,COVID-19,SUSPECTED,1,2026-08-15 00:00:00,,ACTIVE,COVID19MEXICO,2026-09-28
MUNICIPALITY,42000000-0000-0000-0000-000000001060,Magdalena Apazco,INFLUENZA,Influenza,SUSPECTED,1,2026-08-15 00:00:00,,ACTIVE,COVID19MEXICO,2026-09-28
MUNICIPALITY,42000000-0000-0000-0000-000000000722,Malinalco,COVID-19,COVID-19,SUSPECTED,4,2026-08-25 00:00:00,,ACTIVE,COVID19MEXICO,2026-09-28
MUNICIPALITY,42000000-0000-0000-0000-000000000722,Malinalco,INFLUENZA,Influenza,CONFIRMED,1,2026-08-29 00:00:00,,ACTIVE,COVID19MEXICO,2026-09-28
MUNICIPALITY,42000000-0000-0000-0000-000000000722,Malinalco,INFLUENZA,Influenza,SUSPECTED,4,2026-08-25 00:00:00,,ACTIVE,COVID19MEXICO,2026-09-28
MUNICIPALITY,42000000-0000-0000-0000-000000002202,Manlio Fabio Altamirano,COVID-19,COVID-19,SUSPECTED,2,2026-08-27 00:00:00,,ACTIVE,COVID19MEXICO,2026-09-28
MUNICIPALITY,42000000-0000-0000-0000-000000002202,Manlio Fabio Altamirano,INFLUENZA,Influenza,SUSPECTED,2,2026-08-27 00:00:00,,ACTIVE,COVID19MEXICO,2026-09-28
MUNICIPALITY,42000000-0000-0000-0000-000000000081,Manzanillo,COVID-19,COVID-19,SUSPECTED,6,2026-08-10 00:00:00,,ACTIVE,COVID19MEXICO,2026-09-28
MUNICIPALITY,42000000-0000-0000-0000-000000000081,Manzanillo,INFLUENZA,Influenza,CONFIRMED,1,2026-09-05 00:00:00,,ACTIVE,COVID19MEXICO,2026-09-28
MUNICIPALITY,42000000-0000-0000-0000-000000000081,Manzanillo,INFLUENZA,Influenza,SUSPECTED,6,2026-08-10 00:00:00,,ACTIVE,COVID19MEXICO,2026-09-28
MUNICIPALITY,42000000-0000-0000-0000-000000000081,Manzanillo,MEASLES,Measles,SUSPECTED,2,2026-09-21 00:00:00,,ACTIVE,EFES_ABIERTO,2026-09-21
MUNICIPALITY,42000000-0000-0000-0000-000000000081,Manzanillo,RUBELLA,Rubella,SUSPECTED,2,2026-09-21 00:00:00,,ACTIVE,EFES_ABIERTO,2026-09-21
MUNICIPALITY,42000000-0000-0000-0000-000000000845,Maravatio,COVID-19,COVID-19,CONFIRMED,1,2026-08-01 00:00:00,,ACTIVE,COVID19MEXICO,2026-09-28
MUNICIPALITY,42000000-0000-0000-0000-000000002204,Martinez de la Torre,COVID-19,COVID-19,SUSPECTED,1,2026-09-06 00:00:00,,ACTIVE,COVID19MEXICO,2026-09-28
MUNICIPALITY,42000000-0000-0000-0000-000000002204,Martinez de la Torre,INFLUENZA,Influenza,SUSPECTED,1,2026-09-06 00:00:00,,ACTIVE,COVID19MEXICO,2026-09-28
MUNICIPALITY,42000000-0000-0000-0000-000000002021,Matamoros,COVID-19,COVID-19,CONFIRMED,1,2026-08-26 00:00:00,,ACTIVE,COVID19MEXICO,2026-09-28
MUNICIPALITY,42000000-0000-0000-0000-000000002021,Matamoros,COVID-19,COVID-19,SUSPECTED,16,2026-08-24 00:00:00,,ACTIVE,COVID19MEXICO,2026-09-28
MUNICIPALITY,42000000-0000-0000-0000-000000000053,Matamoros,DENGUE,Dengue fever,SUSPECTED,1,2026-08-29 00:00:00,,ACTIVE,DENGUE_ABIERTO,2026-09-14
MUNICIPALITY,42000000-0000-0000-0000-000000002021,Matamoros,INFLUENZA,Influenza,SUSPECTED,16,2026-08-24 00:00:00,,ACTIVE,COVID19MEXICO,2026-09-28
MUNICIPALITY,42000000-0000-0000-0000-000000000053,Matamoros,MEASLES,Measles,SUSPECTED,1,2026-09-21 00:00:00,,ACTIVE,EFES_ABIERTO,2026-09-21
MUNICIPALITY,42000000-0000-0000-0000-000000002021,Matamoros,MEASLES,Measles,SUSPECTED,4,2026-09-21 00:00:00,,ACTIVE,EFES_ABIERTO,2026-09-21
MUNICIPALITY,42000000-0000-0000-0000-000000000053,Matamoros,RUBELLA,Rubella,SUSPECTED,1,2026-09-21 00:00:00,,ACTIVE,EFES_ABIERTO,2026-09-21
MUNICIPALITY,42000000-0000-0000-0000-000000002021,Matamoros,RUBELLA,Rubella,SUSPECTED,4,2026-09-21 00:00:00,,ACTIVE,EFES_ABIERTO,2026-09-21
MUNICIPALITY,42000000-0000-0000-0000-000000001851,Matehuala,COVID-19,COVID-19,CONFIRMED,1,2026-09-17 00:00:00,,ACTIVE,COVID19MEXICO,2026-09-28
MUNICIPALITY,42000000-0000-0000-0000-000000001851,Matehuala,COVID-19,COVID-19,SUSPECTED,1,2026-09-23 00:00:00,,ACTIVE,COVID19MEXICO,2026-09-28
MUNICIPALITY,42000000-0000-0000-0000-000000001851,Matehuala,INFLUENZA,Influenza,SUSPECTED,1,2026-09-23 00:00:00,,ACTIVE,COVID19MEXICO,2026-09-28
MUNICIPALITY,42000000-0000-0000-0000-000000001888,Matlapa,INFLUENZA,Influenza,CONFIRMED,1,2026-08-25 00:00:00,,ACTIVE,COVID19MEXICO,2026-09-28
MUNICIPALITY,42000000-0000-0000-0000-000000002363,Mayapan,COVID-19,COVID-19,SUSPECTED,1,2026-09-23 00:00:00,,ACTIVE,COVID19MEXICO,2026-09-28
MUNICIPALITY,42000000-0000-0000-0000-000000002363,Mayapan,INFLUENZA,Influenza,SUSPECTED,1,2026-09-23 00:00:00,,ACTIVE,COVID19MEXICO,2026-09-28
MUNICIPALITY,42000000-0000-0000-0000-000000000604,Mazamitla,MEASLES,Measles,SUSPECTED,1,2026-09-21 00:00:00,,ACTIVE,EFES_ABIERTO,2026-09-21
MUNICIPALITY,42000000-0000-0000-0000-000000000604,Mazamitla,RUBELLA,Rubella,SUSPECTED,1,2026-09-21 00:00:00,,ACTIVE,EFES_ABIERTO,2026-09-21
MUNICIPALITY,42000000-0000-0000-0000-000000000137,Mazapa de Madero,MEASLES,Measles,SUSPECTED,1,2026-09-21 00:00:00,,ACTIVE,EFES_ABIERTO,2026-09-21
MUNICIPALITY,42000000-0000-0000-0000-000000000137,Mazapa de Madero,RUBELLA,Rubella,SUSPECTED,1,2026-09-21 00:00:00,,ACTIVE,EFES_ABIERTO,2026-09-21
MUNICIPALITY,42000000-0000-0000-0000-000000000138,Mazatan,MEASLES,Measles,SUSPECTED,2,2026-09-21 00:00:00,,ACTIVE,EFES_ABIERTO,2026-09-21
MUNICIPALITY,42000000-0000-0000-0000-000000000138,Mazatan,RUBELLA,Rubella,SUSPECTED,2,2026-09-21 00:00:00,,ACTIVE,EFES_ABIERTO,2026-09-21
MUNICIPALITY,42000000-0000-0000-0000-000000001902,Mazatlan,COVID-19,COVID-19,CONFIRMED,2,2026-08-01 00:00:00,,ACTIVE,COVID19MEXICO,2026-09-28
MUNICIPALITY,42000000-0000-0000-0000-000000001902,Mazatlan,COVID-19,COVID-19,SUSPECTED,92,2026-08-02 00:00:00,,ACTIVE,COVID19MEXICO,2026-09-28
MUNICIPALITY,42000000-0000-0000-0000-000000001902,Mazatlan,INFLUENZA,Influenza,CONFIRMED,4,2026-08-04 00:00:00,,ACTIVE,COVID19MEXICO,2026-09-28
MUNICIPALITY,42000000-0000-0000-0000-000000001902,Mazatlan,INFLUENZA,Influenza,SUSPECTED,92,2026-08-02 00:00:00,,ACTIVE,COVID19MEXICO,2026-09-28
MUNICIPALITY,42000000-0000-0000-0000-000000001902,Mazatlan,MEASLES,Measles,SUSPECTED,1,2026-09-21 00:00:00,,ACTIVE,EFES_ABIERTO,2026-09-21
MUNICIPALITY,42000000-0000-0000-0000-000000001902,Mazatlan,RUBELLA,Rubella,SUSPECTED,1,2026-09-21 00:00:00,,ACTIVE,EFES_ABIERTO,2026-09-21
MUNICIPALITY,42000000-0000-0000-0000-000000002207,Medellin de Bravo,COVID-19,COVID-19,SUSPECTED,2,2026-08-03 00:00:00,,ACTIVE,COVID19MEXICO,2026-09-28
MUNICIPALITY,42000000-0000-0000-0000-000000002207,Medellin de Bravo,INFLUENZA,Influenza,SUSPECTED,2,2026-08-03 00:00:00,,ACTIVE,COVID19MEXICO,2026-09-28
MUNICIPALITY,42000000-0000-0000-0000-000000000723,Melchor Ocampo,COVID-19,COVID-19,CONFIRMED,1,2026-08-29 00:00:00,,ACTIVE,COVID19MEXICO,2026-09-28
MUNICIPALITY,42000000-0000-0000-0000-000000000723,Melchor Ocampo,COVID-19,COVID-19,SUSPECTED,3,2026-08-11 00:00:00,,ACTIVE,COVID19MEXICO,2026-09-28
MUNICIPALITY,42000000-0000-0000-0000-000000000723,Melchor Ocampo,INFLUENZA,Influenza,SUSPECTED,3,2026-08-11 00:00:00,,ACTIVE,COVID19MEXICO,2026-09-28
MUNICIPALITY,42000000-0000-0000-0000-000000000723,Melchor Ocampo,MEASLES,Measles,SUSPECTED,5,2026-09-21 00:00:00,,ACTIVE,EFES_ABIERTO,2026-09-21
MUNICIPALITY,42000000-0000-0000-0000-000000000723,Melchor Ocampo,RUBELLA,Rubella,SUSPECTED,5,2026-09-21 00:00:00,,ACTIVE,EFES_ABIERTO,2026-09-21
MUNICIPALITY,42000000-0000-0000-0000-000000000253,Meoqui,MEASLES,Measles,SUSPECTED,1,2026-09-21 00:00:00,,ACTIVE,EFES_ABIERTO,2026-09-21
MUNICIPALITY,42000000-0000-0000-0000-000000000253,Meoqui,RUBELLA,Rubella,SUSPECTED,1,2026-09-21 00:00:00,,ACTIVE,EFES_ABIERTO,2026-09-21
MUNICIPALITY,42000000-0000-0000-0000-000000002364,Merida,COVID-19,COVID-19,CONFIRMED,24,2026-08-01 00:00:00,,ACTIVE,COVID19MEXICO,2026-09-28
MUNICIPALITY,42000000-0000-0000-0000-000000002364,Merida,COVID-19,COVID-19,SUSPECTED,602,2026-08-01 00:00:00,,ACTIVE,COVID19MEXICO,2026-09-28
MUNICIPALITY,42000000-0000-0000-0000-000000002364,Merida,INFLUENZA,Influenza,CONFIRMED,106,2026-08-01 00:00:00,,ACTIVE,COVID19MEXICO,2026-09-28
MUNICIPALITY,42000000-0000-0000-0000-000000002364,Merida,INFLUENZA,Influenza,SUSPECTED,602,2026-08-01 00:00:00,,ACTIVE,COVID19MEXICO,2026-09-28
MUNICIPALITY,42000000-0000-0000-0000-000000002364,Merida,MEASLES,Measles,CONFIRMED,1,2026-09-04 00:00:00,,ACTIVE,EFES_ABIERTO,2026-09-21
MUNICIPALITY,42000000-0000-0000-0000-000000002364,Merida,MEASLES,Measles,SUSPECTED,19,2026-09-21 00:00:00,,ACTIVE,EFES_ABIERTO,2026-09-21
MUNICIPALITY,42000000-0000-0000-0000-000000002364,Merida,RUBELLA,Rubella,SUSPECTED,19,2026-09-21 00:00:00,,ACTIVE,EFES_ABIERTO,2026-09-21
MUNICIPALITY,42000000-0000-0000-0000-000000001052,Mesones Hidalgo,COVID-19,COVID-19,SUSPECTED,1,2026-08-18 00:00:00,,ACTIVE,COVID19MEXICO,2026-09-28
MUNICIPALITY,42000000-0000-0000-0000-000000001052,Mesones Hidalgo,INFLUENZA,Influenza,SUSPECTED,1,2026-08-18 00:00:00,,ACTIVE,COVID19MEXICO,2026-09-28
MUNICIPALITY,42000000-0000-0000-0000-000000000496,Metepec,COVID-19,COVID-19,CONFIRMED,1,2026-08-17 00:00:00,,ACTIVE,COVID19MEXICO,2026-09-28
MUNICIPALITY,42000000-0000-0000-0000-000000000724,Metepec,COVID-19,COVID-19,SUSPECTED,7,2026-08-12 00:00:00,,ACTIVE,COVID19MEXICO,2026-09-28
MUNICIPALITY,42000000-0000-0000-0000-000000000724,Metepec,INFLUENZA,Influenza,SUSPECTED,7,2026-08-12 00:00:00,,ACTIVE,COVID19MEXICO,2026-09-28
MUNICIPALITY,42000000-0000-0000-0000-000000000724,Metepec,MEASLES,Measles,SUSPECTED,4,2026-09-21 00:00:00,,ACTIVE,EFES_ABIERTO,2026-09-21
MUNICIPALITY,42000000-0000-0000-0000-000000000724,Metepec,RUBELLA,Rubella,SUSPECTED,4,2026-09-21 00:00:00,,ACTIVE,EFES_ABIERTO,2026-09-21
MUNICIPALITY,42000000-0000-0000-0000-000000000013,Mexicali,COVID-19,COVID-19,CONFIRMED,5,2026-08-05 00:00:00,,ACTIVE,COVID19MEXICO,2026-09-28
MUNICIPALITY,42000000-0000-0000-0000-000000000013,Mexicali,COVID-19,COVID-19,SUSPECTED,8,2026-09-06 00:00:00,,ACTIVE,COVID19MEXICO,2026-09-28
MUNICIPALITY,42000000-0000-0000-0000-000000000013,Mexicali,DENGUE,Dengue fever,SUSPECTED,1,2026-08-14 00:00:00,,ACTIVE,DENGUE_ABIERTO,2026-09-14
MUNICIPALITY,42000000-0000-0000-0000-000000000013,Mexicali,INFLUENZA,Influenza,CONFIRMED,2,2026-09-18 00:00:00,,ACTIVE,COVID19MEXICO,2026-09-28
MUNICIPALITY,42000000-0000-0000-0000-000000000013,Mexicali,INFLUENZA,Influenza,SUSPECTED,8,2026-09-06 00:00:00,,ACTIVE,COVID19MEXICO,2026-09-28
MUNICIPALITY,42000000-0000-0000-0000-000000000013,Mexicali,MEASLES,Measles,SUSPECTED,87,2026-09-21 00:00:00,,ACTIVE,EFES_ABIERTO,2026-09-21
MUNICIPALITY,42000000-0000-0000-0000-000000000013,Mexicali,RUBELLA,Rubella,SUSPECTED,87,2026-09-21 00:00:00,,ACTIVE,EFES_ABIERTO,2026-09-21
MUNICIPALITY,42000000-0000-0000-0000-000000001852,Mexquitic de Carmona,COVID-19,COVID-19,CONFIRMED,2,2026-08-10 00:00:00,,ACTIVE,COVID19MEXICO,2026-09-28
MUNICIPALITY,42000000-0000-0000-0000-000000001852,Mexquitic de Carmona,COVID-19,COVID-19,SUSPECTED,2,2026-09-07 00:00:00,,ACTIVE,COVID19MEXICO,2026-09-28
MUNICIPALITY,42000000-0000-0000-0000-000000001852,Mexquitic de Carmona,INFLUENZA,Influenza,SUSPECTED,2,2026-09-07 00:00:00,,ACTIVE,COVID19MEXICO,2026-09-28
MUNICIPALITY,42000000-0000-0000-0000-000000000305,Mezquital,MEASLES,Measles,CONFIRMED,42,2026-08-01 00:00:00,,ACTIVE,EFES_ABIERTO,2026-09-21
MUNICIPALITY,42000000-0000-0000-0000-000000000305,Mezquital,MEASLES,Measles,SUSPECTED,10,2026-09-21 00:00:00,,ACTIVE,EFES_ABIERTO,2026-09-21
MUNICIPALITY,42000000-0000-0000-0000-000000000305,Mezquital,RUBELLA,Rubella,SUSPECTED,10,2026-09-21 00:00:00,,ACTIVE,EFES_ABIERTO,2026-09-21
MUNICIPALITY,42000000-0000-0000-0000-000000000923,Miacatlan,DENGUE,Dengue fever,SUSPECTED,1,2026-08-31 00:00:00,,ACTIVE,DENGUE_ABIERTO,2026-09-14
MUNICIPALITY,42000000-0000-0000-0000-000000000290,Miguel Hidalgo,COVID-19,COVID-19,CONFIRMED,2,2026-08-01 00:00:00,,ACTIVE,COVID19MEXICO,2026-09-28
MUNICIPALITY,42000000-0000-0000-0000-000000000290,Miguel Hidalgo,COVID-19,COVID-19,SUSPECTED,57,2026-08-02 00:00:00,,ACTIVE,COVID19MEXICO,2026-09-28
MUNICIPALITY,42000000-0000-0000-0000-000000000290,Miguel Hidalgo,INFLUENZA,Influenza,CONFIRMED,2,2026-08-19 00:00:00,,ACTIVE,COVID19MEXICO,2026-09-28
MUNICIPALITY,42000000-0000-0000-0000-000000000290,Miguel Hidalgo,INFLUENZA,Influenza,SUSPECTED,57,2026-08-02 00:00:00,,ACTIVE,COVID19MEXICO,2026-09-28
MUNICIPALITY,42000000-0000-0000-0000-000000000290,Miguel Hidalgo,MEASLES,Measles,SUSPECTED,1,2026-09-21 00:00:00,,ACTIVE,EFES_ABIERTO,2026-09-21
MUNICIPALITY,42000000-0000-0000-0000-000000000290,Miguel Hidalgo,RUBELLA,Rubella,SUSPECTED,1,2026-09-21 00:00:00,,ACTIVE,EFES_ABIERTO,2026-09-21
MUNICIPALITY,42000000-0000-0000-0000-000000000283,Milpa Alta,COVID-19,COVID-19,CONFIRMED,6,2026-08-02 00:00:00,,ACTIVE,COVID19MEXICO,2026-09-28
MUNICIPALITY,42000000-0000-0000-0000-000000000283,Milpa Alta,COVID-19,COVID-19,SUSPECTED,4,2026-08-01 00:00:00,,ACTIVE,COVID19MEXICO,2026-09-28
MUNICIPALITY,42000000-0000-0000-0000-000000000283,Milpa Alta,INFLUENZA,Influenza,CONFIRMED,3,2026-09-16 00:00:00,,ACTIVE,COVID19MEXICO,2026-09-28
MUNICIPALITY,42000000-0000-0000-0000-000000000283,Milpa Alta,INFLUENZA,Influenza,SUSPECTED,4,2026-08-01 00:00:00,,ACTIVE,COVID19MEXICO,2026-09-28
MUNICIPALITY,42000000-0000-0000-0000-000000000283,Milpa Alta,MEASLES,Measles,SUSPECTED,1,2026-09-21 00:00:00,,ACTIVE,EFES_ABIERTO,2026-09-21
MUNICIPALITY,42000000-0000-0000-0000-000000000283,Milpa Alta,RUBELLA,Rubella,SUSPECTED,1,2026-09-21 00:00:00,,ACTIVE,EFES_ABIERTO,2026-09-21
MUNICIPALITY,42000000-0000-0000-0000-000000000082,Minatitlan,COVID-19,COVID-19,SUSPECTED,1,2026-09-01 00:00:00,,ACTIVE,COVID19MEXICO,2026-09-28
MUNICIPALITY,42000000-0000-0000-0000-000000002210,Minatitlan,COVID-19,COVID-19,SUSPECTED,2,2026-09-21 00:00:00,,ACTIVE,COVID19MEXICO,2026-09-28
MUNICIPALITY,42000000-0000-0000-0000-000000000082,Minatitlan,INFLUENZA,Influenza,SUSPECTED,1,2026-09-01 00:00:00,,ACTIVE,COVID19MEXICO,2026-09-28
MUNICIPALITY,42000000-0000-0000-0000-000000002210,Minatitlan,INFLUENZA,Influenza,SUSPECTED,2,2026-09-21 00:00:00,,ACTIVE,COVID19MEXICO,2026-09-28
MUNICIPALITY,42000000-0000-0000-0000-000000000512,Mineral de la Reforma,COVID-19,COVID-19,CONFIRMED,1,2026-08-07 00:00:00,,ACTIVE,COVID19MEXICO,2026-09-28
MUNICIPALITY,42000000-0000-0000-0000-000000000512,Mineral de la Reforma,COVID-19,COVID-19,SUSPECTED,28,2026-08-02 00:00:00,,ACTIVE,COVID19MEXICO,2026-09-28
MUNICIPALITY,42000000-0000-0000-0000-000000000512,Mineral de la Reforma,INFLUENZA,Influenza,CONFIRMED,2,2026-08-02 00:00:00,,ACTIVE,COVID19MEXICO,2026-09-28
MUNICIPALITY,42000000-0000-0000-0000-000000000512,Mineral de la Reforma,INFLUENZA,Influenza,SUSPECTED,28,2026-08-02 00:00:00,,ACTIVE,COVID19MEXICO,2026-09-28
MUNICIPALITY,42000000-0000-0000-0000-000000000499,Mineral del Chico,COVID-19,COVID-19,SUSPECTED,2,2026-08-08 00:00:00,,ACTIVE,COVID19MEXICO,2026-09-28
MUNICIPALITY,42000000-0000-0000-0000-000000000499,Mineral del Chico,INFLUENZA,Influenza,SUSPECTED,2,2026-08-08 00:00:00,,ACTIVE,COVID19MEXICO,2026-09-28
MUNICIPALITY,42000000-0000-0000-0000-000000000500,Mineral del Monte,COVID-19,COVID-19,SUSPECTED,1,2026-09-10 00:00:00,,ACTIVE,COVID19MEXICO,2026-09-28
MUNICIPALITY,42000000-0000-0000-0000-000000000500,Mineral del Monte,INFLUENZA,Influenza,SUSPECTED,1,2026-09-10 00:00:00,,ACTIVE,COVID19MEXICO,2026-09-28
MUNICIPALITY,42000000-0000-0000-0000-000000002211,Misantla,COVID-19,COVID-19,SUSPECTED,1,2026-08-03 00:00:00,,ACTIVE,COVID19MEXICO,2026-09-28
MUNICIPALITY,42000000-0000-0000-0000-000000002211,Misantla,INFLUENZA,Influenza,SUSPECTED,1,2026-08-03 00:00:00,,ACTIVE,COVID19MEXICO,2026-09-28
MUNICIPALITY,42000000-0000-0000-0000-000000000502,Mixquiahuala de Juarez,COVID-19,COVID-19,SUSPECTED,1,2026-09-06 00:00:00,,ACTIVE,COVID19MEXICO,2026-09-28
MUNICIPALITY,42000000-0000-0000-0000-000000000502,Mixquiahuala de Juarez,INFLUENZA,Influenza,CONFIRMED,2,2026-08-03 00:00:00,,ACTIVE,COVID19MEXICO,2026-09-28
MUNICIPALITY,42000000-0000-0000-0000-000000000502,Mixquiahuala de Juarez,INFLUENZA,Influenza,SUSPECTED,1,2026-09-06 00:00:00,,ACTIVE,COVID19MEXICO,2026-09-28
MUNICIPALITY,42000000-0000-0000-0000-000000000420,Mochitlan,COVID-19,COVID-19,CONFIRMED,1,2026-08-20 00:00:00,,ACTIVE,COVID19MEXICO,2026-09-28
MUNICIPALITY,42000000-0000-0000-0000-000000001903,Mocorito,COVID-19,COVID-19,CONFIRMED,1,2026-09-04 00:00:00,,ACTIVE,COVID19MEXICO,2026-09-28
MUNICIPALITY,42000000-0000-0000-0000-000000000503,Molango de Escamilla,COVID-19,COVID-19,SUSPECTED,6,2026-08-18 00:00:00,,ACTIVE,COVID19MEXICO,2026-09-28
MUNICIPALITY,42000000-0000-0000-0000-000000000503,Molango de Escamilla,INFLUENZA,Influenza,SUSPECTED,6,2026-08-18 00:00:00,,ACTIVE,COVID19MEXICO,2026-09-28
MUNICIPALITY,42000000-0000-0000-0000-000000000054,Monclova,COVID-19,COVID-19,CONFIRMED,1,2026-09-21 00:00:00,,ACTIVE,COVID19MEXICO,2026-09-28
MUNICIPALITY,42000000-0000-0000-0000-000000002451,Monte Escobedo,COVID-19,COVID-19,CONFIRMED,1,2026-08-07 00:00:00,,ACTIVE,COVID19MEXICO,2026-09-28
MUNICIPALITY,42000000-0000-0000-0000-000000000200,Montecristo de Guerrero,MEASLES,Measles,SUSPECTED,1,2026-09-21 00:00:00,,ACTIVE,EFES_ABIERTO,2026-09-21
MUNICIPALITY,42000000-0000-0000-0000-000000000200,Montecristo de Guerrero,RUBELLA,Rubella,SUSPECTED,1,2026-09-21 00:00:00,,ACTIVE,EFES_ABIERTO,2026-09-21
MUNICIPALITY,42000000-0000-0000-0000-000000001002,Montemorelos,COVID-19,COVID-19,CONFIRMED,2,2026-08-11 00:00:00,,ACTIVE,COVID19MEXICO,2026-09-28
MUNICIPALITY,42000000-0000-0000-0000-000000001003,Monterrey,COVID-19,COVID-19,CONFIRMED,31,2026-08-02 00:00:00,,ACTIVE,COVID19MEXICO,2026-09-28
MUNICIPALITY,42000000-0000-0000-0000-000000001003,Monterrey,COVID-19,COVID-19,SUSPECTED,11,2026-08-08 00:00:00,,ACTIVE,COVID19MEXICO,2026-09-28
MUNICIPALITY,42000000-0000-0000-0000-000000001003,Monterrey,INFLUENZA,Influenza,CONFIRMED,3,2026-08-02 00:00:00,,ACTIVE,COVID19MEXICO,2026-09-28
MUNICIPALITY,42000000-0000-0000-0000-000000001003,Monterrey,INFLUENZA,Influenza,SUSPECTED,11,2026-08-08 00:00:00,,ACTIVE,COVID19MEXICO,2026-09-28
MUNICIPALITY,42000000-0000-0000-0000-000000001003,Monterrey,MEASLES,Measles,SUSPECTED,4,2026-09-21 00:00:00,,ACTIVE,EFES_ABIERTO,2026-09-21
MUNICIPALITY,42000000-0000-0000-0000-000000001003,Monterrey,RUBELLA,Rubella,SUSPECTED,4,2026-09-21 00:00:00,,ACTIVE,EFES_ABIERTO,2026-09-21
MUNICIPALITY,42000000-0000-0000-0000-000000000848,Morelia,COVID-19,COVID-19,CONFIRMED,8,2026-08-03 00:00:00,,ACTIVE,COVID19MEXICO,2026-09-28
MUNICIPALITY,42000000-0000-0000-0000-000000000848,Morelia,COVID-19,COVID-19,SUSPECTED,19,2026-08-14 00:00:00,,ACTIVE,COVID19MEXICO,2026-09-28
MUNICIPALITY,42000000-0000-0000-0000-000000000848,Morelia,INFLUENZA,Influenza,SUSPECTED,19,2026-08-14 00:00:00,,ACTIVE,COVID19MEXICO,2026-09-28
MUNICIPALITY,42000000-0000-0000-0000-000000000848,Morelia,MEASLES,Measles,SUSPECTED,20,2026-09-21 00:00:00,,ACTIVE,EFES_ABIERTO,2026-09-21
MUNICIPALITY,42000000-0000-0000-0000-000000000848,Morelia,RUBELLA,Rubella,SUSPECTED,20,2026-09-21 00:00:00,,ACTIVE,EFES_ABIERTO,2026-09-21
MUNICIPALITY,42000000-0000-0000-0000-000000002452,Morelos,COVID-19,COVID-19,CONFIRMED,1,2026-08-15 00:00:00,,ACTIVE,COVID19MEXICO,2026-09-28
MUNICIPALITY,42000000-0000-0000-0000-000000000849,Morelos,MEASLES,Measles,SUSPECTED,1,2026-09-21 00:00:00,,ACTIVE,EFES_ABIERTO,2026-09-21
MUNICIPALITY,42000000-0000-0000-0000-000000000849,Morelos,RUBELLA,Rubella,SUSPECTED,1,2026-09-21 00:00:00,,ACTIVE,EFES_ABIERTO,2026-09-21
MUNICIPALITY,42000000-0000-0000-0000-000000000255,Moris,MEASLES,Measles,SUSPECTED,1,2026-09-21 00:00:00,,ACTIVE,EFES_ABIERTO,2026-09-21
MUNICIPALITY,42000000-0000-0000-0000-000000000255,Moris,RUBELLA,Rubella,SUSPECTED,1,2026-09-21 00:00:00,,ACTIVE,EFES_ABIERTO,2026-09-21
MUNICIPALITY,42000000-0000-0000-0000-000000000351,Moroleon,COVID-19,COVID-19,SUSPECTED,1,2026-09-14 00:00:00,,ACTIVE,COVID19MEXICO,2026-09-28
MUNICIPALITY,42000000-0000-0000-0000-000000000351,Moroleon,INFLUENZA,Influenza,SUSPECTED,1,2026-09-14 00:00:00,,ACTIVE,COVID19MEXICO,2026-09-28
MUNICIPALITY,42000000-0000-0000-0000-000000002366,Motul,COVID-19,COVID-19,SUSPECTED,1,2026-09-23 00:00:00,,ACTIVE,COVID19MEXICO,2026-09-28
MUNICIPALITY,42000000-0000-0000-0000-000000002366,Motul,INFLUENZA,Influenza,CONFIRMED,2,2026-08-14 00:00:00,,ACTIVE,COVID19MEXICO,2026-09-28
MUNICIPALITY,42000000-0000-0000-0000-000000002366,Motul,INFLUENZA,Influenza,SUSPECTED,1,2026-09-23 00:00:00,,ACTIVE,COVID19MEXICO,2026-09-28
MUNICIPALITY,42000000-0000-0000-0000-000000002366,Motul,MEASLES,Measles,SUSPECTED,1,2026-09-21 00:00:00,,ACTIVE,EFES_ABIERTO,2026-09-21
MUNICIPALITY,42000000-0000-0000-0000-000000002366,Motul,RUBELLA,Rubella,SUSPECTED,1,2026-09-21 00:00:00,,ACTIVE,EFES_ABIERTO,2026-09-21
MUNICIPALITY,42000000-0000-0000-0000-000000000850,Mugica,COVID-19,COVID-19,SUSPECTED,1,2026-09-17 00:00:00,,ACTIVE,COVID19MEXICO,2026-09-28
MUNICIPALITY,42000000-0000-0000-0000-000000000850,Mugica,INFLUENZA,Influenza,SUSPECTED,1,2026-09-17 00:00:00,,ACTIVE,COVID19MEXICO,2026-09-28
MUNICIPALITY,42000000-0000-0000-0000-000000000850,Mugica,MEASLES,Measles,SUSPECTED,1,2026-09-21 00:00:00,,ACTIVE,EFES_ABIERTO,2026-09-21
MUNICIPALITY,42000000-0000-0000-0000-000000000850,Mugica,RUBELLA,Rubella,SUSPECTED,1,2026-09-21 00:00:00,,ACTIVE,EFES_ABIERTO,2026-09-21
MUNICIPALITY,42000000-0000-0000-0000-000000000020,Mulege,COVID-19,COVID-19,SUSPECTED,5,2026-08-28 00:00:00,,ACTIVE,COVID19MEXICO,2026-09-28
MUNICIPALITY,42000000-0000-0000-0000-000000000020,Mulege,INFLUENZA,Influenza,SUSPECTED,5,2026-08-28 00:00:00,,ACTIVE,COVID19MEXICO,2026-09-28
MUNICIPALITY,42000000-0000-0000-0000-000000000020,Mulege,MEASLES,Measles,SUSPECTED,1,2026-09-21 00:00:00,,ACTIVE,EFES_ABIERTO,2026-09-21
MUNICIPALITY,42000000-0000-0000-0000-000000000020,Mulege,RUBELLA,Rubella,SUSPECTED,1,2026-09-21 00:00:00,,ACTIVE,EFES_ABIERTO,2026-09-21
MUNICIPALITY,42000000-0000-0000-0000-000000002367,Muna,COVID-19,COVID-19,SUSPECTED,1,2026-08-09 00:00:00,,ACTIVE,COVID19MEXICO,2026-09-28
MUNICIPALITY,42000000-0000-0000-0000-000000002367,Muna,INFLUENZA,Influenza,SUSPECTED,1,2026-08-09 00:00:00,,ACTIVE,COVID19MEXICO,2026-09-28
MUNICIPALITY,42000000-0000-0000-0000-000000000056,Muzquiz,COVID-19,COVID-19,CONFIRMED,1,2026-09-21 00:00:00,,ACTIVE,COVID19MEXICO,2026-09-28
MUNICIPALITY,42000000-0000-0000-0000-000000000056,Muzquiz,COVID-19,COVID-19,SUSPECTED,1,2026-09-12 00:00:00,,ACTIVE,COVID19MEXICO,2026-09-28
MUNICIPALITY,42000000-0000-0000-0000-000000000056,Muzquiz,DENGUE,Dengue fever,SUSPECTED,1,2026-08-05 00:00:00,,ACTIVE,DENGUE_ABIERTO,2026-09-14
MUNICIPALITY,42000000-0000-0000-0000-000000000056,Muzquiz,INFLUENZA,Influenza,CONFIRMED,1,2026-09-15 00:00:00,,ACTIVE,COVID19MEXICO,2026-09-28
MUNICIPALITY,42000000-0000-0000-0000-000000000056,Muzquiz,INFLUENZA,Influenza,SUSPECTED,1,2026-09-12 00:00:00,,ACTIVE,COVID19MEXICO,2026-09-28
MUNICIPALITY,42000000-0000-0000-0000-000000001995,Nacajuca,COVID-19,COVID-19,CONFIRMED,1,2026-08-25 00:00:00,,ACTIVE,COVID19MEXICO,2026-09-28
MUNICIPALITY,42000000-0000-0000-0000-000000001995,Nacajuca,COVID-19,COVID-19,SUSPECTED,2,2026-09-03 00:00:00,,ACTIVE,COVID19MEXICO,2026-09-28
MUNICIPALITY,42000000-0000-0000-0000-000000001995,Nacajuca,INFLUENZA,Influenza,CONFIRMED,2,2026-09-06 00:00:00,,ACTIVE,COVID19MEXICO,2026-09-28
MUNICIPALITY,42000000-0000-0000-0000-000000001995,Nacajuca,INFLUENZA,Influenza,SUSPECTED,2,2026-09-03 00:00:00,,ACTIVE,COVID19MEXICO,2026-09-28
MUNICIPALITY,42000000-0000-0000-0000-000000001995,Nacajuca,MEASLES,Measles,SUSPECTED,6,2026-09-21 00:00:00,,ACTIVE,EFES_ABIERTO,2026-09-21
MUNICIPALITY,42000000-0000-0000-0000-000000001995,Nacajuca,RUBELLA,Rubella,SUSPECTED,6,2026-09-21 00:00:00,,ACTIVE,EFES_ABIERTO,2026-09-21
MUNICIPALITY,42000000-0000-0000-0000-000000000256,Namiquipa,MEASLES,Measles,SUSPECTED,1,2026-09-21 00:00:00,,ACTIVE,EFES_ABIERTO,2026-09-21
MUNICIPALITY,42000000-0000-0000-0000-000000000256,Namiquipa,RUBELLA,Rubella,SUSPECTED,1,2026-09-21 00:00:00,,ACTIVE,EFES_ABIERTO,2026-09-21
MUNICIPALITY,42000000-0000-0000-0000-000000002063,Nanacamilpa de Mariano Arista,COVID-19,COVID-19,SUSPECTED,1,2026-09-21 00:00:00,,ACTIVE,COVID19MEXICO,2026-09-28
MUNICIPALITY,42000000-0000-0000-0000-000000002063,Nanacamilpa de Mariano Arista,INFLUENZA,Influenza,SUSPECTED,1,2026-09-21 00:00:00,,ACTIVE,COVID19MEXICO,2026-09-28
MUNICIPALITY,42000000-0000-0000-0000-000000002308,Nanchital de Lazaro Cardenas del Rio,COVID-19,COVID-19,SUSPECTED,1,2026-09-18 00:00:00,,ACTIVE,COVID19MEXICO,2026-09-28
MUNICIPALITY,42000000-0000-0000-0000-000000002308,Nanchital de Lazaro Cardenas del Rio,INFLUENZA,Influenza,SUSPECTED,1,2026-09-18 00:00:00,,ACTIVE,COVID19MEXICO,2026-09-28
MUNICIPALITY,42000000-0000-0000-0000-000000002214,Naolinco,COVID-19,COVID-19,SUSPECTED,1,2026-08-07 00:00:00,,ACTIVE,COVID19MEXICO,2026-09-28
MUNICIPALITY,42000000-0000-0000-0000-000000002214,Naolinco,INFLUENZA,Influenza,SUSPECTED,1,2026-08-07 00:00:00,,ACTIVE,COVID19MEXICO,2026-09-28
MUNICIPALITY,42000000-0000-0000-0000-000000002065,Nativitas,COVID-19,COVID-19,CONFIRMED,2,2026-08-21 00:00:00,,ACTIVE,COVID19MEXICO,2026-09-28
MUNICIPALITY,42000000-0000-0000-0000-000000000727,Naucalpan de Juarez,COVID-19,COVID-19,CONFIRMED,2,2026-08-01 00:00:00,,ACTIVE,COVID19MEXICO,2026-09-28
MUNICIPALITY,42000000-0000-0000-0000-000000000727,Naucalpan de Juarez,COVID-19,COVID-19,SUSPECTED,27,2026-08-06 00:00:00,,ACTIVE,COVID19MEXICO,2026-09-28
MUNICIPALITY,42000000-0000-0000-0000-000000000727,Naucalpan de Juarez,INFLUENZA,Influenza,CONFIRMED,3,2026-08-07 00:00:00,,ACTIVE,COVID19MEXICO,2026-09-28
MUNICIPALITY,42000000-0000-0000-0000-000000000727,Naucalpan de Juarez,INFLUENZA,Influenza,SUSPECTED,27,2026-08-06 00:00:00,,ACTIVE,COVID19MEXICO,2026-09-28
MUNICIPALITY,42000000-0000-0000-0000-000000000727,Naucalpan de Juarez,MEASLES,Measles,SUSPECTED,11,2026-09-21 00:00:00,,ACTIVE,EFES_ABIERTO,2026-09-21
MUNICIPALITY,42000000-0000-0000-0000-000000000727,Naucalpan de Juarez,RUBELLA,Rubella,SUSPECTED,11,2026-09-21 00:00:00,,ACTIVE,EFES_ABIERTO,2026-09-21
MUNICIPALITY,42000000-0000-0000-0000-000000001686,Nauzontla,COVID-19,COVID-19,SUSPECTED,1,2026-09-05 00:00:00,,ACTIVE,COVID19MEXICO,2026-09-28
MUNICIPALITY,42000000-0000-0000-0000-000000001686,Nauzontla,INFLUENZA,Influenza,SUSPECTED,1,2026-09-05 00:00:00,,ACTIVE,COVID19MEXICO,2026-09-28
MUNICIPALITY,42000000-0000-0000-0000-000000000058,Nava,COVID-19,COVID-19,SUSPECTED,1,2026-09-08 00:00:00,,ACTIVE,COVID19MEXICO,2026-09-28
MUNICIPALITY,42000000-0000-0000-0000-000000000058,Nava,INFLUENZA,Influenza,SUSPECTED,1,2026-09-08 00:00:00,,ACTIVE,COVID19MEXICO,2026-09-28
MUNICIPALITY,42000000-0000-0000-0000-000000001952,Navojoa,COVID-19,COVID-19,SUSPECTED,7,2026-08-04 00:00:00,,ACTIVE,COVID19MEXICO,2026-09-28
MUNICIPALITY,42000000-0000-0000-0000-000000001952,Navojoa,INFLUENZA,Influenza,SUSPECTED,7,2026-08-04 00:00:00,,ACTIVE,COVID19MEXICO,2026-09-28
MUNICIPALITY,42000000-0000-0000-0000-000000001908,Navolato,COVID-19,COVID-19,CONFIRMED,1,2026-08-20 00:00:00,,ACTIVE,COVID19MEXICO,2026-09-28
MUNICIPALITY,42000000-0000-0000-0000-000000001908,Navolato,COVID-19,COVID-19,SUSPECTED,1,2026-09-05 00:00:00,,ACTIVE,COVID19MEXICO,2026-09-28
MUNICIPALITY,42000000-0000-0000-0000-000000001908,Navolato,INFLUENZA,Influenza,SUSPECTED,1,2026-09-05 00:00:00,,ACTIVE,COVID19MEXICO,2026-09-28
MUNICIPALITY,42000000-0000-0000-0000-000000001079,Nejapa de Madero,COVID-19,COVID-19,SUSPECTED,3,2026-08-04 00:00:00,,ACTIVE,COVID19MEXICO,2026-09-28
MUNICIPALITY,42000000-0000-0000-0000-000000001079,Nejapa de Madero,INFLUENZA,Influenza,SUSPECTED,3,2026-08-04 00:00:00,,ACTIVE,COVID19MEXICO,2026-09-28
MUNICIPALITY,42000000-0000-0000-0000-000000000729,Nextlalpan,COVID-19,COVID-19,SUSPECTED,1,2026-09-22 00:00:00,,ACTIVE,COVID19MEXICO,2026-09-28
MUNICIPALITY,42000000-0000-0000-0000-000000000729,Nextlalpan,INFLUENZA,Influenza,SUSPECTED,1,2026-09-22 00:00:00,,ACTIVE,COVID19MEXICO,2026-09-28
MUNICIPALITY,42000000-0000-0000-0000-000000000729,Nextlalpan,MEASLES,Measles,SUSPECTED,1,2026-09-21 00:00:00,,ACTIVE,EFES_ABIERTO,2026-09-21
MUNICIPALITY,42000000-0000-0000-0000-000000000729,Nextlalpan,RUBELLA,Rubella,SUSPECTED,1,2026-09-21 00:00:00,,ACTIVE,EFES_ABIERTO,2026-09-21
MUNICIPALITY,42000000-0000-0000-0000-000000000728,Nezahualcoyotl,COVID-19,COVID-19,CONFIRMED,11,2026-08-04 00:00:00,,ACTIVE,COVID19MEXICO,2026-09-28
MUNICIPALITY,42000000-0000-0000-0000-000000000728,Nezahualcoyotl,COVID-19,COVID-19,SUSPECTED,38,2026-08-04 00:00:00,,ACTIVE,COVID19MEXICO,2026-09-28
MUNICIPALITY,42000000-0000-0000-0000-000000000728,Nezahualcoyotl,INFLUENZA,Influenza,SUSPECTED,38,2026-08-04 00:00:00,,ACTIVE,COVID19MEXICO,2026-09-28
MUNICIPALITY,42000000-0000-0000-0000-000000000728,Nezahualcoyotl,MEASLES,Measles,SUSPECTED,11,2026-09-21 00:00:00,,ACTIVE,EFES_ABIERTO,2026-09-21
MUNICIPALITY,42000000-0000-0000-0000-000000000728,Nezahualcoyotl,RUBELLA,Rubella,SUSPECTED,11,2026-09-21 00:00:00,,ACTIVE,EFES_ABIERTO,2026-09-21
MUNICIPALITY,42000000-0000-0000-0000-000000001688,Nicolas Bravo,COVID-19,COVID-19,SUSPECTED,1,2026-09-01 00:00:00,,ACTIVE,COVID19MEXICO,2026-09-28
MUNICIPALITY,42000000-0000-0000-0000-000000001688,Nicolas Bravo,INFLUENZA,Influenza,SUSPECTED,1,2026-09-01 00:00:00,,ACTIVE,COVID19MEXICO,2026-09-28
MUNICIPALITY,42000000-0000-0000-0000-000000000730,Nicolas Romero,COVID-19,COVID-19,CONFIRMED,3,2026-08-05 00:00:00,,ACTIVE,COVID19MEXICO,2026-09-28
MUNICIPALITY,42000000-0000-0000-0000-000000000730,Nicolas Romero,COVID-19,COVID-19,SUSPECTED,26,2026-08-02 00:00:00,,ACTIVE,COVID19MEXICO,2026-09-28
MUNICIPALITY,42000000-0000-0000-0000-000000000730,Nicolas Romero,INFLUENZA,Influenza,SUSPECTED,26,2026-08-02 00:00:00,,ACTIVE,COVID19MEXICO,2026-09-28
MUNICIPALITY,42000000-0000-0000-0000-000000000730,Nicolas Romero,MEASLES,Measles,SUSPECTED,3,2026-09-21 00:00:00,,ACTIVE,EFES_ABIERTO,2026-09-21
MUNICIPALITY,42000000-0000-0000-0000-000000000730,Nicolas Romero,RUBELLA,Rubella,SUSPECTED,3,2026-09-21 00:00:00,,ACTIVE,EFES_ABIERTO,2026-09-21
MUNICIPALITY,42000000-0000-0000-0000-000000002454,Nochistlan de Mejia,MEASLES,Measles,SUSPECTED,1,2026-09-21 00:00:00,,ACTIVE,EFES_ABIERTO,2026-09-21
MUNICIPALITY,42000000-0000-0000-0000-000000002454,Nochistlan de Mejia,RUBELLA,Rubella,SUSPECTED,1,2026-09-21 00:00:00,,ACTIVE,EFES_ABIERTO,2026-09-21
MUNICIPALITY,42000000-0000-0000-0000-000000000852,Nocupetaro,MEASLES,Measles,SUSPECTED,1,2026-09-21 00:00:00,,ACTIVE,EFES_ABIERTO,2026-09-21
MUNICIPALITY,42000000-0000-0000-0000-000000000852,Nocupetaro,RUBELLA,Rubella,SUSPECTED,1,2026-09-21 00:00:00,,ACTIVE,EFES_ABIERTO,2026-09-21
MUNICIPALITY,42000000-0000-0000-0000-000000001953,Nogales,COVID-19,COVID-19,CONFIRMED,1,2026-09-13 00:00:00,,ACTIVE,COVID19MEXICO,2026-09-28
MUNICIPALITY,42000000-0000-0000-0000-000000001953,Nogales,COVID-19,COVID-19,SUSPECTED,4,2026-08-06 00:00:00,,ACTIVE,COVID19MEXICO,2026-09-28
MUNICIPALITY,42000000-0000-0000-0000-000000002217,Nogales,COVID-19,COVID-19,SUSPECTED,1,2026-09-22 00:00:00,,ACTIVE,COVID19MEXICO,2026-09-28
MUNICIPALITY,42000000-0000-0000-0000-000000001953,Nogales,INFLUENZA,Influenza,SUSPECTED,4,2026-08-06 00:00:00,,ACTIVE,COVID19MEXICO,2026-09-28
MUNICIPALITY,42000000-0000-0000-0000-000000002217,Nogales,INFLUENZA,Influenza,SUSPECTED,1,2026-09-22 00:00:00,,ACTIVE,COVID19MEXICO,2026-09-28
MUNICIPALITY,42000000-0000-0000-0000-000000002217,Nogales,MEASLES,Measles,SUSPECTED,1,2026-09-21 00:00:00,,ACTIVE,EFES_ABIERTO,2026-09-21
MUNICIPALITY,42000000-0000-0000-0000-000000002217,Nogales,RUBELLA,Rubella,SUSPECTED,1,2026-09-21 00:00:00,,ACTIVE,EFES_ABIERTO,2026-09-21
MUNICIPALITY,42000000-0000-0000-0000-000000000307,Nombre de Dios,COVID-19,COVID-19,SUSPECTED,1,2026-08-30 00:00:00,,ACTIVE,COVID19MEXICO,2026-09-28
MUNICIPALITY,42000000-0000-0000-0000-000000000307,Nombre de Dios,INFLUENZA,Influenza,SUSPECTED,1,2026-08-30 00:00:00,,ACTIVE,COVID19MEXICO,2026-09-28
MUNICIPALITY,42000000-0000-0000-0000-000000000505,Nopala de Villagran,COVID-19,COVID-19,SUSPECTED,1,2026-09-07 00:00:00,,ACTIVE,COVID19MEXICO,2026-09-28
MUNICIPALITY,42000000-0000-0000-0000-000000000505,Nopala de Villagran,INFLUENZA,Influenza,SUSPECTED,1,2026-09-07 00:00:00,,ACTIVE,COVID19MEXICO,2026-09-28
MUNICIPALITY,42000000-0000-0000-0000-000000000731,Nopaltepec,COVID-19,COVID-19,CONFIRMED,1,2026-08-11 00:00:00,,ACTIVE,COVID19MEXICO,2026-09-28
MUNICIPALITY,42000000-0000-0000-0000-000000001689,Nopalucan,COVID-19,COVID-19,SUSPECTED,1,2026-09-22 00:00:00,,ACTIVE,COVID19MEXICO,2026-09-28
MUNICIPALITY,42000000-0000-0000-0000-000000001689,Nopalucan,INFLUENZA,Influenza,SUSPECTED,1,2026-09-22 00:00:00,,ACTIVE,COVID19MEXICO,2026-09-28
MUNICIPALITY,42000000-0000-0000-0000-000000000258,Nuevo Casas Grandes,MEASLES,Measles,SUSPECTED,1,2026-09-21 00:00:00,,ACTIVE,EFES_ABIERTO,2026-09-21
MUNICIPALITY,42000000-0000-0000-0000-000000000258,Nuevo Casas Grandes,RUBELLA,Rubella,SUSPECTED,1,2026-09-21 00:00:00,,ACTIVE,EFES_ABIERTO,2026-09-21
MUNICIPALITY,42000000-0000-0000-0000-000000000853,Nuevo Parangaricutiro,COVID-19,COVID-19,CONFIRMED,1,2026-08-15 00:00:00,,ACTIVE,COVID19MEXICO,2026-09-28
MUNICIPALITY,42000000-0000-0000-0000-000000000853,Nuevo Parangaricutiro,COVID-19,COVID-19,SUSPECTED,1,2026-09-17 00:00:00,,ACTIVE,COVID19MEXICO,2026-09-28
MUNICIPALITY,42000000-0000-0000-0000-000000000853,Nuevo Parangaricutiro,INFLUENZA,Influenza,SUSPECTED,1,2026-09-17 00:00:00,,ACTIVE,COVID19MEXICO,2026-09-28
MUNICIPALITY,42000000-0000-0000-0000-000000000855,Numaran,MEASLES,Measles,SUSPECTED,1,2026-09-21 00:00:00,,ACTIVE,EFES_ABIERTO,2026-09-21
MUNICIPALITY,42000000-0000-0000-0000-000000000855,Numaran,RUBELLA,Rubella,SUSPECTED,1,2026-09-21 00:00:00,,ACTIVE,EFES_ABIERTO,2026-09-21
MUNICIPALITY,42000000-0000-0000-0000-000000001082,Oaxaca de Juarez,COVID-19,COVID-19,CONFIRMED,4,2026-08-04 00:00:00,,ACTIVE,COVID19MEXICO,2026-09-28
MUNICIPALITY,42000000-0000-0000-0000-000000001082,Oaxaca de Juarez,COVID-19,COVID-19,SUSPECTED,40,2026-08-02 00:00:00,,ACTIVE,COVID19MEXICO,2026-09-28
MUNICIPALITY,42000000-0000-0000-0000-000000001082,Oaxaca de Juarez,DENGUE,Dengue fever,SUSPECTED,1,2026-08-03 00:00:00,,ACTIVE,DENGUE_ABIERTO,2026-09-14
MUNICIPALITY,42000000-0000-0000-0000-000000001082,Oaxaca de Juarez,INFLUENZA,Influenza,CONFIRMED,1,2026-08-16 00:00:00,,ACTIVE,COVID19MEXICO,2026-09-28
MUNICIPALITY,42000000-0000-0000-0000-000000001082,Oaxaca de Juarez,INFLUENZA,Influenza,SUSPECTED,40,2026-08-02 00:00:00,,ACTIVE,COVID19MEXICO,2026-09-28
MUNICIPALITY,42000000-0000-0000-0000-000000001082,Oaxaca de Juarez,MEASLES,Measles,SUSPECTED,4,2026-09-21 00:00:00,,ACTIVE,EFES_ABIERTO,2026-09-21
MUNICIPALITY,42000000-0000-0000-0000-000000001082,Oaxaca de Juarez,RUBELLA,Rubella,SUSPECTED,4,2026-09-21 00:00:00,,ACTIVE,EFES_ABIERTO,2026-09-21
MUNICIPALITY,42000000-0000-0000-0000-000000000856,Ocampo,COVID-19,COVID-19,SUSPECTED,1,2026-08-04 00:00:00,,ACTIVE,COVID19MEXICO,2026-09-28
MUNICIPALITY,42000000-0000-0000-0000-000000000856,Ocampo,INFLUENZA,Influenza,SUSPECTED,1,2026-08-04 00:00:00,,ACTIVE,COVID19MEXICO,2026-09-28
MUNICIPALITY,42000000-0000-0000-0000-000000000059,Ocampo,MEASLES,Measles,SUSPECTED,1,2026-09-21 00:00:00,,ACTIVE,EFES_ABIERTO,2026-09-21
MUNICIPALITY,42000000-0000-0000-0000-000000000308,Ocampo,MEASLES,Measles,SUSPECTED,1,2026-09-21 00:00:00,,ACTIVE,EFES_ABIERTO,2026-09-21
MUNICIPALITY,42000000-0000-0000-0000-000000000059,Ocampo,RUBELLA,Rubella,SUSPECTED,1,2026-09-21 00:00:00,,ACTIVE,EFES_ABIERTO,2026-09-21
MUNICIPALITY,42000000-0000-0000-0000-000000000308,Ocampo,RUBELLA,Rubella,SUSPECTED,1,2026-09-21 00:00:00,,ACTIVE,EFES_ABIERTO,2026-09-21
MUNICIPALITY,42000000-0000-0000-0000-000000000143,Ocosingo,INFLUENZA,Influenza,CONFIRMED,1,2026-09-06 00:00:00,,ACTIVE,COVID19MEXICO,2026-09-28
MUNICIPALITY,42000000-0000-0000-0000-000000000143,Ocosingo,MEASLES,Measles,SUSPECTED,2,2026-09-21 00:00:00,,ACTIVE,EFES_ABIERTO,2026-09-21
MUNICIPALITY,42000000-0000-0000-0000-000000000143,Ocosingo,RUBELLA,Rubella,SUSPECTED,2,2026-09-21 00:00:00,,ACTIVE,EFES_ABIERTO,2026-09-21
MUNICIPALITY,42000000-0000-0000-0000-000000001690,Ocotepec,COVID-19,COVID-19,SUSPECTED,1,2026-08-18 00:00:00,,ACTIVE,COVID19MEXICO,2026-09-28
MUNICIPALITY,42000000-0000-0000-0000-000000001690,Ocotepec,INFLUENZA,Influenza,SUSPECTED,1,2026-08-18 00:00:00,,ACTIVE,COVID19MEXICO,2026-09-28
MUNICIPALITY,42000000-0000-0000-0000-000000000608,Ocotlan,MEASLES,Measles,CONFIRMED,1,2026-08-13 00:00:00,,ACTIVE,EFES_ABIERTO,2026-09-21
MUNICIPALITY,42000000-0000-0000-0000-000000000608,Ocotlan,MEASLES,Measles,SUSPECTED,2,2026-09-21 00:00:00,,ACTIVE,EFES_ABIERTO,2026-09-21
MUNICIPALITY,42000000-0000-0000-0000-000000000608,Ocotlan,RUBELLA,Rubella,SUSPECTED,2,2026-09-21 00:00:00,,ACTIVE,EFES_ABIERTO,2026-09-21
MUNICIPALITY,42000000-0000-0000-0000-000000000732,Ocoyoacac,COVID-19,COVID-19,CONFIRMED,1,2026-08-20 00:00:00,,ACTIVE,COVID19MEXICO,2026-09-28
MUNICIPALITY,42000000-0000-0000-0000-000000000732,Ocoyoacac,COVID-19,COVID-19,SUSPECTED,1,2026-09-05 00:00:00,,ACTIVE,COVID19MEXICO,2026-09-28
MUNICIPALITY,42000000-0000-0000-0000-000000000732,Ocoyoacac,INFLUENZA,Influenza,SUSPECTED,1,2026-09-05 00:00:00,,ACTIVE,COVID19MEXICO,2026-09-28
MUNICIPALITY,42000000-0000-0000-0000-000000001691,Ocoyucan,COVID-19,COVID-19,CONFIRMED,1,2026-08-27 00:00:00,,ACTIVE,COVID19MEXICO,2026-09-28
MUNICIPALITY,42000000-0000-0000-0000-000000001691,Ocoyucan,COVID-19,COVID-19,SUSPECTED,1,2026-08-20 00:00:00,,ACTIVE,COVID19MEXICO,2026-09-28
MUNICIPALITY,42000000-0000-0000-0000-000000001691,Ocoyucan,INFLUENZA,Influenza,SUSPECTED,1,2026-08-20 00:00:00,,ACTIVE,COVID19MEXICO,2026-09-28
MUNICIPALITY,42000000-0000-0000-0000-000000000145,Ocozocoautla de Espinosa,COVID-19,COVID-19,SUSPECTED,7,2026-08-14 00:00:00,,ACTIVE,COVID19MEXICO,2026-09-28
MUNICIPALITY,42000000-0000-0000-0000-000000000145,Ocozocoautla de Espinosa,INFLUENZA,Influenza,SUSPECTED,7,2026-08-14 00:00:00,,ACTIVE,COVID19MEXICO,2026-09-28
MUNICIPALITY,42000000-0000-0000-0000-000000000145,Ocozocoautla de Espinosa,MEASLES,Measles,SUSPECTED,30,2026-09-21 00:00:00,,ACTIVE,EFES_ABIERTO,2026-09-21
MUNICIPALITY,42000000-0000-0000-0000-000000000145,Ocozocoautla de Espinosa,RUBELLA,Rubella,SUSPECTED,30,2026-09-21 00:00:00,,ACTIVE,EFES_ABIERTO,2026-09-21
MUNICIPALITY,42000000-0000-0000-0000-000000000733,Ocuilan,COVID-19,COVID-19,SUSPECTED,2,2026-08-17 00:00:00,,ACTIVE,COVID19MEXICO,2026-09-28
MUNICIPALITY,42000000-0000-0000-0000-000000000733,Ocuilan,INFLUENZA,Influenza,SUSPECTED,2,2026-08-17 00:00:00,,ACTIVE,COVID19MEXICO,2026-09-28
MUNICIPALITY,42000000-0000-0000-0000-000000000733,Ocuilan,MEASLES,Measles,SUSPECTED,1,2026-09-21 00:00:00,,ACTIVE,EFES_ABIERTO,2026-09-21
MUNICIPALITY,42000000-0000-0000-0000-000000000733,Ocuilan,RUBELLA,Rubella,SUSPECTED,1,2026-09-21 00:00:00,,ACTIVE,EFES_ABIERTO,2026-09-21
MUNICIPALITY,42000000-0000-0000-0000-000000000421,Olinala,COVID-19,COVID-19,SUSPECTED,1,2026-08-06 00:00:00,,ACTIVE,COVID19MEXICO,2026-09-28
MUNICIPALITY,42000000-0000-0000-0000-000000000421,Olinala,INFLUENZA,Influenza,SUSPECTED,1,2026-08-06 00:00:00,,ACTIVE,COVID19MEXICO,2026-09-28
MUNICIPALITY,42000000-0000-0000-0000-000000000422,Ometepec,DENGUE,Dengue fever,SUSPECTED,1,2026-08-28 00:00:00,,ACTIVE,DENGUE_ABIERTO,2026-09-14
MUNICIPALITY,42000000-0000-0000-0000-000000000506,Omitlan de Juarez,COVID-19,COVID-19,SUSPECTED,1,2026-09-23 00:00:00,,ACTIVE,COVID19MEXICO,2026-09-28
MUNICIPALITY,42000000-0000-0000-0000-000000000506,Omitlan de Juarez,INFLUENZA,Influenza,SUSPECTED,1,2026-09-23 00:00:00,,ACTIVE,COVID19MEXICO,2026-09-28
MUNICIPALITY,42000000-0000-0000-0000-000000002369,Opichen,COVID-19,COVID-19,SUSPECTED,1,2026-08-08 00:00:00,,ACTIVE,COVID19MEXICO,2026-09-28
MUNICIPALITY,42000000-0000-0000-0000-000000002369,Opichen,INFLUENZA,Influenza,SUSPECTED,1,2026-08-08 00:00:00,,ACTIVE,COVID19MEXICO,2026-09-28
MUNICIPALITY,42000000-0000-0000-0000-000000001693,Oriental,COVID-19,COVID-19,SUSPECTED,4,2026-08-25 00:00:00,,ACTIVE,COVID19MEXICO,2026-09-28
MUNICIPALITY,42000000-0000-0000-0000-000000001693,Oriental,INFLUENZA,Influenza,SUSPECTED,4,2026-08-25 00:00:00,,ACTIVE,COVID19MEXICO,2026-09-28
MUNICIPALITY,42000000-0000-0000-0000-000000002220,Orizaba,MEASLES,Measles,SUSPECTED,2,2026-09-21 00:00:00,,ACTIVE,EFES_ABIERTO,2026-09-21
MUNICIPALITY,42000000-0000-0000-0000-000000002220,Orizaba,RUBELLA,Rubella,SUSPECTED,2,2026-09-21 00:00:00,,ACTIVE,EFES_ABIERTO,2026-09-21
MUNICIPALITY,42000000-0000-0000-0000-000000000147,Osumacinta,COVID-19,COVID-19,SUSPECTED,1,2026-09-19 00:00:00,,ACTIVE,COVID19MEXICO,2026-09-28
MUNICIPALITY,42000000-0000-0000-0000-000000000147,Osumacinta,INFLUENZA,Influenza,SUSPECTED,1,2026-09-19 00:00:00,,ACTIVE,COVID19MEXICO,2026-09-28
MUNICIPALITY,42000000-0000-0000-0000-000000001824,Othon P. Blanco,COVID-19,COVID-19,CONFIRMED,5,2026-08-01 00:00:00,,ACTIVE,COVID19MEXICO,2026-09-28
MUNICIPALITY,42000000-0000-0000-0000-000000001824,Othon P. Blanco,COVID-19,COVID-19,SUSPECTED,23,2026-08-01 00:00:00,,ACTIVE,COVID19MEXICO,2026-09-28
MUNICIPALITY,42000000-0000-0000-0000-000000001824,Othon P. Blanco,INFLUENZA,Influenza,CONFIRMED,5,2026-08-03 00:00:00,,ACTIVE,COVID19MEXICO,2026-09-28
MUNICIPALITY,42000000-0000-0000-0000-000000001824,Othon P. Blanco,INFLUENZA,Influenza,SUSPECTED,23,2026-08-01 00:00:00,,ACTIVE,COVID19MEXICO,2026-09-28
MUNICIPALITY,42000000-0000-0000-0000-000000000735,Otumba,COVID-19,COVID-19,CONFIRMED,1,2026-08-17 00:00:00,,ACTIVE,COVID19MEXICO,2026-09-28
MUNICIPALITY,42000000-0000-0000-0000-000000000736,Otzoloapan,COVID-19,COVID-19,SUSPECTED,1,2026-08-28 00:00:00,,ACTIVE,COVID19MEXICO,2026-09-28
MUNICIPALITY,42000000-0000-0000-0000-000000000736,Otzoloapan,INFLUENZA,Influenza,SUSPECTED,1,2026-08-28 00:00:00,,ACTIVE,COVID19MEXICO,2026-09-28
MUNICIPALITY,42000000-0000-0000-0000-000000000737,Otzolotepec,COVID-19,COVID-19,SUSPECTED,1,2026-09-20 00:00:00,,ACTIVE,COVID19MEXICO,2026-09-28
MUNICIPALITY,42000000-0000-0000-0000-000000000737,Otzolotepec,INFLUENZA,Influenza,SUSPECTED,1,2026-09-20 00:00:00,,ACTIVE,COVID19MEXICO,2026-09-28
MUNICIPALITY,42000000-0000-0000-0000-000000000148,Oxchuc,MEASLES,Measles,SUSPECTED,3,2026-09-21 00:00:00,,ACTIVE,EFES_ABIERTO,2026-09-21
MUNICIPALITY,42000000-0000-0000-0000-000000000148,Oxchuc,RUBELLA,Rubella,SUSPECTED,3,2026-09-21 00:00:00,,ACTIVE,EFES_ABIERTO,2026-09-21
MUNICIPALITY,42000000-0000-0000-0000-000000002370,Oxkutzcab,COVID-19,COVID-19,SUSPECTED,2,2026-08-10 00:00:00,,ACTIVE,COVID19MEXICO,2026-09-28
MUNICIPALITY,42000000-0000-0000-0000-000000002370,Oxkutzcab,INFLUENZA,Influenza,SUSPECTED,2,2026-08-10 00:00:00,,ACTIVE,COVID19MEXICO,2026-09-28
MUNICIPALITY,42000000-0000-0000-0000-000000002370,Oxkutzcab,MEASLES,Measles,SUSPECTED,1,2026-09-21 00:00:00,,ACTIVE,EFES_ABIERTO,2026-09-21
MUNICIPALITY,42000000-0000-0000-0000-000000002370,Oxkutzcab,RUBELLA,Rubella,SUSPECTED,1,2026-09-21 00:00:00,,ACTIVE,EFES_ABIERTO,2026-09-21
MUNICIPALITY,42000000-0000-0000-0000-000000000006,Pabellon de Arteaga,COVID-19,COVID-19,CONFIRMED,1,2026-08-24 00:00:00,,ACTIVE,COVID19MEXICO,2026-09-28
MUNICIPALITY,42000000-0000-0000-0000-000000000006,Pabellon de Arteaga,COVID-19,COVID-19,SUSPECTED,21,2026-08-09 00:00:00,,ACTIVE,COVID19MEXICO,2026-09-28
MUNICIPALITY,42000000-0000-0000-0000-000000000006,Pabellon de Arteaga,INFLUENZA,Influenza,SUSPECTED,21,2026-08-09 00:00:00,,ACTIVE,COVID19MEXICO,2026-09-28
MUNICIPALITY,42000000-0000-0000-0000-000000000006,Pabellon de Arteaga,MEASLES,Measles,SUSPECTED,1,2026-09-21 00:00:00,,ACTIVE,EFES_ABIERTO,2026-09-21
MUNICIPALITY,42000000-0000-0000-0000-000000000006,Pabellon de Arteaga,RUBELLA,Rubella,SUSPECTED,1,2026-09-21 00:00:00,,ACTIVE,EFES_ABIERTO,2026-09-21
MUNICIPALITY,42000000-0000-0000-0000-000000000509,Pachuca de Soto,COVID-19,COVID-19,CONFIRMED,7,2026-08-02 00:00:00,,ACTIVE,COVID19MEXICO,2026-09-28
MUNICIPALITY,42000000-0000-0000-0000-000000000509,Pachuca de Soto,COVID-19,COVID-19,SUSPECTED,83,2026-08-02 00:00:00,,ACTIVE,COVID19MEXICO,2026-09-28
MUNICIPALITY,42000000-0000-0000-0000-000000000509,Pachuca de Soto,INFLUENZA,Influenza,CONFIRMED,5,2026-08-03 00:00:00,,ACTIVE,COVID19MEXICO,2026-09-28
MUNICIPALITY,42000000-0000-0000-0000-000000000509,Pachuca de Soto,INFLUENZA,Influenza,SUSPECTED,83,2026-08-02 00:00:00,,ACTIVE,COVID19MEXICO,2026-09-28
MUNICIPALITY,42000000-0000-0000-0000-000000000149,Palenque,COVID-19,COVID-19,CONFIRMED,1,2026-08-17 00:00:00,,ACTIVE,COVID19MEXICO,2026-09-28
MUNICIPALITY,42000000-0000-0000-0000-000000000149,Palenque,COVID-19,COVID-19,SUSPECTED,1,2026-09-19 00:00:00,,ACTIVE,COVID19MEXICO,2026-09-28
MUNICIPALITY,42000000-0000-0000-0000-000000000149,Palenque,INFLUENZA,Influenza,SUSPECTED,1,2026-09-19 00:00:00,,ACTIVE,COVID19MEXICO,2026-09-28
MUNICIPALITY,42000000-0000-0000-0000-000000000149,Palenque,MEASLES,Measles,SUSPECTED,1,2026-09-21 00:00:00,,ACTIVE,EFES_ABIERTO,2026-09-21
MUNICIPALITY,42000000-0000-0000-0000-000000000149,Palenque,RUBELLA,Rubella,SUSPECTED,1,2026-09-21 00:00:00,,ACTIVE,EFES_ABIERTO,2026-09-21
MUNICIPALITY,42000000-0000-0000-0000-000000002066,Panotla,COVID-19,COVID-19,SUSPECTED,17,2026-08-02 00:00:00,,ACTIVE,COVID19MEXICO,2026-09-28
MUNICIPALITY,42000000-0000-0000-0000-000000002066,Panotla,INFLUENZA,Influenza,SUSPECTED,17,2026-08-02 00:00:00,,ACTIVE,COVID19MEXICO,2026-09-28
MUNICIPALITY,42000000-0000-0000-0000-000000000150,Pantelho,MEASLES,Measles,SUSPECTED,1,2026-09-21 00:00:00,,ACTIVE,EFES_ABIERTO,2026-09-21
MUNICIPALITY,42000000-0000-0000-0000-000000000150,Pantelho,RUBELLA,Rubella,SUSPECTED,1,2026-09-21 00:00:00,,ACTIVE,EFES_ABIERTO,2026-09-21
MUNICIPALITY,42000000-0000-0000-0000-000000002225,Panuco,COVID-19,COVID-19,CONFIRMED,1,2026-08-08 00:00:00,,ACTIVE,COVID19MEXICO,2026-09-28
MUNICIPALITY,42000000-0000-0000-0000-000000002225,Panuco,COVID-19,COVID-19,SUSPECTED,1,2026-09-12 00:00:00,,ACTIVE,COVID19MEXICO,2026-09-28
MUNICIPALITY,42000000-0000-0000-0000-000000002225,Panuco,DENGUE,Dengue fever,SUSPECTED,1,2026-08-01 00:00:00,,ACTIVE,DENGUE_ABIERTO,2026-09-14
MUNICIPALITY,42000000-0000-0000-0000-000000002225,Panuco,INFLUENZA,Influenza,CONFIRMED,1,2026-08-18 00:00:00,,ACTIVE,COVID19MEXICO,2026-09-28
MUNICIPALITY,42000000-0000-0000-0000-000000002225,Panuco,INFLUENZA,Influenza,SUSPECTED,1,2026-09-12 00:00:00,,ACTIVE,COVID19MEXICO,2026-09-28
MUNICIPALITY,42000000-0000-0000-0000-000000000311,Panuco de Coronado,COVID-19,COVID-19,SUSPECTED,1,2026-08-06 00:00:00,,ACTIVE,COVID19MEXICO,2026-09-28
MUNICIPALITY,42000000-0000-0000-0000-000000000311,Panuco de Coronado,INFLUENZA,Influenza,SUSPECTED,1,2026-08-06 00:00:00,,ACTIVE,COVID19MEXICO,2026-09-28
MUNICIPALITY,42000000-0000-0000-0000-000000002083,Papalotla de Xicohtencatl,COVID-19,COVID-19,CONFIRMED,2,2026-08-09 00:00:00,,ACTIVE,COVID19MEXICO,2026-09-28
MUNICIPALITY,42000000-0000-0000-0000-000000002083,Papalotla de Xicohtencatl,COVID-19,COVID-19,SUSPECTED,2,2026-08-14 00:00:00,,ACTIVE,COVID19MEXICO,2026-09-28
MUNICIPALITY,42000000-0000-0000-0000-000000002083,Papalotla de Xicohtencatl,INFLUENZA,Influenza,SUSPECTED,2,2026-08-14 00:00:00,,ACTIVE,COVID19MEXICO,2026-09-28
MUNICIPALITY,42000000-0000-0000-0000-000000002226,Papantla,COVID-19,COVID-19,SUSPECTED,21,2026-08-04 00:00:00,,ACTIVE,COVID19MEXICO,2026-09-28
MUNICIPALITY,42000000-0000-0000-0000-000000002226,Papantla,INFLUENZA,Influenza,SUSPECTED,21,2026-08-04 00:00:00,,ACTIVE,COVID19MEXICO,2026-09-28
MUNICIPALITY,42000000-0000-0000-0000-000000002226,Papantla,MEASLES,Measles,SUSPECTED,1,2026-09-21 00:00:00,,ACTIVE,EFES_ABIERTO,2026-09-21
MUNICIPALITY,42000000-0000-0000-0000-000000002226,Papantla,RUBELLA,Rubella,SUSPECTED,1,2026-09-21 00:00:00,,ACTIVE,EFES_ABIERTO,2026-09-21
MUNICIPALITY,42000000-0000-0000-0000-000000000860,Paracho,MEASLES,Measles,SUSPECTED,3,2026-09-21 00:00:00,,ACTIVE,EFES_ABIERTO,2026-09-21
MUNICIPALITY,42000000-0000-0000-0000-000000000860,Paracho,RUBELLA,Rubella,SUSPECTED,3,2026-09-21 00:00:00,,ACTIVE,EFES_ABIERTO,2026-09-21
MUNICIPALITY,42000000-0000-0000-0000-000000000859,Paracuaro,COVID-19,COVID-19,SUSPECTED,3,2026-08-02 00:00:00,,ACTIVE,COVID19MEXICO,2026-09-28
MUNICIPALITY,42000000-0000-0000-0000-000000000859,Paracuaro,INFLUENZA,Influenza,SUSPECTED,3,2026-08-02 00:00:00,,ACTIVE,COVID19MEXICO,2026-09-28
MUNICIPALITY,42000000-0000-0000-0000-000000000859,Paracuaro,MEASLES,Measles,SUSPECTED,1,2026-09-21 00:00:00,,ACTIVE,EFES_ABIERTO,2026-09-21
MUNICIPALITY,42000000-0000-0000-0000-000000000859,Paracuaro,RUBELLA,Rubella,SUSPECTED,1,2026-09-21 00:00:00,,ACTIVE,EFES_ABIERTO,2026-09-21
MUNICIPALITY,42000000-0000-0000-0000-000000002228,Paso de Ovejas,MEASLES,Measles,SUSPECTED,1,2026-09-21 00:00:00,,ACTIVE,EFES_ABIERTO,2026-09-21
MUNICIPALITY,42000000-0000-0000-0000-000000002228,Paso de Ovejas,RUBELLA,Rubella,SUSPECTED,1,2026-09-21 00:00:00,,ACTIVE,EFES_ABIERTO,2026-09-21
MUNICIPALITY,42000000-0000-0000-0000-000000000861,Patzcuaro,COVID-19,COVID-19,SUSPECTED,3,2026-09-21 00:00:00,,ACTIVE,COVID19MEXICO,2026-09-28
MUNICIPALITY,42000000-0000-0000-0000-000000000861,Patzcuaro,INFLUENZA,Influenza,SUSPECTED,3,2026-09-21 00:00:00,,ACTIVE,COVID19MEXICO,2026-09-28
MUNICIPALITY,42000000-0000-0000-0000-000000000861,Patzcuaro,MEASLES,Measles,SUSPECTED,2,2026-09-21 00:00:00,,ACTIVE,EFES_ABIERTO,2026-09-21
MUNICIPALITY,42000000-0000-0000-0000-000000000861,Patzcuaro,RUBELLA,Rubella,SUSPECTED,2,2026-09-21 00:00:00,,ACTIVE,EFES_ABIERTO,2026-09-21
MUNICIPALITY,42000000-0000-0000-0000-000000001814,Pedro Escobedo,COVID-19,COVID-19,SUSPECTED,1,2026-09-05 00:00:00,,ACTIVE,COVID19MEXICO,2026-09-28
MUNICIPALITY,42000000-0000-0000-0000-000000001814,Pedro Escobedo,INFLUENZA,Influenza,SUSPECTED,1,2026-09-05 00:00:00,,ACTIVE,COVID19MEXICO,2026-09-28
MUNICIPALITY,42000000-0000-0000-0000-000000001814,Pedro Escobedo,MEASLES,Measles,SUSPECTED,4,2026-09-21 00:00:00,,ACTIVE,EFES_ABIERTO,2026-09-21
MUNICIPALITY,42000000-0000-0000-0000-000000001814,Pedro Escobedo,RUBELLA,Rubella,SUSPECTED,4,2026-09-21 00:00:00,,ACTIVE,EFES_ABIERTO,2026-09-21
MUNICIPALITY,42000000-0000-0000-0000-000000001815,Penamiller,COVID-19,COVID-19,CONFIRMED,1,2026-08-30 00:00:00,,ACTIVE,COVID19MEXICO,2026-09-28
MUNICIPALITY,42000000-0000-0000-0000-000000000353,Penjamo,MEASLES,Measles,SUSPECTED,2,2026-09-21 00:00:00,,ACTIVE,EFES_ABIERTO,2026-09-21
MUNICIPALITY,42000000-0000-0000-0000-000000000353,Penjamo,RUBELLA,Rubella,SUSPECTED,2,2026-09-21 00:00:00,,ACTIVE,EFES_ABIERTO,2026-09-21
MUNICIPALITY,42000000-0000-0000-0000-000000000312,Penon Blanco,MEASLES,Measles,SUSPECTED,1,2026-09-21 00:00:00,,ACTIVE,EFES_ABIERTO,2026-09-21
MUNICIPALITY,42000000-0000-0000-0000-000000000312,Penon Blanco,RUBELLA,Rubella,SUSPECTED,1,2026-09-21 00:00:00,,ACTIVE,EFES_ABIERTO,2026-09-21
MUNICIPALITY,42000000-0000-0000-0000-000000002230,Perote,COVID-19,COVID-19,SUSPECTED,1,2026-09-07 00:00:00,,ACTIVE,COVID19MEXICO,2026-09-28
MUNICIPALITY,42000000-0000-0000-0000-000000002230,Perote,INFLUENZA,Influenza,SUSPECTED,1,2026-09-07 00:00:00,,ACTIVE,COVID19MEXICO,2026-09-28
MUNICIPALITY,42000000-0000-0000-0000-000000001005,Pesqueria,COVID-19,COVID-19,SUSPECTED,2,2026-09-17 00:00:00,,ACTIVE,COVID19MEXICO,2026-09-28
MUNICIPALITY,42000000-0000-0000-0000-000000001005,Pesqueria,INFLUENZA,Influenza,CONFIRMED,1,2026-09-17 00:00:00,,ACTIVE,COVID19MEXICO,2026-09-28
MUNICIPALITY,42000000-0000-0000-0000-000000001005,Pesqueria,INFLUENZA,Influenza,SUSPECTED,2,2026-09-17 00:00:00,,ACTIVE,COVID19MEXICO,2026-09-28
MUNICIPALITY,42000000-0000-0000-0000-000000001005,Pesqueria,MEASLES,Measles,SUSPECTED,2,2026-09-21 00:00:00,,ACTIVE,EFES_ABIERTO,2026-09-21
MUNICIPALITY,42000000-0000-0000-0000-000000001005,Pesqueria,RUBELLA,Rubella,SUSPECTED,2,2026-09-21 00:00:00,,ACTIVE,EFES_ABIERTO,2026-09-21
MUNICIPALITY,42000000-0000-0000-0000-000000000424,Petatlan,COVID-19,COVID-19,SUSPECTED,1,2026-09-20 00:00:00,,ACTIVE,COVID19MEXICO,2026-09-28
MUNICIPALITY,42000000-0000-0000-0000-000000000424,Petatlan,INFLUENZA,Influenza,SUSPECTED,1,2026-09-20 00:00:00,,ACTIVE,COVID19MEXICO,2026-09-28
MUNICIPALITY,42000000-0000-0000-0000-000000002372,Peto,COVID-19,COVID-19,SUSPECTED,5,2026-08-03 00:00:00,,ACTIVE,COVID19MEXICO,2026-09-28
MUNICIPALITY,42000000-0000-0000-0000-000000002372,Peto,INFLUENZA,Influenza,SUSPECTED,5,2026-08-03 00:00:00,,ACTIVE,COVID19MEXICO,2026-09-28
MUNICIPALITY,42000000-0000-0000-0000-000000002372,Peto,MEASLES,Measles,SUSPECTED,2,2026-09-21 00:00:00,,ACTIVE,EFES_ABIERTO,2026-09-21
MUNICIPALITY,42000000-0000-0000-0000-000000002372,Peto,RUBELLA,Rubella,SUSPECTED,2,2026-09-21 00:00:00,,ACTIVE,EFES_ABIERTO,2026-09-21
MUNICIPALITY,42000000-0000-0000-0000-000000001698,Piaxtla,COVID-19,COVID-19,SUSPECTED,1,2026-08-29 00:00:00,,ACTIVE,COVID19MEXICO,2026-09-28
MUNICIPALITY,42000000-0000-0000-0000-000000001698,Piaxtla,INFLUENZA,Influenza,SUSPECTED,1,2026-08-29 00:00:00,,ACTIVE,COVID19MEXICO,2026-09-28
MUNICIPALITY,42000000-0000-0000-0000-000000000152,Pichucalco,MEASLES,Measles,SUSPECTED,3,2026-09-21 00:00:00,,ACTIVE,EFES_ABIERTO,2026-09-21
MUNICIPALITY,42000000-0000-0000-0000-000000000152,Pichucalco,RUBELLA,Rubella,SUSPECTED,3,2026-09-21 00:00:00,,ACTIVE,EFES_ABIERTO,2026-09-21
MUNICIPALITY,42000000-0000-0000-0000-000000000061,Piedras Negras,COVID-19,COVID-19,CONFIRMED,1,2026-09-14 00:00:00,,ACTIVE,COVID19MEXICO,2026-09-28
MUNICIPALITY,42000000-0000-0000-0000-000000000061,Piedras Negras,COVID-19,COVID-19,SUSPECTED,3,2026-08-05 00:00:00,,ACTIVE,COVID19MEXICO,2026-09-28
MUNICIPALITY,42000000-0000-0000-0000-000000000061,Piedras Negras,INFLUENZA,Influenza,SUSPECTED,3,2026-08-05 00:00:00,,ACTIVE,COVID19MEXICO,2026-09-28
MUNICIPALITY,42000000-0000-0000-0000-000000000061,Piedras Negras,MEASLES,Measles,SUSPECTED,1,2026-09-21 00:00:00,,ACTIVE,EFES_ABIERTO,2026-09-21
MUNICIPALITY,42000000-0000-0000-0000-000000000061,Piedras Negras,RUBELLA,Rubella,SUSPECTED,1,2026-09-21 00:00:00,,ACTIVE,EFES_ABIERTO,2026-09-21
MUNICIPALITY,42000000-0000-0000-0000-000000000510,Pisaflores,COVID-19,COVID-19,SUSPECTED,1,2026-09-24 00:00:00,,ACTIVE,COVID19MEXICO,2026-09-28
MUNICIPALITY,42000000-0000-0000-0000-000000000510,Pisaflores,INFLUENZA,Influenza,SUSPECTED,1,2026-09-24 00:00:00,,ACTIVE,COVID19MEXICO,2026-09-28
MUNICIPALITY,42000000-0000-0000-0000-000000002232,Playa Vicente,COVID-19,COVID-19,CONFIRMED,1,2026-08-28 00:00:00,,ACTIVE,COVID19MEXICO,2026-09-28
MUNICIPALITY,42000000-0000-0000-0000-000000001828,Playa del Carmen,COVID-19,COVID-19,CONFIRMED,3,2026-08-02 00:00:00,,ACTIVE,COVID19MEXICO,2026-09-28
MUNICIPALITY,42000000-0000-0000-0000-000000001828,Playa del Carmen,COVID-19,COVID-19,SUSPECTED,63,2026-08-01 00:00:00,,ACTIVE,COVID19MEXICO,2026-09-28
MUNICIPALITY,42000000-0000-0000-0000-000000001828,Playa del Carmen,INFLUENZA,Influenza,CONFIRMED,2,2026-08-15 00:00:00,,ACTIVE,COVID19MEXICO,2026-09-28
MUNICIPALITY,42000000-0000-0000-0000-000000001828,Playa del Carmen,INFLUENZA,Influenza,SUSPECTED,63,2026-08-01 00:00:00,,ACTIVE,COVID19MEXICO,2026-09-28
MUNICIPALITY,42000000-0000-0000-0000-000000001828,Playa del Carmen,MEASLES,Measles,CONFIRMED,20,2026-08-06 00:00:00,,ACTIVE,EFES_ABIERTO,2026-09-21
MUNICIPALITY,42000000-0000-0000-0000-000000001828,Playa del Carmen,MEASLES,Measles,SUSPECTED,7,2026-09-21 00:00:00,,ACTIVE,EFES_ABIERTO,2026-09-21
MUNICIPALITY,42000000-0000-0000-0000-000000001828,Playa del Carmen,RUBELLA,Rubella,SUSPECTED,7,2026-09-21 00:00:00,,ACTIVE,EFES_ABIERTO,2026-09-21
MUNICIPALITY,42000000-0000-0000-0000-000000000016,Playas de Rosarito,MEASLES,Measles,SUSPECTED,5,2026-09-21 00:00:00,,ACTIVE,EFES_ABIERTO,2026-09-21
MUNICIPALITY,42000000-0000-0000-0000-000000000016,Playas de Rosarito,RUBELLA,Rubella,SUSPECTED,5,2026-09-21 00:00:00,,ACTIVE,EFES_ABIERTO,2026-09-21
MUNICIPALITY,42000000-0000-0000-0000-000000000313,Poanas,MEASLES,Measles,SUSPECTED,2,2026-09-21 00:00:00,,ACTIVE,EFES_ABIERTO,2026-09-21
MUNICIPALITY,42000000-0000-0000-0000-000000000313,Poanas,RUBELLA,Rubella,SUSPECTED,2,2026-09-21 00:00:00,,ACTIVE,EFES_ABIERTO,2026-09-21
MUNICIPALITY,42000000-0000-0000-0000-000000000611,Poncitlan,COVID-19,COVID-19,SUSPECTED,2,2026-08-05 00:00:00,,ACTIVE,COVID19MEXICO,2026-09-28
MUNICIPALITY,42000000-0000-0000-0000-000000000611,Poncitlan,INFLUENZA,Influenza,SUSPECTED,2,2026-08-05 00:00:00,,ACTIVE,COVID19MEXICO,2026-09-28
MUNICIPALITY,42000000-0000-0000-0000-000000000611,Poncitlan,MEASLES,Measles,CONFIRMED,1,2026-09-18 00:00:00,,ACTIVE,EFES_ABIERTO,2026-09-21
MUNICIPALITY,42000000-0000-0000-0000-000000000611,Poncitlan,MEASLES,Measles,SUSPECTED,2,2026-09-21 00:00:00,,ACTIVE,EFES_ABIERTO,2026-09-21
MUNICIPALITY,42000000-0000-0000-0000-000000000611,Poncitlan,RUBELLA,Rubella,SUSPECTED,2,2026-09-21 00:00:00,,ACTIVE,EFES_ABIERTO,2026-09-21
MUNICIPALITY,42000000-0000-0000-0000-000000002233,Poza Rica de Hidalgo,COVID-19,COVID-19,SUSPECTED,59,2026-08-01 00:00:00,,ACTIVE,COVID19MEXICO,2026-09-28
MUNICIPALITY,42000000-0000-0000-0000-000000002233,Poza Rica de Hidalgo,INFLUENZA,Influenza,SUSPECTED,59,2026-08-01 00:00:00,,ACTIVE,COVID19MEXICO,2026-09-28
MUNICIPALITY,42000000-0000-0000-0000-000000002233,Poza Rica de Hidalgo,MEASLES,Measles,SUSPECTED,3,2026-09-21 00:00:00,,ACTIVE,EFES_ABIERTO,2026-09-21
MUNICIPALITY,42000000-0000-0000-0000-000000002233,Poza Rica de Hidalgo,RUBELLA,Rubella,SUSPECTED,3,2026-09-21 00:00:00,,ACTIVE,EFES_ABIERTO,2026-09-21
MUNICIPALITY,42000000-0000-0000-0000-000000002373,Progreso,COVID-19,COVID-19,CONFIRMED,2,2026-08-15 00:00:00,,ACTIVE,COVID19MEXICO,2026-09-28
MUNICIPALITY,42000000-0000-0000-0000-000000002373,Progreso,COVID-19,COVID-19,SUSPECTED,32,2026-08-03 00:00:00,,ACTIVE,COVID19MEXICO,2026-09-28
MUNICIPALITY,42000000-0000-0000-0000-000000000062,Progreso,DENGUE,Dengue fever,SUSPECTED,1,2026-08-01 00:00:00,,ACTIVE,DENGUE_ABIERTO,2026-09-14
MUNICIPALITY,42000000-0000-0000-0000-000000002373,Progreso,INFLUENZA,Influenza,CONFIRMED,15,2026-08-04 00:00:00,,ACTIVE,COVID19MEXICO,2026-09-28
MUNICIPALITY,42000000-0000-0000-0000-000000002373,Progreso,INFLUENZA,Influenza,SUSPECTED,32,2026-08-03 00:00:00,,ACTIVE,COVID19MEXICO,2026-09-28
MUNICIPALITY,42000000-0000-0000-0000-000000000511,Progreso de Obregon,COVID-19,COVID-19,SUSPECTED,1,2026-08-14 00:00:00,,ACTIVE,COVID19MEXICO,2026-09-28
MUNICIPALITY,42000000-0000-0000-0000-000000000511,Progreso de Obregon,INFLUENZA,Influenza,SUSPECTED,1,2026-08-14 00:00:00,,ACTIVE,COVID19MEXICO,2026-09-28
MUNICIPALITY,42000000-0000-0000-0000-000000001699,Puebla,COVID-19,COVID-19,CONFIRMED,64,2026-08-04 00:00:00,,ACTIVE,COVID19MEXICO,2026-09-28
MUNICIPALITY,42000000-0000-0000-0000-000000001699,Puebla,COVID-19,COVID-19,SUSPECTED,750,2026-08-01 00:00:00,,ACTIVE,COVID19MEXICO,2026-09-28
MUNICIPALITY,42000000-0000-0000-0000-000000001699,Puebla,INFLUENZA,Influenza,CONFIRMED,9,2026-08-08 00:00:00,,ACTIVE,COVID19MEXICO,2026-09-28
MUNICIPALITY,42000000-0000-0000-0000-000000001699,Puebla,INFLUENZA,Influenza,SUSPECTED,750,2026-08-01 00:00:00,,ACTIVE,COVID19MEXICO,2026-09-28
MUNICIPALITY,42000000-0000-0000-0000-000000001699,Puebla,MEASLES,Measles,CONFIRMED,1,2026-08-11 00:00:00,,ACTIVE,EFES_ABIERTO,2026-09-21
MUNICIPALITY,42000000-0000-0000-0000-000000001699,Puebla,MEASLES,Measles,SUSPECTED,1,2026-09-21 00:00:00,,ACTIVE,EFES_ABIERTO,2026-09-21
MUNICIPALITY,42000000-0000-0000-0000-000000001699,Puebla,RUBELLA,Rubella,SUSPECTED,1,2026-09-21 00:00:00,,ACTIVE,EFES_ABIERTO,2026-09-21
MUNICIPALITY,42000000-0000-0000-0000-000000000314,Pueblo Nuevo,COVID-19,COVID-19,SUSPECTED,1,2026-08-01 00:00:00,,ACTIVE,COVID19MEXICO,2026-09-28
MUNICIPALITY,42000000-0000-0000-0000-000000000314,Pueblo Nuevo,INFLUENZA,Influenza,SUSPECTED,1,2026-08-01 00:00:00,,ACTIVE,COVID19MEXICO,2026-09-28
MUNICIPALITY,42000000-0000-0000-0000-000000000314,Pueblo Nuevo,MEASLES,Measles,CONFIRMED,1,2026-08-31 00:00:00,,ACTIVE,EFES_ABIERTO,2026-09-21
MUNICIPALITY,42000000-0000-0000-0000-000000000314,Pueblo Nuevo,MEASLES,Measles,SUSPECTED,20,2026-09-21 00:00:00,,ACTIVE,EFES_ABIERTO,2026-09-21
MUNICIPALITY,42000000-0000-0000-0000-000000000314,Pueblo Nuevo,RUBELLA,Rubella,SUSPECTED,20,2026-09-21 00:00:00,,ACTIVE,EFES_ABIERTO,2026-09-21
MUNICIPALITY,42000000-0000-0000-0000-000000002235,Pueblo Viejo,COVID-19,COVID-19,SUSPECTED,1,2026-08-18 00:00:00,,ACTIVE,COVID19MEXICO,2026-09-28
MUNICIPALITY,42000000-0000-0000-0000-000000002235,Pueblo Viejo,INFLUENZA,Influenza,SUSPECTED,1,2026-08-18 00:00:00,,ACTIVE,COVID19MEXICO,2026-09-28
MUNICIPALITY,42000000-0000-0000-0000-000000002236,Puente Nacional,MEASLES,Measles,SUSPECTED,1,2026-09-21 00:00:00,,ACTIVE,EFES_ABIERTO,2026-09-21
MUNICIPALITY,42000000-0000-0000-0000-000000002236,Puente Nacional,RUBELLA,Rubella,SUSPECTED,1,2026-09-21 00:00:00,,ACTIVE,EFES_ABIERTO,2026-09-21
MUNICIPALITY,42000000-0000-0000-0000-000000000925,Puente de Ixtla,COVID-19,COVID-19,CONFIRMED,1,2026-09-19 00:00:00,,ACTIVE,COVID19MEXICO,2026-09-28
MUNICIPALITY,42000000-0000-0000-0000-000000000925,Puente de Ixtla,COVID-19,COVID-19,SUSPECTED,3,2026-08-03 00:00:00,,ACTIVE,COVID19MEXICO,2026-09-28
MUNICIPALITY,42000000-0000-0000-0000-000000000925,Puente de Ixtla,INFLUENZA,Influenza,SUSPECTED,3,2026-08-03 00:00:00,,ACTIVE,COVID19MEXICO,2026-09-28
MUNICIPALITY,42000000-0000-0000-0000-000000001958,Puerto Penasco,COVID-19,COVID-19,SUSPECTED,3,2026-09-08 00:00:00,,ACTIVE,COVID19MEXICO,2026-09-28
MUNICIPALITY,42000000-0000-0000-0000-000000001958,Puerto Penasco,INFLUENZA,Influenza,SUSPECTED,3,2026-09-08 00:00:00,,ACTIVE,COVID19MEXICO,2026-09-28
MUNICIPALITY,42000000-0000-0000-0000-000000000612,Puerto Vallarta,COVID-19,COVID-19,SUSPECTED,6,2026-08-11 00:00:00,,ACTIVE,COVID19MEXICO,2026-09-28
MUNICIPALITY,42000000-0000-0000-0000-000000000612,Puerto Vallarta,INFLUENZA,Influenza,CONFIRMED,3,2026-08-02 00:00:00,,ACTIVE,COVID19MEXICO,2026-09-28
MUNICIPALITY,42000000-0000-0000-0000-000000000612,Puerto Vallarta,INFLUENZA,Influenza,SUSPECTED,6,2026-08-11 00:00:00,,ACTIVE,COVID19MEXICO,2026-09-28
MUNICIPALITY,42000000-0000-0000-0000-000000000612,Puerto Vallarta,MEASLES,Measles,CONFIRMED,1,2026-08-05 00:00:00,,ACTIVE,EFES_ABIERTO,2026-09-21
MUNICIPALITY,42000000-0000-0000-0000-000000000612,Puerto Vallarta,MEASLES,Measles,SUSPECTED,1,2026-09-21 00:00:00,,ACTIVE,EFES_ABIERTO,2026-09-21
MUNICIPALITY,42000000-0000-0000-0000-000000000612,Puerto Vallarta,RUBELLA,Rubella,SUSPECTED,1,2026-09-21 00:00:00,,ACTIVE,EFES_ABIERTO,2026-09-21
MUNICIPALITY,42000000-0000-0000-0000-000000001088,Putla Villa de Guerrero,COVID-19,COVID-19,SUSPECTED,2,2026-08-02 00:00:00,,ACTIVE,COVID19MEXICO,2026-09-28
MUNICIPALITY,42000000-0000-0000-0000-000000001088,Putla Villa de Guerrero,INFLUENZA,Influenza,SUSPECTED,2,2026-08-02 00:00:00,,ACTIVE,COVID19MEXICO,2026-09-28
MUNICIPALITY,42000000-0000-0000-0000-000000000427,Quechultenango,COVID-19,COVID-19,SUSPECTED,1,2026-08-23 00:00:00,,ACTIVE,COVID19MEXICO,2026-09-28
MUNICIPALITY,42000000-0000-0000-0000-000000000427,Quechultenango,DENGUE,Dengue fever,SUSPECTED,1,2026-08-05 00:00:00,,ACTIVE,DENGUE_ABIERTO,2026-09-14
MUNICIPALITY,42000000-0000-0000-0000-000000000427,Quechultenango,INFLUENZA,Influenza,SUSPECTED,1,2026-08-23 00:00:00,,ACTIVE,COVID19MEXICO,2026-09-28
MUNICIPALITY,42000000-0000-0000-0000-000000001816,Queretaro,COVID-19,COVID-19,CONFIRMED,13,2026-08-03 00:00:00,,ACTIVE,COVID19MEXICO,2026-09-28
MUNICIPALITY,42000000-0000-0000-0000-000000001816,Queretaro,COVID-19,COVID-19,SUSPECTED,33,2026-08-01 00:00:00,,ACTIVE,COVID19MEXICO,2026-09-28
MUNICIPALITY,42000000-0000-0000-0000-000000001816,Queretaro,INFLUENZA,Influenza,CONFIRMED,1,2026-09-23 00:00:00,,ACTIVE,COVID19MEXICO,2026-09-28
MUNICIPALITY,42000000-0000-0000-0000-000000001816,Queretaro,INFLUENZA,Influenza,SUSPECTED,33,2026-08-01 00:00:00,,ACTIVE,COVID19MEXICO,2026-09-28
MUNICIPALITY,42000000-0000-0000-0000-000000001816,Queretaro,MEASLES,Measles,SUSPECTED,13,2026-09-21 00:00:00,,ACTIVE,EFES_ABIERTO,2026-09-21
MUNICIPALITY,42000000-0000-0000-0000-000000001816,Queretaro,RUBELLA,Rubella,SUSPECTED,13,2026-09-21 00:00:00,,ACTIVE,EFES_ABIERTO,2026-09-21
MUNICIPALITY,42000000-0000-0000-0000-000000002237,Rafael Delgado,MEASLES,Measles,SUSPECTED,1,2026-09-21 00:00:00,,ACTIVE,EFES_ABIERTO,2026-09-21
MUNICIPALITY,42000000-0000-0000-0000-000000002237,Rafael Delgado,RUBELLA,Rubella,SUSPECTED,1,2026-09-21 00:00:00,,ACTIVE,EFES_ABIERTO,2026-09-21
MUNICIPALITY,42000000-0000-0000-0000-000000000063,Ramos Arizpe,DENGUE,Dengue fever,SUSPECTED,1,2026-08-17 00:00:00,,ACTIVE,DENGUE_ABIERTO,2026-09-14
MUNICIPALITY,42000000-0000-0000-0000-000000000063,Ramos Arizpe,MEASLES,Measles,SUSPECTED,2,2026-09-21 00:00:00,,ACTIVE,EFES_ABIERTO,2026-09-21
MUNICIPALITY,42000000-0000-0000-0000-000000000063,Ramos Arizpe,RUBELLA,Rubella,SUSPECTED,2,2026-09-21 00:00:00,,ACTIVE,EFES_ABIERTO,2026-09-21
MUNICIPALITY,42000000-0000-0000-0000-000000000742,Rayon,COVID-19,COVID-19,SUSPECTED,1,2026-08-25 00:00:00,,ACTIVE,COVID19MEXICO,2026-09-28
MUNICIPALITY,42000000-0000-0000-0000-000000000742,Rayon,INFLUENZA,Influenza,SUSPECTED,1,2026-08-25 00:00:00,,ACTIVE,COVID19MEXICO,2026-09-28
MUNICIPALITY,42000000-0000-0000-0000-000000000158,Reforma,COVID-19,COVID-19,SUSPECTED,12,2026-08-08 00:00:00,,ACTIVE,COVID19MEXICO,2026-09-28
MUNICIPALITY,42000000-0000-0000-0000-000000000158,Reforma,INFLUENZA,Influenza,SUSPECTED,12,2026-08-08 00:00:00,,ACTIVE,COVID19MEXICO,2026-09-28
MUNICIPALITY,42000000-0000-0000-0000-000000002031,Reynosa,COVID-19,COVID-19,CONFIRMED,13,2026-08-02 00:00:00,,ACTIVE,COVID19MEXICO,2026-09-28
MUNICIPALITY,42000000-0000-0000-0000-000000002031,Reynosa,COVID-19,COVID-19,SUSPECTED,5,2026-08-01 00:00:00,,ACTIVE,COVID19MEXICO,2026-09-28
MUNICIPALITY,42000000-0000-0000-0000-000000002031,Reynosa,INFLUENZA,Influenza,SUSPECTED,5,2026-08-01 00:00:00,,ACTIVE,COVID19MEXICO,2026-09-28
MUNICIPALITY,42000000-0000-0000-0000-000000002031,Reynosa,MEASLES,Measles,SUSPECTED,4,2026-09-21 00:00:00,,ACTIVE,EFES_ABIERTO,2026-09-21
MUNICIPALITY,42000000-0000-0000-0000-000000002031,Reynosa,RUBELLA,Rubella,SUSPECTED,4,2026-09-21 00:00:00,,ACTIVE,EFES_ABIERTO,2026-09-21
MUNICIPALITY,42000000-0000-0000-0000-000000000007,Rincon de Romos,COVID-19,COVID-19,SUSPECTED,25,2026-08-02 00:00:00,,ACTIVE,COVID19MEXICO,2026-09-28
MUNICIPALITY,42000000-0000-0000-0000-000000000007,Rincon de Romos,INFLUENZA,Influenza,SUSPECTED,25,2026-08-02 00:00:00,,ACTIVE,COVID19MEXICO,2026-09-28
MUNICIPALITY,42000000-0000-0000-0000-000000002240,Rio Blanco,COVID-19,COVID-19,SUSPECTED,1,2026-09-24 00:00:00,,ACTIVE,COVID19MEXICO,2026-09-28
MUNICIPALITY,42000000-0000-0000-0000-000000002240,Rio Blanco,INFLUENZA,Influenza,SUSPECTED,1,2026-09-24 00:00:00,,ACTIVE,COVID19MEXICO,2026-09-28
MUNICIPALITY,42000000-0000-0000-0000-000000002240,Rio Blanco,MEASLES,Measles,SUSPECTED,2,2026-09-21 00:00:00,,ACTIVE,EFES_ABIERTO,2026-09-21
MUNICIPALITY,42000000-0000-0000-0000-000000002240,Rio Blanco,RUBELLA,Rubella,SUSPECTED,2,2026-09-21 00:00:00,,ACTIVE,EFES_ABIERTO,2026-09-21
MUNICIPALITY,42000000-0000-0000-0000-000000002032,Rio Bravo,COVID-19,COVID-19,CONFIRMED,1,2026-08-09 00:00:00,,ACTIVE,COVID19MEXICO,2026-09-28
MUNICIPALITY,42000000-0000-0000-0000-000000002032,Rio Bravo,MEASLES,Measles,SUSPECTED,1,2026-09-21 00:00:00,,ACTIVE,EFES_ABIERTO,2026-09-21
MUNICIPALITY,42000000-0000-0000-0000-000000002032,Rio Bravo,RUBELLA,Rubella,SUSPECTED,1,2026-09-21 00:00:00,,ACTIVE,EFES_ABIERTO,2026-09-21
MUNICIPALITY,42000000-0000-0000-0000-000000002459,Rio Grande,COVID-19,COVID-19,SUSPECTED,1,2026-09-26 00:00:00,,ACTIVE,COVID19MEXICO,2026-09-28
MUNICIPALITY,42000000-0000-0000-0000-000000002459,Rio Grande,INFLUENZA,Influenza,SUSPECTED,1,2026-09-26 00:00:00,,ACTIVE,COVID19MEXICO,2026-09-28
MUNICIPALITY,42000000-0000-0000-0000-000000001855,Rioverde,COVID-19,COVID-19,SUSPECTED,1,2026-09-21 00:00:00,,ACTIVE,COVID19MEXICO,2026-09-28
MUNICIPALITY,42000000-0000-0000-0000-000000001855,Rioverde,INFLUENZA,Influenza,SUSPECTED,1,2026-09-21 00:00:00,,ACTIVE,COVID19MEXICO,2026-09-28
MUNICIPALITY,42000000-0000-0000-0000-000000000263,Rosales,COVID-19,COVID-19,SUSPECTED,1,2026-08-24 00:00:00,,ACTIVE,COVID19MEXICO,2026-09-28
MUNICIPALITY,42000000-0000-0000-0000-000000000263,Rosales,INFLUENZA,Influenza,SUSPECTED,1,2026-08-24 00:00:00,,ACTIVE,COVID19MEXICO,2026-09-28
MUNICIPALITY,42000000-0000-0000-0000-000000001904,Rosario,COVID-19,COVID-19,SUSPECTED,1,2026-08-23 00:00:00,,ACTIVE,COVID19MEXICO,2026-09-28
MUNICIPALITY,42000000-0000-0000-0000-000000001961,Rosario,DENGUE,Dengue fever,SUSPECTED,1,2026-08-28 00:00:00,,ACTIVE,DENGUE_ABIERTO,2026-09-14
MUNICIPALITY,42000000-0000-0000-0000-000000001904,Rosario,INFLUENZA,Influenza,SUSPECTED,1,2026-08-23 00:00:00,,ACTIVE,COVID19MEXICO,2026-09-28
MUNICIPALITY,42000000-0000-0000-0000-000000000955,Ruiz,COVID-19,COVID-19,SUSPECTED,1,2026-08-12 00:00:00,,ACTIVE,COVID19MEXICO,2026-09-28
MUNICIPALITY,42000000-0000-0000-0000-000000000955,Ruiz,INFLUENZA,Influenza,SUSPECTED,1,2026-08-12 00:00:00,,ACTIVE,COVID19MEXICO,2026-09-28
MUNICIPALITY,42000000-0000-0000-0000-000000000064,Sabinas,COVID-19,COVID-19,SUSPECTED,7,2026-08-01 00:00:00,,ACTIVE,COVID19MEXICO,2026-09-28
MUNICIPALITY,42000000-0000-0000-0000-000000000064,Sabinas,DENGUE,Dengue fever,SUSPECTED,2,2026-08-08 00:00:00,,ACTIVE,DENGUE_ABIERTO,2026-09-14
MUNICIPALITY,42000000-0000-0000-0000-000000000064,Sabinas,INFLUENZA,Influenza,SUSPECTED,7,2026-08-01 00:00:00,,ACTIVE,COVID19MEXICO,2026-09-28
MUNICIPALITY,42000000-0000-0000-0000-000000001008,Sabinas Hidalgo,COVID-19,COVID-19,CONFIRMED,2,2026-08-07 00:00:00,,ACTIVE,COVID19MEXICO,2026-09-28
MUNICIPALITY,42000000-0000-0000-0000-000000002376,Sacalum,COVID-19,COVID-19,SUSPECTED,4,2026-08-24 00:00:00,,ACTIVE,COVID19MEXICO,2026-09-28
MUNICIPALITY,42000000-0000-0000-0000-000000002376,Sacalum,INFLUENZA,Influenza,SUSPECTED,4,2026-08-24 00:00:00,,ACTIVE,COVID19MEXICO,2026-09-28
MUNICIPALITY,42000000-0000-0000-0000-000000000871,Sahuayo,MEASLES,Measles,SUSPECTED,1,2026-09-21 00:00:00,,ACTIVE,EFES_ABIERTO,2026-09-21
MUNICIPALITY,42000000-0000-0000-0000-000000000871,Sahuayo,RUBELLA,Rubella,SUSPECTED,1,2026-09-21 00:00:00,,ACTIVE,EFES_ABIERTO,2026-09-21
MUNICIPALITY,42000000-0000-0000-0000-000000000357,Salamanca,COVID-19,COVID-19,SUSPECTED,2,2026-08-03 00:00:00,,ACTIVE,COVID19MEXICO,2026-09-28
MUNICIPALITY,42000000-0000-0000-0000-000000000357,Salamanca,INFLUENZA,Influenza,SUSPECTED,2,2026-08-03 00:00:00,,ACTIVE,COVID19MEXICO,2026-09-28
MUNICIPALITY,42000000-0000-0000-0000-000000000357,Salamanca,MEASLES,Measles,SUSPECTED,1,2026-09-21 00:00:00,,ACTIVE,EFES_ABIERTO,2026-09-21
MUNICIPALITY,42000000-0000-0000-0000-000000000357,Salamanca,RUBELLA,Rubella,SUSPECTED,1,2026-09-21 00:00:00,,ACTIVE,EFES_ABIERTO,2026-09-21
MUNICIPALITY,42000000-0000-0000-0000-000000001094,Salina Cruz,COVID-19,COVID-19,CONFIRMED,1,2026-08-15 00:00:00,,ACTIVE,COVID19MEXICO,2026-09-28
MUNICIPALITY,42000000-0000-0000-0000-000000001094,Salina Cruz,COVID-19,COVID-19,SUSPECTED,2,2026-08-13 00:00:00,,ACTIVE,COVID19MEXICO,2026-09-28
MUNICIPALITY,42000000-0000-0000-0000-000000001094,Salina Cruz,INFLUENZA,Influenza,CONFIRMED,1,2026-09-12 00:00:00,,ACTIVE,COVID19MEXICO,2026-09-28
MUNICIPALITY,42000000-0000-0000-0000-000000001094,Salina Cruz,INFLUENZA,Influenza,SUSPECTED,2,2026-08-13 00:00:00,,ACTIVE,COVID19MEXICO,2026-09-28
MUNICIPALITY,42000000-0000-0000-0000-000000001856,Salinas,COVID-19,COVID-19,CONFIRMED,1,2026-09-19 00:00:00,,ACTIVE,COVID19MEXICO,2026-09-28
MUNICIPALITY,42000000-0000-0000-0000-000000001009,Salinas Victoria,INFLUENZA,Influenza,CONFIRMED,1,2026-09-01 00:00:00,,ACTIVE,COVID19MEXICO,2026-09-28
MUNICIPALITY,42000000-0000-0000-0000-000000000066,Saltillo,COVID-19,COVID-19,CONFIRMED,6,2026-08-05 00:00:00,,ACTIVE,COVID19MEXICO,2026-09-28
MUNICIPALITY,42000000-0000-0000-0000-000000000066,Saltillo,COVID-19,COVID-19,SUSPECTED,6,2026-08-09 00:00:00,,ACTIVE,COVID19MEXICO,2026-09-28
MUNICIPALITY,42000000-0000-0000-0000-000000000066,Saltillo,INFLUENZA,Influenza,CONFIRMED,1,2026-08-27 00:00:00,,ACTIVE,COVID19MEXICO,2026-09-28
MUNICIPALITY,42000000-0000-0000-0000-000000000066,Saltillo,INFLUENZA,Influenza,SUSPECTED,6,2026-08-09 00:00:00,,ACTIVE,COVID19MEXICO,2026-09-28
MUNICIPALITY,42000000-0000-0000-0000-000000000066,Saltillo,MEASLES,Measles,CONFIRMED,5,2026-08-12 00:00:00,,ACTIVE,EFES_ABIERTO,2026-09-21
MUNICIPALITY,42000000-0000-0000-0000-000000000066,Saltillo,MEASLES,Measles,SUSPECTED,23,2026-09-21 00:00:00,,ACTIVE,EFES_ABIERTO,2026-09-21
MUNICIPALITY,42000000-0000-0000-0000-000000000066,Saltillo,RUBELLA,Rubella,SUSPECTED,23,2026-09-21 00:00:00,,ACTIVE,EFES_ABIERTO,2026-09-21
MUNICIPALITY,42000000-0000-0000-0000-000000000161,Salto de Agua,MEASLES,Measles,SUSPECTED,1,2026-09-21 00:00:00,,ACTIVE,EFES_ABIERTO,2026-09-21
MUNICIPALITY,42000000-0000-0000-0000-000000000161,Salto de Agua,RUBELLA,Rubella,SUSPECTED,1,2026-09-21 00:00:00,,ACTIVE,EFES_ABIERTO,2026-09-21
MUNICIPALITY,42000000-0000-0000-0000-000000000874,Salvador Escalante,MEASLES,Measles,SUSPECTED,1,2026-09-21 00:00:00,,ACTIVE,EFES_ABIERTO,2026-09-21
MUNICIPALITY,42000000-0000-0000-0000-000000000874,Salvador Escalante,RUBELLA,Rubella,SUSPECTED,1,2026-09-21 00:00:00,,ACTIVE,EFES_ABIERTO,2026-09-21
MUNICIPALITY,42000000-0000-0000-0000-000000000358,Salvatierra,COVID-19,COVID-19,SUSPECTED,1,2026-09-07 00:00:00,,ACTIVE,COVID19MEXICO,2026-09-28
MUNICIPALITY,42000000-0000-0000-0000-000000000358,Salvatierra,INFLUENZA,Influenza,SUSPECTED,1,2026-09-07 00:00:00,,ACTIVE,COVID19MEXICO,2026-09-28
MUNICIPALITY,42000000-0000-0000-0000-000000001099,San Agustin Etla,COVID-19,COVID-19,CONFIRMED,1,2026-08-03 00:00:00,,ACTIVE,COVID19MEXICO,2026-09-28
MUNICIPALITY,42000000-0000-0000-0000-000000000497,San Agustin Metzquititlan,COVID-19,COVID-19,CONFIRMED,1,2026-08-22 00:00:00,,ACTIVE,COVID19MEXICO,2026-09-28
MUNICIPALITY,42000000-0000-0000-0000-000000000513,San Agustin Tlaxiaca,COVID-19,COVID-19,SUSPECTED,2,2026-09-04 00:00:00,,ACTIVE,COVID19MEXICO,2026-09-28
MUNICIPALITY,42000000-0000-0000-0000-000000000513,San Agustin Tlaxiaca,INFLUENZA,Influenza,SUSPECTED,2,2026-09-04 00:00:00,,ACTIVE,COVID19MEXICO,2026-09-28
MUNICIPALITY,42000000-0000-0000-0000-000000001102,San Agustin Yatareni,COVID-19,COVID-19,SUSPECTED,1,2026-08-24 00:00:00,,ACTIVE,COVID19MEXICO,2026-09-28
MUNICIPALITY,42000000-0000-0000-0000-000000001102,San Agustin Yatareni,INFLUENZA,Influenza,SUSPECTED,1,2026-08-24 00:00:00,,ACTIVE,COVID19MEXICO,2026-09-28
MUNICIPALITY,42000000-0000-0000-0000-000000001098,San Agustin de las Juntas,COVID-19,COVID-19,SUSPECTED,1,2026-09-06 00:00:00,,ACTIVE,COVID19MEXICO,2026-09-28
MUNICIPALITY,42000000-0000-0000-0000-000000001098,San Agustin de las Juntas,INFLUENZA,Influenza,SUSPECTED,1,2026-09-06 00:00:00,,ACTIVE,COVID19MEXICO,2026-09-28
MUNICIPALITY,42000000-0000-0000-0000-000000001704,San Andres Cholula,COVID-19,COVID-19,SUSPECTED,12,2026-08-03 00:00:00,,ACTIVE,COVID19MEXICO,2026-09-28
MUNICIPALITY,42000000-0000-0000-0000-000000001704,San Andres Cholula,INFLUENZA,Influenza,CONFIRMED,1,2026-09-12 00:00:00,,ACTIVE,COVID19MEXICO,2026-09-28
MUNICIPALITY,42000000-0000-0000-0000-000000001704,San Andres Cholula,INFLUENZA,Influenza,SUSPECTED,12,2026-08-03 00:00:00,,ACTIVE,COVID19MEXICO,2026-09-28
MUNICIPALITY,42000000-0000-0000-0000-000000002243,San Andres Tuxtla,COVID-19,COVID-19,SUSPECTED,16,2026-08-14 00:00:00,,ACTIVE,COVID19MEXICO,2026-09-28
MUNICIPALITY,42000000-0000-0000-0000-000000002243,San Andres Tuxtla,INFLUENZA,Influenza,SUSPECTED,16,2026-08-14 00:00:00,,ACTIVE,COVID19MEXICO,2026-09-28
MUNICIPALITY,42000000-0000-0000-0000-000000001117,San Andres Zautla,COVID-19,COVID-19,SUSPECTED,1,2026-08-31 00:00:00,,ACTIVE,COVID19MEXICO,2026-09-28
MUNICIPALITY,42000000-0000-0000-0000-000000001117,San Andres Zautla,INFLUENZA,Influenza,SUSPECTED,1,2026-08-31 00:00:00,,ACTIVE,COVID19MEXICO,2026-09-28
MUNICIPALITY,42000000-0000-0000-0000-000000001122,San Antonio de la Cal,COVID-19,COVID-19,SUSPECTED,4,2026-08-14 00:00:00,,ACTIVE,COVID19MEXICO,2026-09-28
MUNICIPALITY,42000000-0000-0000-0000-000000001122,San Antonio de la Cal,INFLUENZA,Influenza,SUSPECTED,4,2026-08-14 00:00:00,,ACTIVE,COVID19MEXICO,2026-09-28
MUNICIPALITY,42000000-0000-0000-0000-000000000743,San Antonio la Isla,MEASLES,Measles,SUSPECTED,1,2026-09-21 00:00:00,,ACTIVE,EFES_ABIERTO,2026-09-21
MUNICIPALITY,42000000-0000-0000-0000-000000000743,San Antonio la Isla,RUBELLA,Rubella,SUSPECTED,1,2026-09-21 00:00:00,,ACTIVE,EFES_ABIERTO,2026-09-21
MUNICIPALITY,42000000-0000-0000-0000-000000001130,San Bartolo Coyotepec,COVID-19,COVID-19,SUSPECTED,3,2026-08-02 00:00:00,,ACTIVE,COVID19MEXICO,2026-09-28
MUNICIPALITY,42000000-0000-0000-0000-000000001130,San Bartolo Coyotepec,INFLUENZA,Influenza,SUSPECTED,3,2026-08-02 00:00:00,,ACTIVE,COVID19MEXICO,2026-09-28
MUNICIPALITY,42000000-0000-0000-0000-000000000514,San Bartolo Tutotepec,COVID-19,COVID-19,CONFIRMED,1,2026-08-24 00:00:00,,ACTIVE,COVID19MEXICO,2026-09-28
MUNICIPALITY,42000000-0000-0000-0000-000000000956,San Blas,COVID-19,COVID-19,SUSPECTED,4,2026-08-16 00:00:00,,ACTIVE,COVID19MEXICO,2026-09-28
MUNICIPALITY,42000000-0000-0000-0000-000000000956,San Blas,INFLUENZA,Influenza,SUSPECTED,4,2026-08-16 00:00:00,,ACTIVE,COVID19MEXICO,2026-09-28
MUNICIPALITY,42000000-0000-0000-0000-000000000162,San Cristobal de las Casas,COVID-19,COVID-19,SUSPECTED,1,2026-09-06 00:00:00,,ACTIVE,COVID19MEXICO,2026-09-28
MUNICIPALITY,42000000-0000-0000-0000-000000000162,San Cristobal de las Casas,DENGUE,Dengue fever,SUSPECTED,1,2026-08-07 00:00:00,,ACTIVE,DENGUE_ABIERTO,2026-09-14
MUNICIPALITY,42000000-0000-0000-0000-000000000162,San Cristobal de las Casas,INFLUENZA,Influenza,SUSPECTED,1,2026-09-06 00:00:00,,ACTIVE,COVID19MEXICO,2026-09-28
MUNICIPALITY,42000000-0000-0000-0000-000000000162,San Cristobal de las Casas,MEASLES,Measles,CONFIRMED,1,2026-09-03 00:00:00,,ACTIVE,EFES_ABIERTO,2026-09-21
MUNICIPALITY,42000000-0000-0000-0000-000000000162,San Cristobal de las Casas,MEASLES,Measles,SUSPECTED,29,2026-09-21 00:00:00,,ACTIVE,EFES_ABIERTO,2026-09-21
MUNICIPALITY,42000000-0000-0000-0000-000000000162,San Cristobal de las Casas,RUBELLA,Rubella,SUSPECTED,29,2026-09-21 00:00:00,,ACTIVE,EFES_ABIERTO,2026-09-21
MUNICIPALITY,42000000-0000-0000-0000-000000002091,San Damian Texoloc,COVID-19,COVID-19,SUSPECTED,6,2026-08-22 00:00:00,,ACTIVE,COVID19MEXICO,2026-09-28
MUNICIPALITY,42000000-0000-0000-0000-000000002091,San Damian Texoloc,INFLUENZA,Influenza,SUSPECTED,6,2026-08-22 00:00:00,,ACTIVE,COVID19MEXICO,2026-09-28
MUNICIPALITY,42000000-0000-0000-0000-000000000317,San Dimas,MEASLES,Measles,SUSPECTED,1,2026-09-21 00:00:00,,ACTIVE,EFES_ABIERTO,2026-09-21
MUNICIPALITY,42000000-0000-0000-0000-000000000317,San Dimas,RUBELLA,Rubella,SUSPECTED,1,2026-09-21 00:00:00,,ACTIVE,EFES_ABIERTO,2026-09-21
MUNICIPALITY,42000000-0000-0000-0000-000000001149,San Felipe Jalapa de Diaz,COVID-19,COVID-19,CONFIRMED,1,2026-08-15 00:00:00,,ACTIVE,COVID19MEXICO,2026-09-28
MUNICIPALITY,42000000-0000-0000-0000-000000001149,San Felipe Jalapa de Diaz,COVID-19,COVID-19,SUSPECTED,6,2026-08-24 00:00:00,,ACTIVE,COVID19MEXICO,2026-09-28
MUNICIPALITY,42000000-0000-0000-0000-000000001149,San Felipe Jalapa de Diaz,INFLUENZA,Influenza,SUSPECTED,6,2026-08-24 00:00:00,,ACTIVE,COVID19MEXICO,2026-09-28
MUNICIPALITY,42000000-0000-0000-0000-000000001150,San Felipe Tejalapam,COVID-19,COVID-19,SUSPECTED,1,2026-09-01 00:00:00,,ACTIVE,COVID19MEXICO,2026-09-28
MUNICIPALITY,42000000-0000-0000-0000-000000001150,San Felipe Tejalapam,INFLUENZA,Influenza,SUSPECTED,1,2026-09-01 00:00:00,,ACTIVE,COVID19MEXICO,2026-09-28
MUNICIPALITY,42000000-0000-0000-0000-000000001151,San Felipe Usila,COVID-19,COVID-19,SUSPECTED,1,2026-08-03 00:00:00,,ACTIVE,COVID19MEXICO,2026-09-28
MUNICIPALITY,42000000-0000-0000-0000-000000001151,San Felipe Usila,INFLUENZA,Influenza,SUSPECTED,1,2026-08-03 00:00:00,,ACTIVE,COVID19MEXICO,2026-09-28
MUNICIPALITY,42000000-0000-0000-0000-000000000744,San Felipe del Progreso,COVID-19,COVID-19,SUSPECTED,4,2026-08-17 00:00:00,,ACTIVE,COVID19MEXICO,2026-09-28
MUNICIPALITY,42000000-0000-0000-0000-000000000744,San Felipe del Progreso,INFLUENZA,Influenza,SUSPECTED,4,2026-08-17 00:00:00,,ACTIVE,COVID19MEXICO,2026-09-28
MUNICIPALITY,42000000-0000-0000-0000-000000000163,San Fernando,COVID-19,COVID-19,SUSPECTED,1,2026-09-03 00:00:00,,ACTIVE,COVID19MEXICO,2026-09-28
MUNICIPALITY,42000000-0000-0000-0000-000000002034,San Fernando,COVID-19,COVID-19,SUSPECTED,1,2026-08-21 00:00:00,,ACTIVE,COVID19MEXICO,2026-09-28
MUNICIPALITY,42000000-0000-0000-0000-000000000163,San Fernando,INFLUENZA,Influenza,SUSPECTED,1,2026-09-03 00:00:00,,ACTIVE,COVID19MEXICO,2026-09-28
MUNICIPALITY,42000000-0000-0000-0000-000000002034,San Fernando,INFLUENZA,Influenza,SUSPECTED,1,2026-08-21 00:00:00,,ACTIVE,COVID19MEXICO,2026-09-28
MUNICIPALITY,42000000-0000-0000-0000-000000000163,San Fernando,MEASLES,Measles,SUSPECTED,4,2026-09-21 00:00:00,,ACTIVE,EFES_ABIERTO,2026-09-21
MUNICIPALITY,42000000-0000-0000-0000-000000000163,San Fernando,RUBELLA,Rubella,SUSPECTED,4,2026-09-21 00:00:00,,ACTIVE,EFES_ABIERTO,2026-09-21
MUNICIPALITY,42000000-0000-0000-0000-000000001153,San Francisco Cajonos,COVID-19,COVID-19,SUSPECTED,1,2026-09-09 00:00:00,,ACTIVE,COVID19MEXICO,2026-09-28
MUNICIPALITY,42000000-0000-0000-0000-000000001153,San Francisco Cajonos,INFLUENZA,Influenza,SUSPECTED,1,2026-09-09 00:00:00,,ACTIVE,COVID19MEXICO,2026-09-28
MUNICIPALITY,42000000-0000-0000-0000-000000001158,San Francisco Ixhuatan,COVID-19,COVID-19,SUSPECTED,1,2026-09-16 00:00:00,,ACTIVE,COVID19MEXICO,2026-09-28
MUNICIPALITY,42000000-0000-0000-0000-000000001158,San Francisco Ixhuatan,INFLUENZA,Influenza,SUSPECTED,1,2026-09-16 00:00:00,,ACTIVE,COVID19MEXICO,2026-09-28
MUNICIPALITY,42000000-0000-0000-0000-000000001165,San Francisco Telixtlahuaca,COVID-19,COVID-19,SUSPECTED,2,2026-08-21 00:00:00,,ACTIVE,COVID19MEXICO,2026-09-28
MUNICIPALITY,42000000-0000-0000-0000-000000001165,San Francisco Telixtlahuaca,INFLUENZA,Influenza,SUSPECTED,2,2026-08-21 00:00:00,,ACTIVE,COVID19MEXICO,2026-09-28
MUNICIPALITY,42000000-0000-0000-0000-000000002092,San Francisco Tetlanohcan,COVID-19,COVID-19,CONFIRMED,2,2026-09-05 00:00:00,,ACTIVE,COVID19MEXICO,2026-09-28
MUNICIPALITY,42000000-0000-0000-0000-000000002092,San Francisco Tetlanohcan,COVID-19,COVID-19,SUSPECTED,1,2026-09-05 00:00:00,,ACTIVE,COVID19MEXICO,2026-09-28
MUNICIPALITY,42000000-0000-0000-0000-000000002092,San Francisco Tetlanohcan,INFLUENZA,Influenza,SUSPECTED,1,2026-09-05 00:00:00,,ACTIVE,COVID19MEXICO,2026-09-28
MUNICIPALITY,42000000-0000-0000-0000-000000000011,San Francisco de los Romo,COVID-19,COVID-19,CONFIRMED,1,2026-08-30 00:00:00,,ACTIVE,COVID19MEXICO,2026-09-28
MUNICIPALITY,42000000-0000-0000-0000-000000000011,San Francisco de los Romo,COVID-19,COVID-19,SUSPECTED,26,2026-08-03 00:00:00,,ACTIVE,COVID19MEXICO,2026-09-28
MUNICIPALITY,42000000-0000-0000-0000-000000000011,San Francisco de los Romo,INFLUENZA,Influenza,SUSPECTED,26,2026-08-03 00:00:00,,ACTIVE,COVID19MEXICO,2026-09-28
MUNICIPALITY,42000000-0000-0000-0000-000000001709,San Gabriel Chilac,COVID-19,COVID-19,SUSPECTED,1,2026-08-02 00:00:00,,ACTIVE,COVID19MEXICO,2026-09-28
MUNICIPALITY,42000000-0000-0000-0000-000000001709,San Gabriel Chilac,INFLUENZA,Influenza,SUSPECTED,1,2026-08-02 00:00:00,,ACTIVE,COVID19MEXICO,2026-09-28
MUNICIPALITY,42000000-0000-0000-0000-000000001982,San Ignacio Rio Muerto,DENGUE,Dengue fever,SUSPECTED,1,2026-08-25 00:00:00,,ACTIVE,DENGUE_ABIERTO,2026-09-14
MUNICIPALITY,42000000-0000-0000-0000-000000001172,San Jacinto Amilpas,COVID-19,COVID-19,CONFIRMED,1,2026-08-17 00:00:00,,ACTIVE,COVID19MEXICO,2026-09-28
MUNICIPALITY,42000000-0000-0000-0000-000000001817,San Joaquin,COVID-19,COVID-19,SUSPECTED,1,2026-08-29 00:00:00,,ACTIVE,COVID19MEXICO,2026-09-28
MUNICIPALITY,42000000-0000-0000-0000-000000001817,San Joaquin,INFLUENZA,Influenza,SUSPECTED,1,2026-08-29 00:00:00,,ACTIVE,COVID19MEXICO,2026-09-28
MUNICIPALITY,42000000-0000-0000-0000-000000000008,San Jose de Gracia,COVID-19,COVID-19,SUSPECTED,2,2026-08-29 00:00:00,,ACTIVE,COVID19MEXICO,2026-09-28
MUNICIPALITY,42000000-0000-0000-0000-000000000008,San Jose de Gracia,INFLUENZA,Influenza,SUSPECTED,2,2026-08-29 00:00:00,,ACTIVE,COVID19MEXICO,2026-09-28
MUNICIPALITY,42000000-0000-0000-0000-000000000008,San Jose de Gracia,MEASLES,Measles,SUSPECTED,1,2026-09-21 00:00:00,,ACTIVE,EFES_ABIERTO,2026-09-21
MUNICIPALITY,42000000-0000-0000-0000-000000000008,San Jose de Gracia,RUBELLA,Rubella,SUSPECTED,1,2026-09-21 00:00:00,,ACTIVE,EFES_ABIERTO,2026-09-21
MUNICIPALITY,42000000-0000-0000-0000-000000001087,San Jose del Progreso,COVID-19,COVID-19,SUSPECTED,1,2026-08-04 00:00:00,,ACTIVE,COVID19MEXICO,2026-09-28
MUNICIPALITY,42000000-0000-0000-0000-000000001087,San Jose del Progreso,INFLUENZA,Influenza,SUSPECTED,1,2026-08-04 00:00:00,,ACTIVE,COVID19MEXICO,2026-09-28
MUNICIPALITY,42000000-0000-0000-0000-000000000794,San Jose del Rincon,COVID-19,COVID-19,SUSPECTED,36,2026-08-06 00:00:00,,ACTIVE,COVID19MEXICO,2026-09-28
MUNICIPALITY,42000000-0000-0000-0000-000000000794,San Jose del Rincon,INFLUENZA,Influenza,SUSPECTED,36,2026-08-06 00:00:00,,ACTIVE,COVID19MEXICO,2026-09-28
MUNICIPALITY,42000000-0000-0000-0000-000000001197,San Juan Bautista Tlacoatzintepec,COVID-19,COVID-19,SUSPECTED,1,2026-08-01 00:00:00,,ACTIVE,COVID19MEXICO,2026-09-28
MUNICIPALITY,42000000-0000-0000-0000-000000001197,San Juan Bautista Tlacoatzintepec,INFLUENZA,Influenza,SUSPECTED,1,2026-08-01 00:00:00,,ACTIVE,COVID19MEXICO,2026-09-28
MUNICIPALITY,42000000-0000-0000-0000-000000001199,San Juan Bautista Tuxtepec,COVID-19,COVID-19,SUSPECTED,14,2026-08-04 00:00:00,,ACTIVE,COVID19MEXICO,2026-09-28
MUNICIPALITY,42000000-0000-0000-0000-000000001199,San Juan Bautista Tuxtepec,DENGUE,Dengue fever,SUSPECTED,1,2026-08-07 00:00:00,,ACTIVE,DENGUE_ABIERTO,2026-09-14
MUNICIPALITY,42000000-0000-0000-0000-000000001199,San Juan Bautista Tuxtepec,INFLUENZA,Influenza,CONFIRMED,1,2026-08-31 00:00:00,,ACTIVE,COVID19MEXICO,2026-09-28
MUNICIPALITY,42000000-0000-0000-0000-000000001199,San Juan Bautista Tuxtepec,INFLUENZA,Influenza,SUSPECTED,14,2026-08-04 00:00:00,,ACTIVE,COVID19MEXICO,2026-09-28
MUNICIPALITY,42000000-0000-0000-0000-000000001199,San Juan Bautista Tuxtepec,MEASLES,Measles,SUSPECTED,3,2026-09-21 00:00:00,,ACTIVE,EFES_ABIERTO,2026-09-21
MUNICIPALITY,42000000-0000-0000-0000-000000001199,San Juan Bautista Tuxtepec,RUBELLA,Rubella,SUSPECTED,3,2026-09-21 00:00:00,,ACTIVE,EFES_ABIERTO,2026-09-21
MUNICIPALITY,42000000-0000-0000-0000-000000000195,San Juan Cancuc,MEASLES,Measles,SUSPECTED,1,2026-09-21 00:00:00,,ACTIVE,EFES_ABIERTO,2026-09-21
MUNICIPALITY,42000000-0000-0000-0000-000000000195,San Juan Cancuc,RUBELLA,Rubella,SUSPECTED,1,2026-09-21 00:00:00,,ACTIVE,EFES_ABIERTO,2026-09-21
MUNICIPALITY,42000000-0000-0000-0000-000000001215,San Juan Juquila Mixes,COVID-19,COVID-19,SUSPECTED,1,2026-08-30 00:00:00,,ACTIVE,COVID19MEXICO,2026-09-28
MUNICIPALITY,42000000-0000-0000-0000-000000001215,San Juan Juquila Mixes,INFLUENZA,Influenza,SUSPECTED,1,2026-08-30 00:00:00,,ACTIVE,COVID19MEXICO,2026-09-28
MUNICIPALITY,42000000-0000-0000-0000-000000001224,San Juan Mixtepec,COVID-19,COVID-19,SUSPECTED,1,2026-08-02 00:00:00,,ACTIVE,COVID19MEXICO,2026-09-28
MUNICIPALITY,42000000-0000-0000-0000-000000001224,San Juan Mixtepec,INFLUENZA,Influenza,SUSPECTED,1,2026-08-02 00:00:00,,ACTIVE,COVID19MEXICO,2026-09-28
MUNICIPALITY,42000000-0000-0000-0000-000000001225,San Juan Numi,COVID-19,COVID-19,SUSPECTED,1,2026-08-03 00:00:00,,ACTIVE,COVID19MEXICO,2026-09-28
MUNICIPALITY,42000000-0000-0000-0000-000000001225,San Juan Numi,INFLUENZA,Influenza,SUSPECTED,1,2026-08-03 00:00:00,,ACTIVE,COVID19MEXICO,2026-09-28
MUNICIPALITY,42000000-0000-0000-0000-000000000068,San Juan de Sabinas,COVID-19,COVID-19,SUSPECTED,26,2026-08-06 00:00:00,,ACTIVE,COVID19MEXICO,2026-09-28
MUNICIPALITY,42000000-0000-0000-0000-000000000068,San Juan de Sabinas,INFLUENZA,Influenza,SUSPECTED,26,2026-08-06 00:00:00,,ACTIVE,COVID19MEXICO,2026-09-28
MUNICIPALITY,42000000-0000-0000-0000-000000001818,San Juan del Rio,COVID-19,COVID-19,CONFIRMED,11,2026-08-05 00:00:00,,ACTIVE,COVID19MEXICO,2026-09-28
MUNICIPALITY,42000000-0000-0000-0000-000000001818,San Juan del Rio,COVID-19,COVID-19,SUSPECTED,4,2026-09-21 00:00:00,,ACTIVE,COVID19MEXICO,2026-09-28
MUNICIPALITY,42000000-0000-0000-0000-000000001818,San Juan del Rio,INFLUENZA,Influenza,SUSPECTED,4,2026-09-21 00:00:00,,ACTIVE,COVID19MEXICO,2026-09-28
MUNICIPALITY,42000000-0000-0000-0000-000000000319,San Juan del Rio,MEASLES,Measles,SUSPECTED,2,2026-09-21 00:00:00,,ACTIVE,EFES_ABIERTO,2026-09-21
MUNICIPALITY,42000000-0000-0000-0000-000000000319,San Juan del Rio,RUBELLA,Rubella,SUSPECTED,2,2026-09-21 00:00:00,,ACTIVE,EFES_ABIERTO,2026-09-21
MUNICIPALITY,42000000-0000-0000-0000-000000002096,San Lorenzo Axocomanitla,COVID-19,COVID-19,CONFIRMED,1,2026-08-09 00:00:00,,ACTIVE,COVID19MEXICO,2026-09-28
MUNICIPALITY,42000000-0000-0000-0000-000000001242,San Lorenzo Cacaotepec,COVID-19,COVID-19,SUSPECTED,1,2026-08-02 00:00:00,,ACTIVE,COVID19MEXICO,2026-09-28
MUNICIPALITY,42000000-0000-0000-0000-000000001242,San Lorenzo Cacaotepec,INFLUENZA,Influenza,SUSPECTED,1,2026-08-02 00:00:00,,ACTIVE,COVID19MEXICO,2026-09-28
MUNICIPALITY,42000000-0000-0000-0000-000000001242,San Lorenzo Cacaotepec,MEASLES,Measles,SUSPECTED,1,2026-09-21 00:00:00,,ACTIVE,EFES_ABIERTO,2026-09-21
MUNICIPALITY,42000000-0000-0000-0000-000000001242,San Lorenzo Cacaotepec,RUBELLA,Rubella,SUSPECTED,1,2026-09-21 00:00:00,,ACTIVE,EFES_ABIERTO,2026-09-21
MUNICIPALITY,42000000-0000-0000-0000-000000001247,San Lucas Ojitlan,COVID-19,COVID-19,SUSPECTED,2,2026-08-11 00:00:00,,ACTIVE,COVID19MEXICO,2026-09-28
MUNICIPALITY,42000000-0000-0000-0000-000000001247,San Lucas Ojitlan,INFLUENZA,Influenza,SUSPECTED,2,2026-08-11 00:00:00,,ACTIVE,COVID19MEXICO,2026-09-28
MUNICIPALITY,42000000-0000-0000-0000-000000002097,San Lucas Tecopilco,INFLUENZA,Influenza,CONFIRMED,1,2026-08-26 00:00:00,,ACTIVE,COVID19MEXICO,2026-09-28
MUNICIPALITY,42000000-0000-0000-0000-000000000428,San Luis Acatlan,COVID-19,COVID-19,CONFIRMED,1,2026-08-05 00:00:00,,ACTIVE,COVID19MEXICO,2026-09-28
MUNICIPALITY,42000000-0000-0000-0000-000000001859,San Luis Potosi,COVID-19,COVID-19,CONFIRMED,27,2026-08-01 00:00:00,,ACTIVE,COVID19MEXICO,2026-09-28
MUNICIPALITY,42000000-0000-0000-0000-000000001859,San Luis Potosi,COVID-19,COVID-19,SUSPECTED,47,2026-08-02 00:00:00,,ACTIVE,COVID19MEXICO,2026-09-28
MUNICIPALITY,42000000-0000-0000-0000-000000001859,San Luis Potosi,INFLUENZA,Influenza,CONFIRMED,2,2026-09-01 00:00:00,,ACTIVE,COVID19MEXICO,2026-09-28
MUNICIPALITY,42000000-0000-0000-0000-000000001859,San Luis Potosi,INFLUENZA,Influenza,SUSPECTED,47,2026-08-02 00:00:00,,ACTIVE,COVID19MEXICO,2026-09-28
MUNICIPALITY,42000000-0000-0000-0000-000000001859,San Luis Potosi,MEASLES,Measles,SUSPECTED,2,2026-09-21 00:00:00,,ACTIVE,EFES_ABIERTO,2026-09-21
MUNICIPALITY,42000000-0000-0000-0000-000000001859,San Luis Potosi,RUBELLA,Rubella,SUSPECTED,2,2026-09-21 00:00:00,,ACTIVE,EFES_ABIERTO,2026-09-21
MUNICIPALITY,42000000-0000-0000-0000-000000001965,San Luis Rio Colorado,MEASLES,Measles,SUSPECTED,1,2026-09-21 00:00:00,,ACTIVE,EFES_ABIERTO,2026-09-21
MUNICIPALITY,42000000-0000-0000-0000-000000001965,San Luis Rio Colorado,RUBELLA,Rubella,SUSPECTED,1,2026-09-21 00:00:00,,ACTIVE,EFES_ABIERTO,2026-09-21
MUNICIPALITY,42000000-0000-0000-0000-000000000363,San Luis de la Paz,COVID-19,COVID-19,CONFIRMED,1,2026-08-01 00:00:00,,ACTIVE,COVID19MEXICO,2026-09-28
MUNICIPALITY,42000000-0000-0000-0000-000000000363,San Luis de la Paz,COVID-19,COVID-19,SUSPECTED,26,2026-08-01 00:00:00,,ACTIVE,COVID19MEXICO,2026-09-28
MUNICIPALITY,42000000-0000-0000-0000-000000000363,San Luis de la Paz,INFLUENZA,Influenza,SUSPECTED,26,2026-08-01 00:00:00,,ACTIVE,COVID19MEXICO,2026-09-28
MUNICIPALITY,42000000-0000-0000-0000-000000000363,San Luis de la Paz,MEASLES,Measles,SUSPECTED,1,2026-09-21 00:00:00,,ACTIVE,EFES_ABIERTO,2026-09-21
MUNICIPALITY,42000000-0000-0000-0000-000000000363,San Luis de la Paz,RUBELLA,Rubella,SUSPECTED,1,2026-09-21 00:00:00,,ACTIVE,EFES_ABIERTO,2026-09-21
MUNICIPALITY,42000000-0000-0000-0000-000000000429,San Marcos,COVID-19,COVID-19,SUSPECTED,1,2026-09-20 00:00:00,,ACTIVE,COVID19MEXICO,2026-09-28
MUNICIPALITY,42000000-0000-0000-0000-000000000429,San Marcos,INFLUENZA,Influenza,SUSPECTED,1,2026-09-20 00:00:00,,ACTIVE,COVID19MEXICO,2026-09-28
MUNICIPALITY,42000000-0000-0000-0000-000000000622,San Martin Hidalgo,COVID-19,COVID-19,SUSPECTED,1,2026-08-15 00:00:00,,ACTIVE,COVID19MEXICO,2026-09-28
MUNICIPALITY,42000000-0000-0000-0000-000000000622,San Martin Hidalgo,INFLUENZA,Influenza,SUSPECTED,1,2026-08-15 00:00:00,,ACTIVE,COVID19MEXICO,2026-09-28
MUNICIPALITY,42000000-0000-0000-0000-000000001717,San Martin Texmelucan,COVID-19,COVID-19,CONFIRMED,3,2026-08-07 00:00:00,,ACTIVE,COVID19MEXICO,2026-09-28
MUNICIPALITY,42000000-0000-0000-0000-000000001717,San Martin Texmelucan,COVID-19,COVID-19,SUSPECTED,8,2026-08-11 00:00:00,,ACTIVE,COVID19MEXICO,2026-09-28
MUNICIPALITY,42000000-0000-0000-0000-000000001717,San Martin Texmelucan,INFLUENZA,Influenza,SUSPECTED,8,2026-08-11 00:00:00,,ACTIVE,COVID19MEXICO,2026-09-28
MUNICIPALITY,42000000-0000-0000-0000-000000000745,San Martin de las Piramides,COVID-19,COVID-19,SUSPECTED,1,2026-08-06 00:00:00,,ACTIVE,COVID19MEXICO,2026-09-28
MUNICIPALITY,42000000-0000-0000-0000-000000000745,San Martin de las Piramides,INFLUENZA,Influenza,SUSPECTED,1,2026-08-06 00:00:00,,ACTIVE,COVID19MEXICO,2026-09-28
MUNICIPALITY,42000000-0000-0000-0000-000000000746,San Mateo Atenco,COVID-19,COVID-19,SUSPECTED,3,2026-08-01 00:00:00,,ACTIVE,COVID19MEXICO,2026-09-28
MUNICIPALITY,42000000-0000-0000-0000-000000000746,San Mateo Atenco,INFLUENZA,Influenza,SUSPECTED,3,2026-08-01 00:00:00,,ACTIVE,COVID19MEXICO,2026-09-28
MUNICIPALITY,42000000-0000-0000-0000-000000001719,San Matias Tlalancaleca,COVID-19,COVID-19,CONFIRMED,2,2026-08-24 00:00:00,,ACTIVE,COVID19MEXICO,2026-09-28
MUNICIPALITY,42000000-0000-0000-0000-000000001719,San Matias Tlalancaleca,COVID-19,COVID-19,SUSPECTED,2,2026-08-13 00:00:00,,ACTIVE,COVID19MEXICO,2026-09-28
MUNICIPALITY,42000000-0000-0000-0000-000000001719,San Matias Tlalancaleca,INFLUENZA,Influenza,SUSPECTED,2,2026-08-13 00:00:00,,ACTIVE,COVID19MEXICO,2026-09-28
MUNICIPALITY,42000000-0000-0000-0000-000000001293,San Miguel Soyaltepec,COVID-19,COVID-19,SUSPECTED,3,2026-08-03 00:00:00,,ACTIVE,COVID19MEXICO,2026-09-28
MUNICIPALITY,42000000-0000-0000-0000-000000001293,San Miguel Soyaltepec,INFLUENZA,Influenza,SUSPECTED,3,2026-08-03 00:00:00,,ACTIVE,COVID19MEXICO,2026-09-28
MUNICIPALITY,42000000-0000-0000-0000-000000001721,San Miguel Xoxtla,COVID-19,COVID-19,CONFIRMED,1,2026-08-26 00:00:00,,ACTIVE,COVID19MEXICO,2026-09-28
MUNICIPALITY,42000000-0000-0000-0000-000000001966,San Miguel de Horcasitas,COVID-19,COVID-19,CONFIRMED,1,2026-08-24 00:00:00,,ACTIVE,COVID19MEXICO,2026-09-28
MUNICIPALITY,42000000-0000-0000-0000-000000001966,San Miguel de Horcasitas,MEASLES,Measles,SUSPECTED,1,2026-09-21 00:00:00,,ACTIVE,EFES_ABIERTO,2026-09-21
MUNICIPALITY,42000000-0000-0000-0000-000000001966,San Miguel de Horcasitas,RUBELLA,Rubella,SUSPECTED,1,2026-09-21 00:00:00,,ACTIVE,EFES_ABIERTO,2026-09-21
MUNICIPALITY,42000000-0000-0000-0000-000000001281,San Miguel del Puerto,COVID-19,COVID-19,SUSPECTED,1,2026-08-06 00:00:00,,ACTIVE,COVID19MEXICO,2026-09-28
MUNICIPALITY,42000000-0000-0000-0000-000000001281,San Miguel del Puerto,INFLUENZA,Influenza,SUSPECTED,1,2026-08-06 00:00:00,,ACTIVE,COVID19MEXICO,2026-09-28
MUNICIPALITY,42000000-0000-0000-0000-000000001010,San Nicolas de los Garza,COVID-19,COVID-19,CONFIRMED,2,2026-08-13 00:00:00,,ACTIVE,COVID19MEXICO,2026-09-28
MUNICIPALITY,42000000-0000-0000-0000-000000001010,San Nicolas de los Garza,COVID-19,COVID-19,SUSPECTED,3,2026-08-15 00:00:00,,ACTIVE,COVID19MEXICO,2026-09-28
MUNICIPALITY,42000000-0000-0000-0000-000000001010,San Nicolas de los Garza,INFLUENZA,Influenza,CONFIRMED,2,2026-08-18 00:00:00,,ACTIVE,COVID19MEXICO,2026-09-28
MUNICIPALITY,42000000-0000-0000-0000-000000001010,San Nicolas de los Garza,INFLUENZA,Influenza,SUSPECTED,3,2026-08-15 00:00:00,,ACTIVE,COVID19MEXICO,2026-09-28
MUNICIPALITY,42000000-0000-0000-0000-000000001723,San Nicolas de los Ranchos,COVID-19,COVID-19,SUSPECTED,1,2026-09-17 00:00:00,,ACTIVE,COVID19MEXICO,2026-09-28
MUNICIPALITY,42000000-0000-0000-0000-000000001723,San Nicolas de los Ranchos,INFLUENZA,Influenza,SUSPECTED,1,2026-09-17 00:00:00,,ACTIVE,COVID19MEXICO,2026-09-28
MUNICIPALITY,42000000-0000-0000-0000-000000001308,San Pablo Etla,COVID-19,COVID-19,SUSPECTED,5,2026-08-22 00:00:00,,ACTIVE,COVID19MEXICO,2026-09-28
MUNICIPALITY,42000000-0000-0000-0000-000000001308,San Pablo Etla,INFLUENZA,Influenza,SUSPECTED,5,2026-08-22 00:00:00,,ACTIVE,COVID19MEXICO,2026-09-28
MUNICIPALITY,42000000-0000-0000-0000-000000002067,San Pablo del Monte,COVID-19,COVID-19,CONFIRMED,3,2026-08-31 00:00:00,,ACTIVE,COVID19MEXICO,2026-09-28
MUNICIPALITY,42000000-0000-0000-0000-000000002067,San Pablo del Monte,COVID-19,COVID-19,SUSPECTED,3,2026-09-14 00:00:00,,ACTIVE,COVID19MEXICO,2026-09-28
MUNICIPALITY,42000000-0000-0000-0000-000000002067,San Pablo del Monte,INFLUENZA,Influenza,SUSPECTED,3,2026-09-14 00:00:00,,ACTIVE,COVID19MEXICO,2026-09-28
MUNICIPALITY,42000000-0000-0000-0000-000000000069,San Pedro,DENGUE,Dengue fever,SUSPECTED,1,2026-08-05 00:00:00,,ACTIVE,DENGUE_ABIERTO,2026-09-14
MUNICIPALITY,42000000-0000-0000-0000-000000000069,San Pedro,MEASLES,Measles,SUSPECTED,1,2026-09-21 00:00:00,,ACTIVE,EFES_ABIERTO,2026-09-21
MUNICIPALITY,42000000-0000-0000-0000-000000000069,San Pedro,RUBELLA,Rubella,SUSPECTED,1,2026-09-21 00:00:00,,ACTIVE,EFES_ABIERTO,2026-09-21
MUNICIPALITY,42000000-0000-0000-0000-000000001725,San Pedro Cholula,COVID-19,COVID-19,CONFIRMED,1,2026-08-17 00:00:00,,ACTIVE,COVID19MEXICO,2026-09-28
MUNICIPALITY,42000000-0000-0000-0000-000000001725,San Pedro Cholula,COVID-19,COVID-19,SUSPECTED,13,2026-08-04 00:00:00,,ACTIVE,COVID19MEXICO,2026-09-28
MUNICIPALITY,42000000-0000-0000-0000-000000001725,San Pedro Cholula,INFLUENZA,Influenza,SUSPECTED,13,2026-08-04 00:00:00,,ACTIVE,COVID19MEXICO,2026-09-28
MUNICIPALITY,42000000-0000-0000-0000-000000000983,San Pedro Garza Garcia,MEASLES,Measles,SUSPECTED,3,2026-09-21 00:00:00,,ACTIVE,EFES_ABIERTO,2026-09-21
MUNICIPALITY,42000000-0000-0000-0000-000000000983,San Pedro Garza Garcia,RUBELLA,Rubella,SUSPECTED,3,2026-09-21 00:00:00,,ACTIVE,EFES_ABIERTO,2026-09-21
MUNICIPALITY,42000000-0000-0000-0000-000000001334,San Pedro Mixtepec,COVID-19,COVID-19,SUSPECTED,1,2026-08-28 00:00:00,,ACTIVE,COVID19MEXICO,2026-09-28
MUNICIPALITY,42000000-0000-0000-0000-000000001334,San Pedro Mixtepec,INFLUENZA,Influenza,SUSPECTED,1,2026-08-28 00:00:00,,ACTIVE,COVID19MEXICO,2026-09-28
MUNICIPALITY,42000000-0000-0000-0000-000000001334,San Pedro Mixtepec,MEASLES,Measles,SUSPECTED,1,2026-09-21 00:00:00,,ACTIVE,EFES_ABIERTO,2026-09-21
MUNICIPALITY,42000000-0000-0000-0000-000000001334,San Pedro Mixtepec,RUBELLA,Rubella,SUSPECTED,1,2026-09-21 00:00:00,,ACTIVE,EFES_ABIERTO,2026-09-21
MUNICIPALITY,42000000-0000-0000-0000-000000001339,San Pedro Pochutla,COVID-19,COVID-19,SUSPECTED,1,2026-08-02 00:00:00,,ACTIVE,COVID19MEXICO,2026-09-28
MUNICIPALITY,42000000-0000-0000-0000-000000001339,San Pedro Pochutla,INFLUENZA,Influenza,SUSPECTED,1,2026-08-02 00:00:00,,ACTIVE,COVID19MEXICO,2026-09-28
MUNICIPALITY,42000000-0000-0000-0000-000000001342,San Pedro Tapanatepec,COVID-19,COVID-19,SUSPECTED,2,2026-08-06 00:00:00,,ACTIVE,COVID19MEXICO,2026-09-28
MUNICIPALITY,42000000-0000-0000-0000-000000001342,San Pedro Tapanatepec,INFLUENZA,Influenza,SUSPECTED,2,2026-08-06 00:00:00,,ACTIVE,COVID19MEXICO,2026-09-28
MUNICIPALITY,42000000-0000-0000-0000-000000001342,San Pedro Tapanatepec,MEASLES,Measles,SUSPECTED,4,2026-09-21 00:00:00,,ACTIVE,EFES_ABIERTO,2026-09-21
MUNICIPALITY,42000000-0000-0000-0000-000000001342,San Pedro Tapanatepec,RUBELLA,Rubella,SUSPECTED,4,2026-09-21 00:00:00,,ACTIVE,EFES_ABIERTO,2026-09-21
MUNICIPALITY,42000000-0000-0000-0000-000000000643,San Pedro Tlaquepaque,COVID-19,COVID-19,SUSPECTED,15,2026-08-04 00:00:00,,ACTIVE,COVID19MEXICO,2026-09-28
MUNICIPALITY,42000000-0000-0000-0000-000000000643,San Pedro Tlaquepaque,INFLUENZA,Influenza,SUSPECTED,15,2026-08-04 00:00:00,,ACTIVE,COVID19MEXICO,2026-09-28
MUNICIPALITY,42000000-0000-0000-0000-000000000643,San Pedro Tlaquepaque,MEASLES,Measles,CONFIRMED,7,2026-08-08 00:00:00,,ACTIVE,EFES_ABIERTO,2026-09-21
MUNICIPALITY,42000000-0000-0000-0000-000000000643,San Pedro Tlaquepaque,MEASLES,Measles,SUSPECTED,35,2026-09-21 00:00:00,,ACTIVE,EFES_ABIERTO,2026-09-21
MUNICIPALITY,42000000-0000-0000-0000-000000000643,San Pedro Tlaquepaque,RUBELLA,Rubella,SUSPECTED,35,2026-09-21 00:00:00,,ACTIVE,EFES_ABIERTO,2026-09-21
MUNICIPALITY,42000000-0000-0000-0000-000000001726,San Pedro Yeloixtlahuaca,COVID-19,COVID-19,CONFIRMED,1,2026-08-12 00:00:00,,ACTIVE,COVID19MEXICO,2026-09-28
MUNICIPALITY,42000000-0000-0000-0000-000000000515,San Salvador,COVID-19,COVID-19,CONFIRMED,1,2026-09-11 00:00:00,,ACTIVE,COVID19MEXICO,2026-09-28
MUNICIPALITY,42000000-0000-0000-0000-000000001728,San Salvador el Verde,COVID-19,COVID-19,SUSPECTED,2,2026-08-24 00:00:00,,ACTIVE,COVID19MEXICO,2026-09-28
MUNICIPALITY,42000000-0000-0000-0000-000000001728,San Salvador el Verde,INFLUENZA,Influenza,SUSPECTED,2,2026-08-24 00:00:00,,ACTIVE,COVID19MEXICO,2026-09-28
MUNICIPALITY,42000000-0000-0000-0000-000000001365,San Sebastian Tutla,COVID-19,COVID-19,SUSPECTED,3,2026-09-10 00:00:00,,ACTIVE,COVID19MEXICO,2026-09-28
MUNICIPALITY,42000000-0000-0000-0000-000000001365,San Sebastian Tutla,INFLUENZA,Influenza,SUSPECTED,3,2026-09-10 00:00:00,,ACTIVE,COVID19MEXICO,2026-09-28
MUNICIPALITY,42000000-0000-0000-0000-000000002062,Sanctorum de Lazaro Cardenas,COVID-19,COVID-19,SUSPECTED,1,2026-09-19 00:00:00,,ACTIVE,COVID19MEXICO,2026-09-28
MUNICIPALITY,42000000-0000-0000-0000-000000002062,Sanctorum de Lazaro Cardenas,INFLUENZA,Influenza,SUSPECTED,1,2026-09-19 00:00:00,,ACTIVE,COVID19MEXICO,2026-09-28
MUNICIPALITY,42000000-0000-0000-0000-000000001968,Santa Ana,MEASLES,Measles,SUSPECTED,2,2026-09-21 00:00:00,,ACTIVE,EFES_ABIERTO,2026-09-21
MUNICIPALITY,42000000-0000-0000-0000-000000001968,Santa Ana,RUBELLA,Rubella,SUSPECTED,2,2026-09-21 00:00:00,,ACTIVE,EFES_ABIERTO,2026-09-21
MUNICIPALITY,42000000-0000-0000-0000-000000002098,Santa Ana Nopalucan,COVID-19,COVID-19,SUSPECTED,2,2026-09-06 00:00:00,,ACTIVE,COVID19MEXICO,2026-09-28
MUNICIPALITY,42000000-0000-0000-0000-000000002098,Santa Ana Nopalucan,INFLUENZA,Influenza,SUSPECTED,2,2026-09-06 00:00:00,,ACTIVE,COVID19MEXICO,2026-09-28
MUNICIPALITY,42000000-0000-0000-0000-000000002099,Santa Apolonia Teacalco,COVID-19,COVID-19,CONFIRMED,1,2026-08-19 00:00:00,,ACTIVE,COVID19MEXICO,2026-09-28
MUNICIPALITY,42000000-0000-0000-0000-000000002099,Santa Apolonia Teacalco,COVID-19,COVID-19,SUSPECTED,1,2026-09-24 00:00:00,,ACTIVE,COVID19MEXICO,2026-09-28
MUNICIPALITY,42000000-0000-0000-0000-000000002099,Santa Apolonia Teacalco,INFLUENZA,Influenza,SUSPECTED,1,2026-09-24 00:00:00,,ACTIVE,COVID19MEXICO,2026-09-28
MUNICIPALITY,42000000-0000-0000-0000-000000001012,Santa Catarina,COVID-19,COVID-19,CONFIRMED,1,2026-09-19 00:00:00,,ACTIVE,COVID19MEXICO,2026-09-28
MUNICIPALITY,42000000-0000-0000-0000-000000001012,Santa Catarina,MEASLES,Measles,SUSPECTED,1,2026-09-21 00:00:00,,ACTIVE,EFES_ABIERTO,2026-09-21
MUNICIPALITY,42000000-0000-0000-0000-000000001012,Santa Catarina,RUBELLA,Rubella,SUSPECTED,1,2026-09-21 00:00:00,,ACTIVE,EFES_ABIERTO,2026-09-21
MUNICIPALITY,42000000-0000-0000-0000-000000002100,Santa Catarina Ayometla,COVID-19,COVID-19,SUSPECTED,2,2026-09-15 00:00:00,,ACTIVE,COVID19MEXICO,2026-09-28
MUNICIPALITY,42000000-0000-0000-0000-000000002100,Santa Catarina Ayometla,INFLUENZA,Influenza,SUSPECTED,2,2026-09-15 00:00:00,,ACTIVE,COVID19MEXICO,2026-09-28
MUNICIPALITY,42000000-0000-0000-0000-000000001390,Santa Cruz Amilpas,COVID-19,COVID-19,CONFIRMED,1,2026-08-28 00:00:00,,ACTIVE,COVID19MEXICO,2026-09-28
MUNICIPALITY,42000000-0000-0000-0000-000000001393,Santa Cruz Mixtepec,DENGUE,Dengue fever,SUSPECTED,1,2026-08-13 00:00:00,,ACTIVE,DENGUE_ABIERTO,2026-09-14
MUNICIPALITY,42000000-0000-0000-0000-000000002068,Santa Cruz Tlaxcala,COVID-19,COVID-19,CONFIRMED,1,2026-09-17 00:00:00,,ACTIVE,COVID19MEXICO,2026-09-28
MUNICIPALITY,42000000-0000-0000-0000-000000002068,Santa Cruz Tlaxcala,COVID-19,COVID-19,SUSPECTED,3,2026-08-15 00:00:00,,ACTIVE,COVID19MEXICO,2026-09-28
MUNICIPALITY,42000000-0000-0000-0000-000000002068,Santa Cruz Tlaxcala,INFLUENZA,Influenza,SUSPECTED,3,2026-08-15 00:00:00,,ACTIVE,COVID19MEXICO,2026-09-28
MUNICIPALITY,42000000-0000-0000-0000-000000001400,Santa Cruz Xoxocotlan,COVID-19,COVID-19,CONFIRMED,1,2026-08-26 00:00:00,,ACTIVE,COVID19MEXICO,2026-09-28
MUNICIPALITY,42000000-0000-0000-0000-000000001400,Santa Cruz Xoxocotlan,COVID-19,COVID-19,SUSPECTED,9,2026-08-04 00:00:00,,ACTIVE,COVID19MEXICO,2026-09-28
MUNICIPALITY,42000000-0000-0000-0000-000000001400,Santa Cruz Xoxocotlan,INFLUENZA,Influenza,SUSPECTED,9,2026-08-04 00:00:00,,ACTIVE,COVID19MEXICO,2026-09-28
MUNICIPALITY,42000000-0000-0000-0000-000000001400,Santa Cruz Xoxocotlan,MEASLES,Measles,SUSPECTED,1,2026-09-21 00:00:00,,ACTIVE,EFES_ABIERTO,2026-09-21
MUNICIPALITY,42000000-0000-0000-0000-000000001400,Santa Cruz Xoxocotlan,RUBELLA,Rubella,SUSPECTED,1,2026-09-21 00:00:00,,ACTIVE,EFES_ABIERTO,2026-09-21
MUNICIPALITY,42000000-0000-0000-0000-000000000365,Santa Cruz de Juventino Rosas,COVID-19,COVID-19,SUSPECTED,1,2026-09-14 00:00:00,,ACTIVE,COVID19MEXICO,2026-09-28
MUNICIPALITY,42000000-0000-0000-0000-000000000365,Santa Cruz de Juventino Rosas,INFLUENZA,Influenza,SUSPECTED,1,2026-09-14 00:00:00,,ACTIVE,COVID19MEXICO,2026-09-28
MUNICIPALITY,42000000-0000-0000-0000-000000001733,Santa Isabel Cholula,COVID-19,COVID-19,SUSPECTED,2,2026-08-14 00:00:00,,ACTIVE,COVID19MEXICO,2026-09-28
MUNICIPALITY,42000000-0000-0000-0000-000000001733,Santa Isabel Cholula,INFLUENZA,Influenza,SUSPECTED,2,2026-08-14 00:00:00,,ACTIVE,COVID19MEXICO,2026-09-28
MUNICIPALITY,42000000-0000-0000-0000-000000002102,Santa Isabel Xiloxoxtla,COVID-19,COVID-19,CONFIRMED,1,2026-09-22 00:00:00,,ACTIVE,COVID19MEXICO,2026-09-28
MUNICIPALITY,42000000-0000-0000-0000-000000002102,Santa Isabel Xiloxoxtla,COVID-19,COVID-19,SUSPECTED,3,2026-09-08 00:00:00,,ACTIVE,COVID19MEXICO,2026-09-28
MUNICIPALITY,42000000-0000-0000-0000-000000002102,Santa Isabel Xiloxoxtla,INFLUENZA,Influenza,SUSPECTED,3,2026-09-08 00:00:00,,ACTIVE,COVID19MEXICO,2026-09-28
MUNICIPALITY,42000000-0000-0000-0000-000000001405,Santa Lucia del Camino,COVID-19,COVID-19,SUSPECTED,5,2026-08-04 00:00:00,,ACTIVE,COVID19MEXICO,2026-09-28
MUNICIPALITY,42000000-0000-0000-0000-000000001405,Santa Lucia del Camino,INFLUENZA,Influenza,SUSPECTED,5,2026-08-04 00:00:00,,ACTIVE,COVID19MEXICO,2026-09-28
MUNICIPALITY,42000000-0000-0000-0000-000000001414,Santa Maria Atzompa,COVID-19,COVID-19,CONFIRMED,1,2026-08-04 00:00:00,,ACTIVE,COVID19MEXICO,2026-09-28
MUNICIPALITY,42000000-0000-0000-0000-000000001414,Santa Maria Atzompa,COVID-19,COVID-19,SUSPECTED,9,2026-08-06 00:00:00,,ACTIVE,COVID19MEXICO,2026-09-28
MUNICIPALITY,42000000-0000-0000-0000-000000001414,Santa Maria Atzompa,INFLUENZA,Influenza,CONFIRMED,1,2026-09-15 00:00:00,,ACTIVE,COVID19MEXICO,2026-09-28
MUNICIPALITY,42000000-0000-0000-0000-000000001414,Santa Maria Atzompa,INFLUENZA,Influenza,SUSPECTED,9,2026-08-06 00:00:00,,ACTIVE,COVID19MEXICO,2026-09-28
MUNICIPALITY,42000000-0000-0000-0000-000000001428,Santa Maria Huatulco,COVID-19,COVID-19,SUSPECTED,23,2026-08-02 00:00:00,,ACTIVE,COVID19MEXICO,2026-09-28
MUNICIPALITY,42000000-0000-0000-0000-000000001428,Santa Maria Huatulco,INFLUENZA,Influenza,SUSPECTED,23,2026-08-02 00:00:00,,ACTIVE,COVID19MEXICO,2026-09-28
MUNICIPALITY,42000000-0000-0000-0000-000000001428,Santa Maria Huatulco,MEASLES,Measles,SUSPECTED,3,2026-09-21 00:00:00,,ACTIVE,EFES_ABIERTO,2026-09-21
MUNICIPALITY,42000000-0000-0000-0000-000000001428,Santa Maria Huatulco,RUBELLA,Rubella,SUSPECTED,3,2026-09-21 00:00:00,,ACTIVE,EFES_ABIERTO,2026-09-21
MUNICIPALITY,42000000-0000-0000-0000-000000001446,Santa Maria Tecomavaca,COVID-19,COVID-19,SUSPECTED,28,2026-08-15 00:00:00,,ACTIVE,COVID19MEXICO,2026-09-28
MUNICIPALITY,42000000-0000-0000-0000-000000001446,Santa Maria Tecomavaca,INFLUENZA,Influenza,SUSPECTED,28,2026-08-15 00:00:00,,ACTIVE,COVID19MEXICO,2026-09-28
MUNICIPALITY,42000000-0000-0000-0000-000000001450,Santa Maria Tepantlali,DENGUE,Dengue fever,SUSPECTED,1,2026-08-06 00:00:00,,ACTIVE,DENGUE_ABIERTO,2026-09-14
MUNICIPALITY,42000000-0000-0000-0000-000000001454,Santa Maria Tonameca,COVID-19,COVID-19,SUSPECTED,1,2026-09-10 00:00:00,,ACTIVE,COVID19MEXICO,2026-09-28
MUNICIPALITY,42000000-0000-0000-0000-000000001454,Santa Maria Tonameca,INFLUENZA,Influenza,SUSPECTED,1,2026-09-10 00:00:00,,ACTIVE,COVID19MEXICO,2026-09-28
MUNICIPALITY,42000000-0000-0000-0000-000000000958,Santa Maria del Oro,COVID-19,COVID-19,SUSPECTED,5,2026-08-14 00:00:00,,ACTIVE,COVID19MEXICO,2026-09-28
MUNICIPALITY,42000000-0000-0000-0000-000000000958,Santa Maria del Oro,INFLUENZA,Influenza,SUSPECTED,5,2026-08-14 00:00:00,,ACTIVE,COVID19MEXICO,2026-09-28
MUNICIPALITY,42000000-0000-0000-0000-000000001863,Santa Maria del Rio,COVID-19,COVID-19,CONFIRMED,3,2026-08-02 00:00:00,,ACTIVE,COVID19MEXICO,2026-09-28
MUNICIPALITY,42000000-0000-0000-0000-000000001424,Santa Maria del Tule,COVID-19,COVID-19,SUSPECTED,2,2026-08-18 00:00:00,,ACTIVE,COVID19MEXICO,2026-09-28
MUNICIPALITY,42000000-0000-0000-0000-000000001424,Santa Maria del Tule,INFLUENZA,Influenza,SUSPECTED,2,2026-08-18 00:00:00,,ACTIVE,COVID19MEXICO,2026-09-28
MUNICIPALITY,42000000-0000-0000-0000-000000001013,Santiago,COVID-19,COVID-19,CONFIRMED,1,2026-08-28 00:00:00,,ACTIVE,COVID19MEXICO,2026-09-28
MUNICIPALITY,42000000-0000-0000-0000-000000001013,Santiago,COVID-19,COVID-19,SUSPECTED,2,2026-09-20 00:00:00,,ACTIVE,COVID19MEXICO,2026-09-28
MUNICIPALITY,42000000-0000-0000-0000-000000001013,Santiago,INFLUENZA,Influenza,SUSPECTED,2,2026-09-20 00:00:00,,ACTIVE,COVID19MEXICO,2026-09-28
MUNICIPALITY,42000000-0000-0000-0000-000000001013,Santiago,MEASLES,Measles,SUSPECTED,2,2026-09-21 00:00:00,,ACTIVE,EFES_ABIERTO,2026-09-21
MUNICIPALITY,42000000-0000-0000-0000-000000001013,Santiago,RUBELLA,Rubella,SUSPECTED,2,2026-09-21 00:00:00,,ACTIVE,EFES_ABIERTO,2026-09-21
MUNICIPALITY,42000000-0000-0000-0000-000000001475,Santiago Choapam,COVID-19,COVID-19,SUSPECTED,1,2026-08-24 00:00:00,,ACTIVE,COVID19MEXICO,2026-09-28
MUNICIPALITY,42000000-0000-0000-0000-000000001475,Santiago Choapam,INFLUENZA,Influenza,SUSPECTED,1,2026-08-24 00:00:00,,ACTIVE,COVID19MEXICO,2026-09-28
MUNICIPALITY,42000000-0000-0000-0000-000000000959,Santiago Ixcuintla,COVID-19,COVID-19,SUSPECTED,11,2026-08-03 00:00:00,,ACTIVE,COVID19MEXICO,2026-09-28
MUNICIPALITY,42000000-0000-0000-0000-000000000959,Santiago Ixcuintla,INFLUENZA,Influenza,SUSPECTED,11,2026-08-03 00:00:00,,ACTIVE,COVID19MEXICO,2026-09-28
MUNICIPALITY,42000000-0000-0000-0000-000000001734,Santiago Miahuatlan,COVID-19,COVID-19,SUSPECTED,2,2026-08-03 00:00:00,,ACTIVE,COVID19MEXICO,2026-09-28
MUNICIPALITY,42000000-0000-0000-0000-000000001734,Santiago Miahuatlan,INFLUENZA,Influenza,SUSPECTED,2,2026-08-03 00:00:00,,ACTIVE,COVID19MEXICO,2026-09-28
MUNICIPALITY,42000000-0000-0000-0000-000000000323,Santiago Papasquiaro,MEASLES,Measles,CONFIRMED,1,2026-08-10 00:00:00,,ACTIVE,EFES_ABIERTO,2026-09-21
MUNICIPALITY,42000000-0000-0000-0000-000000000323,Santiago Papasquiaro,MEASLES,Measles,SUSPECTED,1,2026-09-21 00:00:00,,ACTIVE,EFES_ABIERTO,2026-09-21
MUNICIPALITY,42000000-0000-0000-0000-000000000323,Santiago Papasquiaro,RUBELLA,Rubella,SUSPECTED,1,2026-09-21 00:00:00,,ACTIVE,EFES_ABIERTO,2026-09-21
MUNICIPALITY,42000000-0000-0000-0000-000000001497,Santiago Pinotepa Nacional,COVID-19,COVID-19,SUSPECTED,1,2026-08-08 00:00:00,,ACTIVE,COVID19MEXICO,2026-09-28
MUNICIPALITY,42000000-0000-0000-0000-000000001497,Santiago Pinotepa Nacional,INFLUENZA,Influenza,SUSPECTED,1,2026-08-08 00:00:00,,ACTIVE,COVID19MEXICO,2026-09-28
MUNICIPALITY,42000000-0000-0000-0000-000000001499,Santiago Tamazola,COVID-19,COVID-19,SUSPECTED,1,2026-09-16 00:00:00,,ACTIVE,COVID19MEXICO,2026-09-28
MUNICIPALITY,42000000-0000-0000-0000-000000001499,Santiago Tamazola,INFLUENZA,Influenza,SUSPECTED,1,2026-09-16 00:00:00,,ACTIVE,COVID19MEXICO,2026-09-28
MUNICIPALITY,42000000-0000-0000-0000-000000000517,Santiago Tulantepec de Lugo Guerrero,COVID-19,COVID-19,CONFIRMED,1,2026-08-16 00:00:00,,ACTIVE,COVID19MEXICO,2026-09-28
MUNICIPALITY,42000000-0000-0000-0000-000000000517,Santiago Tulantepec de Lugo Guerrero,MEASLES,Measles,SUSPECTED,1,2026-09-21 00:00:00,,ACTIVE,EFES_ABIERTO,2026-09-21
MUNICIPALITY,42000000-0000-0000-0000-000000000517,Santiago Tulantepec de Lugo Guerrero,RUBELLA,Rubella,SUSPECTED,1,2026-09-21 00:00:00,,ACTIVE,EFES_ABIERTO,2026-09-21
MUNICIPALITY,42000000-0000-0000-0000-000000002245,Santiago Tuxtla,COVID-19,COVID-19,SUSPECTED,1,2026-08-24 00:00:00,,ACTIVE,COVID19MEXICO,2026-09-28
MUNICIPALITY,42000000-0000-0000-0000-000000002245,Santiago Tuxtla,INFLUENZA,Influenza,SUSPECTED,1,2026-08-24 00:00:00,,ACTIVE,COVID19MEXICO,2026-09-28
MUNICIPALITY,42000000-0000-0000-0000-000000000516,Santiago de Anaya,COVID-19,COVID-19,CONFIRMED,1,2026-09-11 00:00:00,,ACTIVE,COVID19MEXICO,2026-09-28
MUNICIPALITY,42000000-0000-0000-0000-000000001520,Santo Domingo Ingenio,COVID-19,COVID-19,SUSPECTED,1,2026-08-20 00:00:00,,ACTIVE,COVID19MEXICO,2026-09-28
MUNICIPALITY,42000000-0000-0000-0000-000000001520,Santo Domingo Ingenio,INFLUENZA,Influenza,SUSPECTED,1,2026-08-20 00:00:00,,ACTIVE,COVID19MEXICO,2026-09-28
MUNICIPALITY,42000000-0000-0000-0000-000000000367,Silao de la Victoria,COVID-19,COVID-19,SUSPECTED,52,2026-08-01 00:00:00,,ACTIVE,COVID19MEXICO,2026-09-28
MUNICIPALITY,42000000-0000-0000-0000-000000000367,Silao de la Victoria,INFLUENZA,Influenza,SUSPECTED,52,2026-08-01 00:00:00,,ACTIVE,COVID19MEXICO,2026-09-28
MUNICIPALITY,42000000-0000-0000-0000-000000000164,Siltepec,MEASLES,Measles,SUSPECTED,1,2026-09-21 00:00:00,,ACTIVE,EFES_ABIERTO,2026-09-21
MUNICIPALITY,42000000-0000-0000-0000-000000000164,Siltepec,RUBELLA,Rubella,SUSPECTED,1,2026-09-21 00:00:00,,ACTIVE,EFES_ABIERTO,2026-09-21
MUNICIPALITY,42000000-0000-0000-0000-000000000165,Simojovel,MEASLES,Measles,SUSPECTED,1,2026-09-21 00:00:00,,ACTIVE,EFES_ABIERTO,2026-09-21
MUNICIPALITY,42000000-0000-0000-0000-000000000165,Simojovel,RUBELLA,Rubella,SUSPECTED,1,2026-09-21 00:00:00,,ACTIVE,EFES_ABIERTO,2026-09-21
MUNICIPALITY,42000000-0000-0000-0000-000000001907,Sinaloa,COVID-19,COVID-19,CONFIRMED,3,2026-09-09 00:00:00,,ACTIVE,COVID19MEXICO,2026-09-28
MUNICIPALITY,42000000-0000-0000-0000-000000001907,Sinaloa,COVID-19,COVID-19,SUSPECTED,1,2026-09-17 00:00:00,,ACTIVE,COVID19MEXICO,2026-09-28
MUNICIPALITY,42000000-0000-0000-0000-000000001907,Sinaloa,INFLUENZA,Influenza,SUSPECTED,1,2026-09-17 00:00:00,,ACTIVE,COVID19MEXICO,2026-09-28
MUNICIPALITY,42000000-0000-0000-0000-000000002250,Soledad de Doblado,COVID-19,COVID-19,SUSPECTED,2,2026-08-02 00:00:00,,ACTIVE,COVID19MEXICO,2026-09-28
MUNICIPALITY,42000000-0000-0000-0000-000000002250,Soledad de Doblado,INFLUENZA,Influenza,SUSPECTED,2,2026-08-02 00:00:00,,ACTIVE,COVID19MEXICO,2026-09-28
MUNICIPALITY,42000000-0000-0000-0000-000000001866,Soledad de Graciano Sanchez,COVID-19,COVID-19,CONFIRMED,6,2026-08-07 00:00:00,,ACTIVE,COVID19MEXICO,2026-09-28
MUNICIPALITY,42000000-0000-0000-0000-000000001866,Soledad de Graciano Sanchez,COVID-19,COVID-19,SUSPECTED,6,2026-08-23 00:00:00,,ACTIVE,COVID19MEXICO,2026-09-28
MUNICIPALITY,42000000-0000-0000-0000-000000001866,Soledad de Graciano Sanchez,INFLUENZA,Influenza,SUSPECTED,6,2026-08-23 00:00:00,,ACTIVE,COVID19MEXICO,2026-09-28
MUNICIPALITY,42000000-0000-0000-0000-000000002462,Sombrerete,COVID-19,COVID-19,CONFIRMED,1,2026-09-11 00:00:00,,ACTIVE,COVID19MEXICO,2026-09-28
MUNICIPALITY,42000000-0000-0000-0000-000000002036,Soto la Marina,COVID-19,COVID-19,SUSPECTED,2,2026-09-17 00:00:00,,ACTIVE,COVID19MEXICO,2026-09-28
MUNICIPALITY,42000000-0000-0000-0000-000000002036,Soto la Marina,INFLUENZA,Influenza,SUSPECTED,2,2026-09-17 00:00:00,,ACTIVE,COVID19MEXICO,2026-09-28
MUNICIPALITY,42000000-0000-0000-0000-000000000170,Suchiapa,MEASLES,Measles,SUSPECTED,1,2026-09-21 00:00:00,,ACTIVE,EFES_ABIERTO,2026-09-21
MUNICIPALITY,42000000-0000-0000-0000-000000000170,Suchiapa,RUBELLA,Rubella,SUSPECTED,1,2026-09-21 00:00:00,,ACTIVE,EFES_ABIERTO,2026-09-21
MUNICIPALITY,42000000-0000-0000-0000-000000000171,Suchiate,MEASLES,Measles,SUSPECTED,1,2026-09-21 00:00:00,,ACTIVE,EFES_ABIERTO,2026-09-21
MUNICIPALITY,42000000-0000-0000-0000-000000000171,Suchiate,RUBELLA,Rubella,SUSPECTED,1,2026-09-21 00:00:00,,ACTIVE,EFES_ABIERTO,2026-09-21
MUNICIPALITY,42000000-0000-0000-0000-000000002384,Sucila,COVID-19,COVID-19,SUSPECTED,2,2026-09-13 00:00:00,,ACTIVE,COVID19MEXICO,2026-09-28
MUNICIPALITY,42000000-0000-0000-0000-000000002384,Sucila,INFLUENZA,Influenza,SUSPECTED,2,2026-09-13 00:00:00,,ACTIVE,COVID19MEXICO,2026-09-28
MUNICIPALITY,42000000-0000-0000-0000-000000000750,Sultepec,COVID-19,COVID-19,SUSPECTED,3,2026-08-23 00:00:00,,ACTIVE,COVID19MEXICO,2026-09-28
MUNICIPALITY,42000000-0000-0000-0000-000000000750,Sultepec,INFLUENZA,Influenza,SUSPECTED,3,2026-08-23 00:00:00,,ACTIVE,COVID19MEXICO,2026-09-28
MUNICIPALITY,42000000-0000-0000-0000-000000000877,Tacambaro,COVID-19,COVID-19,CONFIRMED,1,2026-09-02 00:00:00,,ACTIVE,COVID19MEXICO,2026-09-28
MUNICIPALITY,42000000-0000-0000-0000-000000001997,Tacotalpa,COVID-19,COVID-19,CONFIRMED,1,2026-08-03 00:00:00,,ACTIVE,COVID19MEXICO,2026-09-28
MUNICIPALITY,42000000-0000-0000-0000-000000002387,Tahdziu,MEASLES,Measles,SUSPECTED,1,2026-09-21 00:00:00,,ACTIVE,EFES_ABIERTO,2026-09-21
MUNICIPALITY,42000000-0000-0000-0000-000000002387,Tahdziu,RUBELLA,Rubella,SUSPECTED,1,2026-09-21 00:00:00,,ACTIVE,EFES_ABIERTO,2026-09-21
MUNICIPALITY,42000000-0000-0000-0000-000000000628,Tala,MEASLES,Measles,CONFIRMED,1,2026-08-28 00:00:00,,ACTIVE,EFES_ABIERTO,2026-09-21
MUNICIPALITY,42000000-0000-0000-0000-000000000628,Tala,MEASLES,Measles,SUSPECTED,1,2026-09-21 00:00:00,,ACTIVE,EFES_ABIERTO,2026-09-21
MUNICIPALITY,42000000-0000-0000-0000-000000000628,Tala,RUBELLA,Rubella,SUSPECTED,1,2026-09-21 00:00:00,,ACTIVE,EFES_ABIERTO,2026-09-21
MUNICIPALITY,42000000-0000-0000-0000-000000002252,Tamalin,COVID-19,COVID-19,SUSPECTED,1,2026-08-11 00:00:00,,ACTIVE,COVID19MEXICO,2026-09-28
MUNICIPALITY,42000000-0000-0000-0000-000000002252,Tamalin,INFLUENZA,Influenza,SUSPECTED,1,2026-08-11 00:00:00,,ACTIVE,COVID19MEXICO,2026-09-28
MUNICIPALITY,42000000-0000-0000-0000-000000001867,Tamasopo,COVID-19,COVID-19,CONFIRMED,1,2026-09-02 00:00:00,,ACTIVE,COVID19MEXICO,2026-09-28
MUNICIPALITY,42000000-0000-0000-0000-000000000630,Tamazula de Gordiano,COVID-19,COVID-19,CONFIRMED,7,2026-08-07 00:00:00,,ACTIVE,COVID19MEXICO,2026-09-28
MUNICIPALITY,42000000-0000-0000-0000-000000000630,Tamazula de Gordiano,COVID-19,COVID-19,SUSPECTED,1,2026-08-08 00:00:00,,ACTIVE,COVID19MEXICO,2026-09-28
MUNICIPALITY,42000000-0000-0000-0000-000000000630,Tamazula de Gordiano,INFLUENZA,Influenza,SUSPECTED,1,2026-08-08 00:00:00,,ACTIVE,COVID19MEXICO,2026-09-28
MUNICIPALITY,42000000-0000-0000-0000-000000001868,Tamazunchale,INFLUENZA,Influenza,CONFIRMED,1,2026-08-10 00:00:00,,ACTIVE,COVID19MEXICO,2026-09-28
MUNICIPALITY,42000000-0000-0000-0000-000000002037,Tampico,COVID-19,COVID-19,CONFIRMED,6,2026-08-02 00:00:00,,ACTIVE,COVID19MEXICO,2026-09-28
MUNICIPALITY,42000000-0000-0000-0000-000000002037,Tampico,COVID-19,COVID-19,SUSPECTED,23,2026-08-01 00:00:00,,ACTIVE,COVID19MEXICO,2026-09-28
MUNICIPALITY,42000000-0000-0000-0000-000000002037,Tampico,INFLUENZA,Influenza,SUSPECTED,23,2026-08-01 00:00:00,,ACTIVE,COVID19MEXICO,2026-09-28
MUNICIPALITY,42000000-0000-0000-0000-000000000879,Tangamandapio,MEASLES,Measles,SUSPECTED,1,2026-09-21 00:00:00,,ACTIVE,EFES_ABIERTO,2026-09-21
MUNICIPALITY,42000000-0000-0000-0000-000000000879,Tangamandapio,RUBELLA,Rubella,SUSPECTED,1,2026-09-21 00:00:00,,ACTIVE,EFES_ABIERTO,2026-09-21
MUNICIPALITY,42000000-0000-0000-0000-000000000880,Tangancicuaro,MEASLES,Measles,SUSPECTED,1,2026-09-21 00:00:00,,ACTIVE,EFES_ABIERTO,2026-09-21
MUNICIPALITY,42000000-0000-0000-0000-000000000880,Tangancicuaro,RUBELLA,Rubella,SUSPECTED,1,2026-09-21 00:00:00,,ACTIVE,EFES_ABIERTO,2026-09-21
MUNICIPALITY,42000000-0000-0000-0000-000000000881,Tanhuato,MEASLES,Measles,SUSPECTED,3,2026-09-21 00:00:00,,ACTIVE,EFES_ABIERTO,2026-09-21
MUNICIPALITY,42000000-0000-0000-0000-000000000881,Tanhuato,RUBELLA,Rubella,SUSPECTED,3,2026-09-21 00:00:00,,ACTIVE,EFES_ABIERTO,2026-09-21
MUNICIPALITY,42000000-0000-0000-0000-000000001872,Tanlajas,COVID-19,COVID-19,CONFIRMED,1,2026-08-11 00:00:00,,ACTIVE,COVID19MEXICO,2026-09-28
MUNICIPALITY,42000000-0000-0000-0000-000000001872,Tanlajas,COVID-19,COVID-19,SUSPECTED,1,2026-09-11 00:00:00,,ACTIVE,COVID19MEXICO,2026-09-28
MUNICIPALITY,42000000-0000-0000-0000-000000001872,Tanlajas,INFLUENZA,Influenza,SUSPECTED,1,2026-09-11 00:00:00,,ACTIVE,COVID19MEXICO,2026-09-28
MUNICIPALITY,42000000-0000-0000-0000-000000002257,Tantoyuca,COVID-19,COVID-19,SUSPECTED,1,2026-09-18 00:00:00,,ACTIVE,COVID19MEXICO,2026-09-28
MUNICIPALITY,42000000-0000-0000-0000-000000002257,Tantoyuca,INFLUENZA,Influenza,SUSPECTED,1,2026-09-18 00:00:00,,ACTIVE,COVID19MEXICO,2026-09-28
MUNICIPALITY,42000000-0000-0000-0000-000000000173,Tapachula,COVID-19,COVID-19,SUSPECTED,2,2026-08-01 00:00:00,,ACTIVE,COVID19MEXICO,2026-09-28
MUNICIPALITY,42000000-0000-0000-0000-000000000173,Tapachula,INFLUENZA,Influenza,SUSPECTED,2,2026-08-01 00:00:00,,ACTIVE,COVID19MEXICO,2026-09-28
MUNICIPALITY,42000000-0000-0000-0000-000000000173,Tapachula,MEASLES,Measles,CONFIRMED,3,2026-08-27 00:00:00,,ACTIVE,EFES_ABIERTO,2026-09-21
MUNICIPALITY,42000000-0000-0000-0000-000000000173,Tapachula,MEASLES,Measles,SUSPECTED,24,2026-09-21 00:00:00,,ACTIVE,EFES_ABIERTO,2026-09-21
MUNICIPALITY,42000000-0000-0000-0000-000000000173,Tapachula,RUBELLA,Rubella,SUSPECTED,24,2026-09-21 00:00:00,,ACTIVE,EFES_ABIERTO,2026-09-21
MUNICIPALITY,42000000-0000-0000-0000-000000000882,Taretan,MEASLES,Measles,SUSPECTED,1,2026-09-21 00:00:00,,ACTIVE,EFES_ABIERTO,2026-09-21
MUNICIPALITY,42000000-0000-0000-0000-000000000882,Taretan,RUBELLA,Rubella,SUSPECTED,1,2026-09-21 00:00:00,,ACTIVE,EFES_ABIERTO,2026-09-21
MUNICIPALITY,42000000-0000-0000-0000-000000000883,Tarimbaro,COVID-19,COVID-19,CONFIRMED,1,2026-09-08 00:00:00,,ACTIVE,COVID19MEXICO,2026-09-28
MUNICIPALITY,42000000-0000-0000-0000-000000000883,Tarimbaro,COVID-19,COVID-19,SUSPECTED,1,2026-09-22 00:00:00,,ACTIVE,COVID19MEXICO,2026-09-28
MUNICIPALITY,42000000-0000-0000-0000-000000000883,Tarimbaro,INFLUENZA,Influenza,SUSPECTED,1,2026-09-22 00:00:00,,ACTIVE,COVID19MEXICO,2026-09-28
MUNICIPALITY,42000000-0000-0000-0000-000000000883,Tarimbaro,MEASLES,Measles,SUSPECTED,3,2026-09-21 00:00:00,,ACTIVE,EFES_ABIERTO,2026-09-21
MUNICIPALITY,42000000-0000-0000-0000-000000000883,Tarimbaro,RUBELLA,Rubella,SUSPECTED,3,2026-09-21 00:00:00,,ACTIVE,EFES_ABIERTO,2026-09-21
MUNICIPALITY,42000000-0000-0000-0000-000000000369,Tarimoro,MEASLES,Measles,SUSPECTED,1,2026-09-21 00:00:00,,ACTIVE,EFES_ABIERTO,2026-09-21
MUNICIPALITY,42000000-0000-0000-0000-000000000369,Tarimoro,RUBELLA,Rubella,SUSPECTED,1,2026-09-21 00:00:00,,ACTIVE,EFES_ABIERTO,2026-09-21
MUNICIPALITY,42000000-0000-0000-0000-000000000519,Tasquillo,COVID-19,COVID-19,CONFIRMED,2,2026-09-03 00:00:00,,ACTIVE,COVID19MEXICO,2026-09-28
MUNICIPALITY,42000000-0000-0000-0000-000000000431,Taxco de Alarcon,COVID-19,COVID-19,SUSPECTED,8,2026-08-06 00:00:00,,ACTIVE,COVID19MEXICO,2026-09-28
MUNICIPALITY,42000000-0000-0000-0000-000000000431,Taxco de Alarcon,INFLUENZA,Influenza,SUSPECTED,8,2026-08-06 00:00:00,,ACTIVE,COVID19MEXICO,2026-09-28
MUNICIPALITY,42000000-0000-0000-0000-000000000431,Taxco de Alarcon,MEASLES,Measles,SUSPECTED,1,2026-09-21 00:00:00,,ACTIVE,EFES_ABIERTO,2026-09-21
MUNICIPALITY,42000000-0000-0000-0000-000000000431,Taxco de Alarcon,RUBELLA,Rubella,SUSPECTED,1,2026-09-21 00:00:00,,ACTIVE,EFES_ABIERTO,2026-09-21
MUNICIPALITY,42000000-0000-0000-0000-000000000751,Tecamac,COVID-19,COVID-19,SUSPECTED,3,2026-08-07 00:00:00,,ACTIVE,COVID19MEXICO,2026-09-28
MUNICIPALITY,42000000-0000-0000-0000-000000000751,Tecamac,INFLUENZA,Influenza,SUSPECTED,3,2026-08-07 00:00:00,,ACTIVE,COVID19MEXICO,2026-09-28
MUNICIPALITY,42000000-0000-0000-0000-000000000751,Tecamac,MEASLES,Measles,SUSPECTED,5,2026-09-21 00:00:00,,ACTIVE,EFES_ABIERTO,2026-09-21
MUNICIPALITY,42000000-0000-0000-0000-000000000751,Tecamac,RUBELLA,Rubella,SUSPECTED,5,2026-09-21 00:00:00,,ACTIVE,EFES_ABIERTO,2026-09-21
MUNICIPALITY,42000000-0000-0000-0000-000000000014,Tecate,MEASLES,Measles,SUSPECTED,4,2026-09-21 00:00:00,,ACTIVE,EFES_ABIERTO,2026-09-21
MUNICIPALITY,42000000-0000-0000-0000-000000000014,Tecate,RUBELLA,Rubella,SUSPECTED,4,2026-09-21 00:00:00,,ACTIVE,EFES_ABIERTO,2026-09-21
MUNICIPALITY,42000000-0000-0000-0000-000000000432,Tecoanapa,COVID-19,COVID-19,SUSPECTED,1,2026-09-22 00:00:00,,ACTIVE,COVID19MEXICO,2026-09-28
MUNICIPALITY,42000000-0000-0000-0000-000000000432,Tecoanapa,DENGUE,Dengue fever,SUSPECTED,1,2026-08-08 00:00:00,,ACTIVE,DENGUE_ABIERTO,2026-09-14
MUNICIPALITY,42000000-0000-0000-0000-000000000432,Tecoanapa,INFLUENZA,Influenza,SUSPECTED,1,2026-09-22 00:00:00,,ACTIVE,COVID19MEXICO,2026-09-28
MUNICIPALITY,42000000-0000-0000-0000-000000002390,Tecoh,COVID-19,COVID-19,SUSPECTED,4,2026-09-03 00:00:00,,ACTIVE,COVID19MEXICO,2026-09-28
MUNICIPALITY,42000000-0000-0000-0000-000000002390,Tecoh,INFLUENZA,Influenza,CONFIRMED,2,2026-08-20 00:00:00,,ACTIVE,COVID19MEXICO,2026-09-28
MUNICIPALITY,42000000-0000-0000-0000-000000002390,Tecoh,INFLUENZA,Influenza,SUSPECTED,4,2026-09-03 00:00:00,,ACTIVE,COVID19MEXICO,2026-09-28
MUNICIPALITY,42000000-0000-0000-0000-000000002260,Tecolutla,COVID-19,COVID-19,SUSPECTED,1,2026-08-02 00:00:00,,ACTIVE,COVID19MEXICO,2026-09-28
MUNICIPALITY,42000000-0000-0000-0000-000000002260,Tecolutla,INFLUENZA,Influenza,SUSPECTED,1,2026-08-02 00:00:00,,ACTIVE,COVID19MEXICO,2026-09-28
MUNICIPALITY,42000000-0000-0000-0000-000000000083,Tecoman,COVID-19,COVID-19,SUSPECTED,2,2026-09-05 00:00:00,,ACTIVE,COVID19MEXICO,2026-09-28
MUNICIPALITY,42000000-0000-0000-0000-000000000083,Tecoman,INFLUENZA,Influenza,SUSPECTED,2,2026-09-05 00:00:00,,ACTIVE,COVID19MEXICO,2026-09-28
MUNICIPALITY,42000000-0000-0000-0000-000000000083,Tecoman,MEASLES,Measles,SUSPECTED,2,2026-09-21 00:00:00,,ACTIVE,EFES_ABIERTO,2026-09-21
MUNICIPALITY,42000000-0000-0000-0000-000000000083,Tecoman,RUBELLA,Rubella,SUSPECTED,2,2026-09-21 00:00:00,,ACTIVE,EFES_ABIERTO,2026-09-21
MUNICIPALITY,42000000-0000-0000-0000-000000000520,Tecozautla,COVID-19,COVID-19,SUSPECTED,1,2026-08-02 00:00:00,,ACTIVE,COVID19MEXICO,2026-09-28
MUNICIPALITY,42000000-0000-0000-0000-000000000520,Tecozautla,INFLUENZA,Influenza,CONFIRMED,1,2026-08-30 00:00:00,,ACTIVE,COVID19MEXICO,2026-09-28
MUNICIPALITY,42000000-0000-0000-0000-000000000520,Tecozautla,INFLUENZA,Influenza,SUSPECTED,1,2026-08-02 00:00:00,,ACTIVE,COVID19MEXICO,2026-09-28
MUNICIPALITY,42000000-0000-0000-0000-000000000433,Tecpan de Galeana,COVID-19,COVID-19,SUSPECTED,3,2026-08-10 00:00:00,,ACTIVE,COVID19MEXICO,2026-09-28
MUNICIPALITY,42000000-0000-0000-0000-000000000433,Tecpan de Galeana,INFLUENZA,Influenza,SUSPECTED,3,2026-08-10 00:00:00,,ACTIVE,COVID19MEXICO,2026-09-28
MUNICIPALITY,42000000-0000-0000-0000-000000000176,Tecpatan,MEASLES,Measles,SUSPECTED,3,2026-09-21 00:00:00,,ACTIVE,EFES_ABIERTO,2026-09-21
MUNICIPALITY,42000000-0000-0000-0000-000000000176,Tecpatan,RUBELLA,Rubella,SUSPECTED,3,2026-09-21 00:00:00,,ACTIVE,EFES_ABIERTO,2026-09-21
MUNICIPALITY,42000000-0000-0000-0000-000000000960,Tecuala,COVID-19,COVID-19,CONFIRMED,1,2026-09-07 00:00:00,,ACTIVE,COVID19MEXICO,2026-09-28
MUNICIPALITY,42000000-0000-0000-0000-000000000960,Tecuala,COVID-19,COVID-19,SUSPECTED,1,2026-09-21 00:00:00,,ACTIVE,COVID19MEXICO,2026-09-28
MUNICIPALITY,42000000-0000-0000-0000-000000000960,Tecuala,INFLUENZA,Influenza,SUSPECTED,1,2026-09-21 00:00:00,,ACTIVE,COVID19MEXICO,2026-09-28
MUNICIPALITY,42000000-0000-0000-0000-000000000960,Tecuala,MEASLES,Measles,SUSPECTED,1,2026-09-21 00:00:00,,ACTIVE,EFES_ABIERTO,2026-09-21
MUNICIPALITY,42000000-0000-0000-0000-000000000960,Tecuala,RUBELLA,Rubella,SUSPECTED,1,2026-09-21 00:00:00,,ACTIVE,EFES_ABIERTO,2026-09-21
MUNICIPALITY,42000000-0000-0000-0000-000000001741,Tehuacan,COVID-19,COVID-19,CONFIRMED,9,2026-08-03 00:00:00,,ACTIVE,COVID19MEXICO,2026-09-28
MUNICIPALITY,42000000-0000-0000-0000-000000001741,Tehuacan,COVID-19,COVID-19,SUSPECTED,317,2026-08-01 00:00:00,,ACTIVE,COVID19MEXICO,2026-09-28
MUNICIPALITY,42000000-0000-0000-0000-000000001741,Tehuacan,INFLUENZA,Influenza,CONFIRMED,1,2026-08-30 00:00:00,,ACTIVE,COVID19MEXICO,2026-09-28
MUNICIPALITY,42000000-0000-0000-0000-000000001741,Tehuacan,INFLUENZA,Influenza,SUSPECTED,317,2026-08-01 00:00:00,,ACTIVE,COVID19MEXICO,2026-09-28
MUNICIPALITY,42000000-0000-0000-0000-000000000752,Tejupilco,COVID-19,COVID-19,SUSPECTED,19,2026-08-03 00:00:00,,ACTIVE,COVID19MEXICO,2026-09-28
MUNICIPALITY,42000000-0000-0000-0000-000000000752,Tejupilco,INFLUENZA,Influenza,SUSPECTED,19,2026-08-03 00:00:00,,ACTIVE,COVID19MEXICO,2026-09-28
MUNICIPALITY,42000000-0000-0000-0000-000000002393,Tekax,COVID-19,COVID-19,SUSPECTED,12,2026-08-07 00:00:00,,ACTIVE,COVID19MEXICO,2026-09-28
MUNICIPALITY,42000000-0000-0000-0000-000000002393,Tekax,INFLUENZA,Influenza,CONFIRMED,2,2026-08-08 00:00:00,,ACTIVE,COVID19MEXICO,2026-09-28
MUNICIPALITY,42000000-0000-0000-0000-000000002393,Tekax,INFLUENZA,Influenza,SUSPECTED,12,2026-08-07 00:00:00,,ACTIVE,COVID19MEXICO,2026-09-28
MUNICIPALITY,42000000-0000-0000-0000-000000000754,Temascalapa,COVID-19,COVID-19,CONFIRMED,1,2026-08-11 00:00:00,,ACTIVE,COVID19MEXICO,2026-09-28
MUNICIPALITY,42000000-0000-0000-0000-000000000755,Temascalcingo,COVID-19,COVID-19,SUSPECTED,3,2026-08-10 00:00:00,,ACTIVE,COVID19MEXICO,2026-09-28
MUNICIPALITY,42000000-0000-0000-0000-000000000755,Temascalcingo,INFLUENZA,Influenza,SUSPECTED,3,2026-08-10 00:00:00,,ACTIVE,COVID19MEXICO,2026-09-28
MUNICIPALITY,42000000-0000-0000-0000-000000000756,Temascaltepec,COVID-19,COVID-19,SUSPECTED,5,2026-08-18 00:00:00,,ACTIVE,COVID19MEXICO,2026-09-28
MUNICIPALITY,42000000-0000-0000-0000-000000000756,Temascaltepec,INFLUENZA,Influenza,SUSPECTED,5,2026-08-18 00:00:00,,ACTIVE,COVID19MEXICO,2026-09-28
MUNICIPALITY,42000000-0000-0000-0000-000000002398,Temax,COVID-19,COVID-19,SUSPECTED,1,2026-08-12 00:00:00,,ACTIVE,COVID19MEXICO,2026-09-28
MUNICIPALITY,42000000-0000-0000-0000-000000002398,Temax,INFLUENZA,Influenza,CONFIRMED,1,2026-08-28 00:00:00,,ACTIVE,COVID19MEXICO,2026-09-28
MUNICIPALITY,42000000-0000-0000-0000-000000002398,Temax,INFLUENZA,Influenza,SUSPECTED,1,2026-08-12 00:00:00,,ACTIVE,COVID19MEXICO,2026-09-28
MUNICIPALITY,42000000-0000-0000-0000-000000000926,Temixco,COVID-19,COVID-19,CONFIRMED,1,2026-08-09 00:00:00,,ACTIVE,COVID19MEXICO,2026-09-28
MUNICIPALITY,42000000-0000-0000-0000-000000000926,Temixco,COVID-19,COVID-19,SUSPECTED,2,2026-09-01 00:00:00,,ACTIVE,COVID19MEXICO,2026-09-28
MUNICIPALITY,42000000-0000-0000-0000-000000000926,Temixco,INFLUENZA,Influenza,SUSPECTED,2,2026-09-01 00:00:00,,ACTIVE,COVID19MEXICO,2026-09-28
MUNICIPALITY,42000000-0000-0000-0000-000000000926,Temixco,MEASLES,Measles,SUSPECTED,2,2026-09-21 00:00:00,,ACTIVE,EFES_ABIERTO,2026-09-21
MUNICIPALITY,42000000-0000-0000-0000-000000000926,Temixco,RUBELLA,Rubella,SUSPECTED,2,2026-09-21 00:00:00,,ACTIVE,EFES_ABIERTO,2026-09-21
MUNICIPALITY,42000000-0000-0000-0000-000000000757,Temoaya,COVID-19,COVID-19,SUSPECTED,6,2026-08-05 00:00:00,,ACTIVE,COVID19MEXICO,2026-09-28
MUNICIPALITY,42000000-0000-0000-0000-000000000757,Temoaya,INFLUENZA,Influenza,SUSPECTED,6,2026-08-05 00:00:00,,ACTIVE,COVID19MEXICO,2026-09-28
MUNICIPALITY,42000000-0000-0000-0000-000000002399,Temozon,COVID-19,COVID-19,CONFIRMED,1,2026-08-23 00:00:00,,ACTIVE,COVID19MEXICO,2026-09-28
MUNICIPALITY,42000000-0000-0000-0000-000000002399,Temozon,COVID-19,COVID-19,SUSPECTED,2,2026-08-31 00:00:00,,ACTIVE,COVID19MEXICO,2026-09-28
MUNICIPALITY,42000000-0000-0000-0000-000000002399,Temozon,INFLUENZA,Influenza,SUSPECTED,2,2026-08-31 00:00:00,,ACTIVE,COVID19MEXICO,2026-09-28
MUNICIPALITY,42000000-0000-0000-0000-000000000031,Tenabo,COVID-19,COVID-19,SUSPECTED,1,2026-09-08 00:00:00,,ACTIVE,COVID19MEXICO,2026-09-28
MUNICIPALITY,42000000-0000-0000-0000-000000000031,Tenabo,INFLUENZA,Influenza,SUSPECTED,1,2026-09-08 00:00:00,,ACTIVE,COVID19MEXICO,2026-09-28
MUNICIPALITY,42000000-0000-0000-0000-000000002264,Tenampa,COVID-19,COVID-19,SUSPECTED,1,2026-09-14 00:00:00,,ACTIVE,COVID19MEXICO,2026-09-28
MUNICIPALITY,42000000-0000-0000-0000-000000002264,Tenampa,INFLUENZA,Influenza,SUSPECTED,1,2026-09-14 00:00:00,,ACTIVE,COVID19MEXICO,2026-09-28
MUNICIPALITY,42000000-0000-0000-0000-000000000758,Tenancingo,COVID-19,COVID-19,SUSPECTED,26,2026-08-18 00:00:00,,ACTIVE,COVID19MEXICO,2026-09-28
MUNICIPALITY,42000000-0000-0000-0000-000000002069,Tenancingo,COVID-19,COVID-19,SUSPECTED,1,2026-08-28 00:00:00,,ACTIVE,COVID19MEXICO,2026-09-28
MUNICIPALITY,42000000-0000-0000-0000-000000000758,Tenancingo,INFLUENZA,Influenza,SUSPECTED,26,2026-08-18 00:00:00,,ACTIVE,COVID19MEXICO,2026-09-28
MUNICIPALITY,42000000-0000-0000-0000-000000002069,Tenancingo,INFLUENZA,Influenza,SUSPECTED,1,2026-08-28 00:00:00,,ACTIVE,COVID19MEXICO,2026-09-28
MUNICIPALITY,42000000-0000-0000-0000-000000000758,Tenancingo,MEASLES,Measles,CONFIRMED,1,2026-08-20 00:00:00,,ACTIVE,EFES_ABIERTO,2026-09-21
MUNICIPALITY,42000000-0000-0000-0000-000000000758,Tenancingo,MEASLES,Measles,SUSPECTED,2,2026-09-21 00:00:00,,ACTIVE,EFES_ABIERTO,2026-09-21
MUNICIPALITY,42000000-0000-0000-0000-000000000758,Tenancingo,RUBELLA,Rubella,SUSPECTED,2,2026-09-21 00:00:00,,ACTIVE,EFES_ABIERTO,2026-09-21
MUNICIPALITY,42000000-0000-0000-0000-000000000521,Tenango de Doria,COVID-19,COVID-19,SUSPECTED,2,2026-08-17 00:00:00,,ACTIVE,COVID19MEXICO,2026-09-28
MUNICIPALITY,42000000-0000-0000-0000-000000000521,Tenango de Doria,INFLUENZA,Influenza,SUSPECTED,2,2026-08-17 00:00:00,,ACTIVE,COVID19MEXICO,2026-09-28
MUNICIPALITY,42000000-0000-0000-0000-000000000760,Tenango del Valle,COVID-19,COVID-19,SUSPECTED,6,2026-08-04 00:00:00,,ACTIVE,COVID19MEXICO,2026-09-28
MUNICIPALITY,42000000-0000-0000-0000-000000000760,Tenango del Valle,INFLUENZA,Influenza,SUSPECTED,6,2026-08-04 00:00:00,,ACTIVE,COVID19MEXICO,2026-09-28
MUNICIPALITY,42000000-0000-0000-0000-000000000760,Tenango del Valle,MEASLES,Measles,SUSPECTED,3,2026-09-21 00:00:00,,ACTIVE,EFES_ABIERTO,2026-09-21
MUNICIPALITY,42000000-0000-0000-0000-000000000760,Tenango del Valle,RUBELLA,Rubella,SUSPECTED,3,2026-09-21 00:00:00,,ACTIVE,EFES_ABIERTO,2026-09-21
MUNICIPALITY,42000000-0000-0000-0000-000000001999,Tenosique,MEASLES,Measles,SUSPECTED,3,2026-09-21 00:00:00,,ACTIVE,EFES_ABIERTO,2026-09-21
MUNICIPALITY,42000000-0000-0000-0000-000000001999,Tenosique,RUBELLA,Rubella,SUSPECTED,3,2026-09-21 00:00:00,,ACTIVE,EFES_ABIERTO,2026-09-21
MUNICIPALITY,42000000-0000-0000-0000-000000002070,Teolocholco,COVID-19,COVID-19,CONFIRMED,2,2026-08-07 00:00:00,,ACTIVE,COVID19MEXICO,2026-09-28
MUNICIPALITY,42000000-0000-0000-0000-000000002070,Teolocholco,COVID-19,COVID-19,SUSPECTED,1,2026-09-24 00:00:00,,ACTIVE,COVID19MEXICO,2026-09-28
MUNICIPALITY,42000000-0000-0000-0000-000000002070,Teolocholco,INFLUENZA,Influenza,CONFIRMED,1,2026-08-11 00:00:00,,ACTIVE,COVID19MEXICO,2026-09-28
MUNICIPALITY,42000000-0000-0000-0000-000000002070,Teolocholco,INFLUENZA,Influenza,SUSPECTED,1,2026-09-24 00:00:00,,ACTIVE,COVID19MEXICO,2026-09-28
MUNICIPALITY,42000000-0000-0000-0000-000000002070,Teolocholco,MEASLES,Measles,SUSPECTED,1,2026-09-21 00:00:00,,ACTIVE,EFES_ABIERTO,2026-09-21
MUNICIPALITY,42000000-0000-0000-0000-000000002070,Teolocholco,RUBELLA,Rubella,SUSPECTED,1,2026-09-21 00:00:00,,ACTIVE,EFES_ABIERTO,2026-09-21
MUNICIPALITY,42000000-0000-0000-0000-000000000761,Teoloyucan,COVID-19,COVID-19,SUSPECTED,1,2026-09-03 00:00:00,,ACTIVE,COVID19MEXICO,2026-09-28
MUNICIPALITY,42000000-0000-0000-0000-000000000761,Teoloyucan,INFLUENZA,Influenza,SUSPECTED,1,2026-09-03 00:00:00,,ACTIVE,COVID19MEXICO,2026-09-28
MUNICIPALITY,42000000-0000-0000-0000-000000000761,Teoloyucan,MEASLES,Measles,SUSPECTED,1,2026-09-21 00:00:00,,ACTIVE,EFES_ABIERTO,2026-09-21
MUNICIPALITY,42000000-0000-0000-0000-000000000761,Teoloyucan,RUBELLA,Rubella,SUSPECTED,1,2026-09-21 00:00:00,,ACTIVE,EFES_ABIERTO,2026-09-21
MUNICIPALITY,42000000-0000-0000-0000-000000001562,Teotongo,COVID-19,COVID-19,SUSPECTED,1,2026-09-07 00:00:00,,ACTIVE,COVID19MEXICO,2026-09-28
MUNICIPALITY,42000000-0000-0000-0000-000000001562,Teotongo,INFLUENZA,Influenza,SUSPECTED,1,2026-09-07 00:00:00,,ACTIVE,COVID19MEXICO,2026-09-28
MUNICIPALITY,42000000-0000-0000-0000-000000000638,Tepatitlan de Morelos,COVID-19,COVID-19,CONFIRMED,1,2026-09-16 00:00:00,,ACTIVE,COVID19MEXICO,2026-09-28
MUNICIPALITY,42000000-0000-0000-0000-000000001749,Tepeaca,COVID-19,COVID-19,SUSPECTED,1,2026-09-10 00:00:00,,ACTIVE,COVID19MEXICO,2026-09-28
MUNICIPALITY,42000000-0000-0000-0000-000000001749,Tepeaca,INFLUENZA,Influenza,SUSPECTED,1,2026-09-10 00:00:00,,ACTIVE,COVID19MEXICO,2026-09-28
MUNICIPALITY,42000000-0000-0000-0000-000000001749,Tepeaca,MEASLES,Measles,CONFIRMED,1,2026-08-24 00:00:00,,ACTIVE,EFES_ABIERTO,2026-09-21
MUNICIPALITY,42000000-0000-0000-0000-000000000522,Tepeapulco,COVID-19,COVID-19,SUSPECTED,4,2026-08-05 00:00:00,,ACTIVE,COVID19MEXICO,2026-09-28
MUNICIPALITY,42000000-0000-0000-0000-000000000522,Tepeapulco,INFLUENZA,Influenza,SUSPECTED,4,2026-08-05 00:00:00,,ACTIVE,COVID19MEXICO,2026-09-28
MUNICIPALITY,42000000-0000-0000-0000-000000000523,Tepehuacan de Guerrero,COVID-19,COVID-19,CONFIRMED,2,2026-08-07 00:00:00,,ACTIVE,COVID19MEXICO,2026-09-28
MUNICIPALITY,42000000-0000-0000-0000-000000000523,Tepehuacan de Guerrero,COVID-19,COVID-19,SUSPECTED,1,2026-08-05 00:00:00,,ACTIVE,COVID19MEXICO,2026-09-28
MUNICIPALITY,42000000-0000-0000-0000-000000000523,Tepehuacan de Guerrero,INFLUENZA,Influenza,SUSPECTED,1,2026-08-05 00:00:00,,ACTIVE,COVID19MEXICO,2026-09-28
MUNICIPALITY,42000000-0000-0000-0000-000000000524,Tepeji del Rio de Ocampo,COVID-19,COVID-19,CONFIRMED,6,2026-08-09 00:00:00,,ACTIVE,COVID19MEXICO,2026-09-28
MUNICIPALITY,42000000-0000-0000-0000-000000000524,Tepeji del Rio de Ocampo,COVID-19,COVID-19,SUSPECTED,1,2026-09-23 00:00:00,,ACTIVE,COVID19MEXICO,2026-09-28
MUNICIPALITY,42000000-0000-0000-0000-000000000524,Tepeji del Rio de Ocampo,INFLUENZA,Influenza,SUSPECTED,1,2026-09-23 00:00:00,,ACTIVE,COVID19MEXICO,2026-09-28
MUNICIPALITY,42000000-0000-0000-0000-000000001563,Tepelmeme Villa de Morelos,COVID-19,COVID-19,SUSPECTED,1,2026-08-12 00:00:00,,ACTIVE,COVID19MEXICO,2026-09-28
MUNICIPALITY,42000000-0000-0000-0000-000000001563,Tepelmeme Villa de Morelos,INFLUENZA,Influenza,SUSPECTED,1,2026-08-12 00:00:00,,ACTIVE,COVID19MEXICO,2026-09-28
MUNICIPALITY,42000000-0000-0000-0000-000000002061,Tepetitla de Lardizabal,COVID-19,COVID-19,CONFIRMED,1,2026-08-03 00:00:00,,ACTIVE,COVID19MEXICO,2026-09-28
MUNICIPALITY,42000000-0000-0000-0000-000000002061,Tepetitla de Lardizabal,COVID-19,COVID-19,SUSPECTED,19,2026-08-03 00:00:00,,ACTIVE,COVID19MEXICO,2026-09-28
MUNICIPALITY,42000000-0000-0000-0000-000000002061,Tepetitla de Lardizabal,INFLUENZA,Influenza,SUSPECTED,19,2026-08-03 00:00:00,,ACTIVE,COVID19MEXICO,2026-09-28
MUNICIPALITY,42000000-0000-0000-0000-000000000525,Tepetitlan,COVID-19,COVID-19,SUSPECTED,5,2026-08-11 00:00:00,,ACTIVE,COVID19MEXICO,2026-09-28
MUNICIPALITY,42000000-0000-0000-0000-000000000525,Tepetitlan,INFLUENZA,Influenza,SUSPECTED,5,2026-08-11 00:00:00,,ACTIVE,COVID19MEXICO,2026-09-28
MUNICIPALITY,42000000-0000-0000-0000-000000002268,Tepetlan,MEASLES,Measles,SUSPECTED,1,2026-09-21 00:00:00,,ACTIVE,EFES_ABIERTO,2026-09-21
MUNICIPALITY,42000000-0000-0000-0000-000000002268,Tepetlan,RUBELLA,Rubella,SUSPECTED,1,2026-09-21 00:00:00,,ACTIVE,EFES_ABIERTO,2026-09-21
MUNICIPALITY,42000000-0000-0000-0000-000000001754,Tepexi de Rodriguez,COVID-19,COVID-19,SUSPECTED,3,2026-08-01 00:00:00,,ACTIVE,COVID19MEXICO,2026-09-28
MUNICIPALITY,42000000-0000-0000-0000-000000001754,Tepexi de Rodriguez,INFLUENZA,Influenza,SUSPECTED,3,2026-08-01 00:00:00,,ACTIVE,COVID19MEXICO,2026-09-28
MUNICIPALITY,42000000-0000-0000-0000-000000001755,Tepeyahualco,COVID-19,COVID-19,CONFIRMED,1,2026-08-08 00:00:00,,ACTIVE,COVID19MEXICO,2026-09-28
MUNICIPALITY,42000000-0000-0000-0000-000000001755,Tepeyahualco,COVID-19,COVID-19,SUSPECTED,2,2026-08-09 00:00:00,,ACTIVE,COVID19MEXICO,2026-09-28
MUNICIPALITY,42000000-0000-0000-0000-000000001755,Tepeyahualco,INFLUENZA,Influenza,SUSPECTED,2,2026-08-09 00:00:00,,ACTIVE,COVID19MEXICO,2026-09-28
MUNICIPALITY,42000000-0000-0000-0000-000000002071,Tepeyanco,COVID-19,COVID-19,SUSPECTED,3,2026-08-14 00:00:00,,ACTIVE,COVID19MEXICO,2026-09-28
MUNICIPALITY,42000000-0000-0000-0000-000000002071,Tepeyanco,INFLUENZA,Influenza,SUSPECTED,3,2026-08-14 00:00:00,,ACTIVE,COVID19MEXICO,2026-09-28
MUNICIPALITY,42000000-0000-0000-0000-000000000009,Tepezala,COVID-19,COVID-19,SUSPECTED,5,2026-08-25 00:00:00,,ACTIVE,COVID19MEXICO,2026-09-28
MUNICIPALITY,42000000-0000-0000-0000-000000000009,Tepezala,INFLUENZA,Influenza,SUSPECTED,5,2026-08-25 00:00:00,,ACTIVE,COVID19MEXICO,2026-09-28
MUNICIPALITY,42000000-0000-0000-0000-000000000009,Tepezala,MEASLES,Measles,SUSPECTED,1,2026-09-21 00:00:00,,ACTIVE,EFES_ABIERTO,2026-09-21
MUNICIPALITY,42000000-0000-0000-0000-000000000009,Tepezala,RUBELLA,Rubella,SUSPECTED,1,2026-09-21 00:00:00,,ACTIVE,EFES_ABIERTO,2026-09-21
MUNICIPALITY,42000000-0000-0000-0000-000000000961,Tepic,COVID-19,COVID-19,SUSPECTED,107,2026-08-01 00:00:00,,ACTIVE,COVID19MEXICO,2026-09-28
MUNICIPALITY,42000000-0000-0000-0000-000000000961,Tepic,INFLUENZA,Influenza,CONFIRMED,6,2026-08-02 00:00:00,,ACTIVE,COVID19MEXICO,2026-09-28
MUNICIPALITY,42000000-0000-0000-0000-000000000961,Tepic,INFLUENZA,Influenza,SUSPECTED,107,2026-08-01 00:00:00,,ACTIVE,COVID19MEXICO,2026-09-28
MUNICIPALITY,42000000-0000-0000-0000-000000000961,Tepic,MEASLES,Measles,SUSPECTED,2,2026-09-21 00:00:00,,ACTIVE,EFES_ABIERTO,2026-09-21
MUNICIPALITY,42000000-0000-0000-0000-000000000961,Tepic,RUBELLA,Rubella,SUSPECTED,2,2026-09-21 00:00:00,,ACTIVE,EFES_ABIERTO,2026-09-21
MUNICIPALITY,42000000-0000-0000-0000-000000000765,Tepotzotlan,MEASLES,Measles,SUSPECTED,1,2026-09-21 00:00:00,,ACTIVE,EFES_ABIERTO,2026-09-21
MUNICIPALITY,42000000-0000-0000-0000-000000000765,Tepotzotlan,RUBELLA,Rubella,SUSPECTED,1,2026-09-21 00:00:00,,ACTIVE,EFES_ABIERTO,2026-09-21
MUNICIPALITY,42000000-0000-0000-0000-000000000928,Tepoztlan,COVID-19,COVID-19,CONFIRMED,1,2026-08-16 00:00:00,,ACTIVE,COVID19MEXICO,2026-09-28
MUNICIPALITY,42000000-0000-0000-0000-000000000928,Tepoztlan,MEASLES,Measles,SUSPECTED,1,2026-09-21 00:00:00,,ACTIVE,EFES_ABIERTO,2026-09-21
MUNICIPALITY,42000000-0000-0000-0000-000000000928,Tepoztlan,RUBELLA,Rubella,SUSPECTED,1,2026-09-21 00:00:00,,ACTIVE,EFES_ABIERTO,2026-09-21
MUNICIPALITY,42000000-0000-0000-0000-000000001819,Tequisquiapan,COVID-19,COVID-19,CONFIRMED,2,2026-08-22 00:00:00,,ACTIVE,COVID19MEXICO,2026-09-28
MUNICIPALITY,42000000-0000-0000-0000-000000001819,Tequisquiapan,MEASLES,Measles,SUSPECTED,1,2026-09-21 00:00:00,,ACTIVE,EFES_ABIERTO,2026-09-21
MUNICIPALITY,42000000-0000-0000-0000-000000001819,Tequisquiapan,RUBELLA,Rubella,SUSPECTED,1,2026-09-21 00:00:00,,ACTIVE,EFES_ABIERTO,2026-09-21
MUNICIPALITY,42000000-0000-0000-0000-000000000929,Tetecala,COVID-19,COVID-19,CONFIRMED,1,2026-08-03 00:00:00,,ACTIVE,COVID19MEXICO,2026-09-28
MUNICIPALITY,42000000-0000-0000-0000-000000001757,Tetela de Ocampo,COVID-19,COVID-19,SUSPECTED,1,2026-09-21 00:00:00,,ACTIVE,COVID19MEXICO,2026-09-28
MUNICIPALITY,42000000-0000-0000-0000-000000001757,Tetela de Ocampo,INFLUENZA,Influenza,SUSPECTED,1,2026-09-21 00:00:00,,ACTIVE,COVID19MEXICO,2026-09-28
MUNICIPALITY,42000000-0000-0000-0000-000000000526,Tetepango,INFLUENZA,Influenza,CONFIRMED,1,2026-09-21 00:00:00,,ACTIVE,COVID19MEXICO,2026-09-28
MUNICIPALITY,42000000-0000-0000-0000-000000000436,Tetipac,COVID-19,COVID-19,SUSPECTED,1,2026-08-04 00:00:00,,ACTIVE,COVID19MEXICO,2026-09-28
MUNICIPALITY,42000000-0000-0000-0000-000000000436,Tetipac,INFLUENZA,Influenza,SUSPECTED,1,2026-08-04 00:00:00,,ACTIVE,COVID19MEXICO,2026-09-28
MUNICIPALITY,42000000-0000-0000-0000-000000002073,Tetla de la Solidaridad,COVID-19,COVID-19,SUSPECTED,2,2026-08-17 00:00:00,,ACTIVE,COVID19MEXICO,2026-09-28
MUNICIPALITY,42000000-0000-0000-0000-000000002073,Tetla de la Solidaridad,INFLUENZA,Influenza,SUSPECTED,2,2026-08-17 00:00:00,,ACTIVE,COVID19MEXICO,2026-09-28
MUNICIPALITY,42000000-0000-0000-0000-000000002073,Tetla de la Solidaridad,MEASLES,Measles,SUSPECTED,1,2026-09-21 00:00:00,,ACTIVE,EFES_ABIERTO,2026-09-21
MUNICIPALITY,42000000-0000-0000-0000-000000002073,Tetla de la Solidaridad,RUBELLA,Rubella,SUSPECTED,1,2026-09-21 00:00:00,,ACTIVE,EFES_ABIERTO,2026-09-21
MUNICIPALITY,42000000-0000-0000-0000-000000002074,Tetlatlahuca,COVID-19,COVID-19,SUSPECTED,10,2026-08-02 00:00:00,,ACTIVE,COVID19MEXICO,2026-09-28
MUNICIPALITY,42000000-0000-0000-0000-000000002074,Tetlatlahuca,INFLUENZA,Influenza,SUSPECTED,10,2026-08-02 00:00:00,,ACTIVE,COVID19MEXICO,2026-09-28
MUNICIPALITY,42000000-0000-0000-0000-000000000640,Teuchitlan,MEASLES,Measles,SUSPECTED,1,2026-09-21 00:00:00,,ACTIVE,EFES_ABIERTO,2026-09-21
MUNICIPALITY,42000000-0000-0000-0000-000000000640,Teuchitlan,RUBELLA,Rubella,SUSPECTED,1,2026-09-21 00:00:00,,ACTIVE,EFES_ABIERTO,2026-09-21
MUNICIPALITY,42000000-0000-0000-0000-000000000767,Texcaltitlan,COVID-19,COVID-19,SUSPECTED,1,2026-09-09 00:00:00,,ACTIVE,COVID19MEXICO,2026-09-28
MUNICIPALITY,42000000-0000-0000-0000-000000000767,Texcaltitlan,INFLUENZA,Influenza,SUSPECTED,1,2026-09-09 00:00:00,,ACTIVE,COVID19MEXICO,2026-09-28
MUNICIPALITY,42000000-0000-0000-0000-000000000769,Texcoco,COVID-19,COVID-19,CONFIRMED,1,2026-08-03 00:00:00,,ACTIVE,COVID19MEXICO,2026-09-28
MUNICIPALITY,42000000-0000-0000-0000-000000000769,Texcoco,COVID-19,COVID-19,SUSPECTED,5,2026-09-09 00:00:00,,ACTIVE,COVID19MEXICO,2026-09-28
MUNICIPALITY,42000000-0000-0000-0000-000000000769,Texcoco,INFLUENZA,Influenza,SUSPECTED,5,2026-09-09 00:00:00,,ACTIVE,COVID19MEXICO,2026-09-28
MUNICIPALITY,42000000-0000-0000-0000-000000000769,Texcoco,MEASLES,Measles,SUSPECTED,4,2026-09-21 00:00:00,,ACTIVE,EFES_ABIERTO,2026-09-21
MUNICIPALITY,42000000-0000-0000-0000-000000000769,Texcoco,RUBELLA,Rubella,SUSPECTED,4,2026-09-21 00:00:00,,ACTIVE,EFES_ABIERTO,2026-09-21
MUNICIPALITY,42000000-0000-0000-0000-000000001759,Teziutlan,COVID-19,COVID-19,CONFIRMED,4,2026-08-01 00:00:00,,ACTIVE,COVID19MEXICO,2026-09-28
MUNICIPALITY,42000000-0000-0000-0000-000000001759,Teziutlan,COVID-19,COVID-19,SUSPECTED,53,2026-08-02 00:00:00,,ACTIVE,COVID19MEXICO,2026-09-28
MUNICIPALITY,42000000-0000-0000-0000-000000001759,Teziutlan,INFLUENZA,Influenza,CONFIRMED,1,2026-08-30 00:00:00,,ACTIVE,COVID19MEXICO,2026-09-28
MUNICIPALITY,42000000-0000-0000-0000-000000001759,Teziutlan,INFLUENZA,Influenza,SUSPECTED,53,2026-08-02 00:00:00,,ACTIVE,COVID19MEXICO,2026-09-28
MUNICIPALITY,42000000-0000-0000-0000-000000002275,Tezonapa,MEASLES,Measles,SUSPECTED,1,2026-09-21 00:00:00,,ACTIVE,EFES_ABIERTO,2026-09-21
MUNICIPALITY,42000000-0000-0000-0000-000000002275,Tezonapa,RUBELLA,Rubella,SUSPECTED,1,2026-09-21 00:00:00,,ACTIVE,EFES_ABIERTO,2026-09-21
MUNICIPALITY,42000000-0000-0000-0000-000000000528,Tezontepec de Aldama,COVID-19,COVID-19,CONFIRMED,2,2026-08-05 00:00:00,,ACTIVE,COVID19MEXICO,2026-09-28
MUNICIPALITY,42000000-0000-0000-0000-000000000528,Tezontepec de Aldama,COVID-19,COVID-19,SUSPECTED,1,2026-09-20 00:00:00,,ACTIVE,COVID19MEXICO,2026-09-28
MUNICIPALITY,42000000-0000-0000-0000-000000000528,Tezontepec de Aldama,INFLUENZA,Influenza,SUSPECTED,1,2026-09-20 00:00:00,,ACTIVE,COVID19MEXICO,2026-09-28
MUNICIPALITY,42000000-0000-0000-0000-000000000770,Tezoyuca,MEASLES,Measles,SUSPECTED,1,2026-09-21 00:00:00,,ACTIVE,EFES_ABIERTO,2026-09-21
MUNICIPALITY,42000000-0000-0000-0000-000000000770,Tezoyuca,RUBELLA,Rubella,SUSPECTED,1,2026-09-21 00:00:00,,ACTIVE,EFES_ABIERTO,2026-09-21
MUNICIPALITY,42000000-0000-0000-0000-000000000771,Tianguistenco,COVID-19,COVID-19,SUSPECTED,3,2026-08-09 00:00:00,,ACTIVE,COVID19MEXICO,2026-09-28
MUNICIPALITY,42000000-0000-0000-0000-000000000771,Tianguistenco,INFLUENZA,Influenza,SUSPECTED,3,2026-08-09 00:00:00,,ACTIVE,COVID19MEXICO,2026-09-28
MUNICIPALITY,42000000-0000-0000-0000-000000002403,Ticul,COVID-19,COVID-19,SUSPECTED,71,2026-08-04 00:00:00,,ACTIVE,COVID19MEXICO,2026-09-28
MUNICIPALITY,42000000-0000-0000-0000-000000002403,Ticul,INFLUENZA,Influenza,CONFIRMED,4,2026-08-10 00:00:00,,ACTIVE,COVID19MEXICO,2026-09-28
MUNICIPALITY,42000000-0000-0000-0000-000000002403,Ticul,INFLUENZA,Influenza,SUSPECTED,71,2026-08-04 00:00:00,,ACTIVE,COVID19MEXICO,2026-09-28
MUNICIPALITY,42000000-0000-0000-0000-000000002276,Tierra Blanca,COVID-19,COVID-19,SUSPECTED,3,2026-08-12 00:00:00,,ACTIVE,COVID19MEXICO,2026-09-28
MUNICIPALITY,42000000-0000-0000-0000-000000002276,Tierra Blanca,INFLUENZA,Influenza,SUSPECTED,3,2026-08-12 00:00:00,,ACTIVE,COVID19MEXICO,2026-09-28
MUNICIPALITY,42000000-0000-0000-0000-000000002277,Tihuatlan,COVID-19,COVID-19,SUSPECTED,11,2026-08-03 00:00:00,,ACTIVE,COVID19MEXICO,2026-09-28
MUNICIPALITY,42000000-0000-0000-0000-000000002277,Tihuatlan,DENGUE,Dengue fever,SUSPECTED,1,2026-08-09 00:00:00,,ACTIVE,DENGUE_ABIERTO,2026-09-14
MUNICIPALITY,42000000-0000-0000-0000-000000002277,Tihuatlan,INFLUENZA,Influenza,CONFIRMED,1,2026-09-21 00:00:00,,ACTIVE,COVID19MEXICO,2026-09-28
MUNICIPALITY,42000000-0000-0000-0000-000000002277,Tihuatlan,INFLUENZA,Influenza,SUSPECTED,11,2026-08-03 00:00:00,,ACTIVE,COVID19MEXICO,2026-09-28
MUNICIPALITY,42000000-0000-0000-0000-000000000015,Tijuana,COVID-19,COVID-19,CONFIRMED,2,2026-08-27 00:00:00,,ACTIVE,COVID19MEXICO,2026-09-28
MUNICIPALITY,42000000-0000-0000-0000-000000000015,Tijuana,COVID-19,COVID-19,SUSPECTED,4,2026-08-02 00:00:00,,ACTIVE,COVID19MEXICO,2026-09-28
MUNICIPALITY,42000000-0000-0000-0000-000000000015,Tijuana,INFLUENZA,Influenza,SUSPECTED,4,2026-08-02 00:00:00,,ACTIVE,COVID19MEXICO,2026-09-28
MUNICIPALITY,42000000-0000-0000-0000-000000000015,Tijuana,MEASLES,Measles,SUSPECTED,48,2026-09-21 00:00:00,,ACTIVE,EFES_ABIERTO,2026-09-21
MUNICIPALITY,42000000-0000-0000-0000-000000000015,Tijuana,RUBELLA,Rubella,SUSPECTED,48,2026-09-21 00:00:00,,ACTIVE,EFES_ABIERTO,2026-09-21
MUNICIPALITY,42000000-0000-0000-0000-000000000179,Tila,MEASLES,Measles,CONFIRMED,1,2026-09-05 00:00:00,,ACTIVE,EFES_ABIERTO,2026-09-21
MUNICIPALITY,42000000-0000-0000-0000-000000000179,Tila,MEASLES,Measles,SUSPECTED,1,2026-09-21 00:00:00,,ACTIVE,EFES_ABIERTO,2026-09-21
MUNICIPALITY,42000000-0000-0000-0000-000000000179,Tila,RUBELLA,Rubella,SUSPECTED,1,2026-09-21 00:00:00,,ACTIVE,EFES_ABIERTO,2026-09-21
MUNICIPALITY,42000000-0000-0000-0000-000000001761,Tilapa,COVID-19,COVID-19,SUSPECTED,1,2026-09-01 00:00:00,,ACTIVE,COVID19MEXICO,2026-09-28
MUNICIPALITY,42000000-0000-0000-0000-000000001761,Tilapa,INFLUENZA,Influenza,SUSPECTED,1,2026-09-01 00:00:00,,ACTIVE,COVID19MEXICO,2026-09-28
MUNICIPALITY,42000000-0000-0000-0000-000000000772,Timilpan,COVID-19,COVID-19,SUSPECTED,1,2026-08-22 00:00:00,,ACTIVE,COVID19MEXICO,2026-09-28
MUNICIPALITY,42000000-0000-0000-0000-000000000772,Timilpan,INFLUENZA,Influenza,SUSPECTED,1,2026-08-22 00:00:00,,ACTIVE,COVID19MEXICO,2026-09-28
MUNICIPALITY,42000000-0000-0000-0000-000000002404,Timucuy,COVID-19,COVID-19,SUSPECTED,2,2026-09-19 00:00:00,,ACTIVE,COVID19MEXICO,2026-09-28
MUNICIPALITY,42000000-0000-0000-0000-000000002404,Timucuy,INFLUENZA,Influenza,SUSPECTED,2,2026-09-19 00:00:00,,ACTIVE,COVID19MEXICO,2026-09-28
MUNICIPALITY,42000000-0000-0000-0000-000000002405,Tinum,COVID-19,COVID-19,CONFIRMED,1,2026-08-13 00:00:00,,ACTIVE,COVID19MEXICO,2026-09-28
MUNICIPALITY,42000000-0000-0000-0000-000000002405,Tinum,COVID-19,COVID-19,SUSPECTED,9,2026-08-06 00:00:00,,ACTIVE,COVID19MEXICO,2026-09-28
MUNICIPALITY,42000000-0000-0000-0000-000000002405,Tinum,INFLUENZA,Influenza,CONFIRMED,1,2026-09-22 00:00:00,,ACTIVE,COVID19MEXICO,2026-09-28
MUNICIPALITY,42000000-0000-0000-0000-000000002405,Tinum,INFLUENZA,Influenza,SUSPECTED,9,2026-08-06 00:00:00,,ACTIVE,COVID19MEXICO,2026-09-28
MUNICIPALITY,42000000-0000-0000-0000-000000002406,Tixcacalcupul,COVID-19,COVID-19,CONFIRMED,1,2026-08-31 00:00:00,,ACTIVE,COVID19MEXICO,2026-09-28
MUNICIPALITY,42000000-0000-0000-0000-000000002407,Tixkokob,COVID-19,COVID-19,SUSPECTED,1,2026-09-09 00:00:00,,ACTIVE,COVID19MEXICO,2026-09-28
MUNICIPALITY,42000000-0000-0000-0000-000000002407,Tixkokob,INFLUENZA,Influenza,SUSPECTED,1,2026-09-09 00:00:00,,ACTIVE,COVID19MEXICO,2026-09-28
MUNICIPALITY,42000000-0000-0000-0000-000000002407,Tixkokob,MEASLES,Measles,SUSPECTED,1,2026-09-21 00:00:00,,ACTIVE,EFES_ABIERTO,2026-09-21
MUNICIPALITY,42000000-0000-0000-0000-000000002407,Tixkokob,RUBELLA,Rubella,SUSPECTED,1,2026-09-21 00:00:00,,ACTIVE,EFES_ABIERTO,2026-09-21
MUNICIPALITY,42000000-0000-0000-0000-000000002408,Tixmehuac,COVID-19,COVID-19,SUSPECTED,1,2026-09-18 00:00:00,,ACTIVE,COVID19MEXICO,2026-09-28
MUNICIPALITY,42000000-0000-0000-0000-000000002408,Tixmehuac,INFLUENZA,Influenza,SUSPECTED,1,2026-09-18 00:00:00,,ACTIVE,COVID19MEXICO,2026-09-28
MUNICIPALITY,42000000-0000-0000-0000-000000000530,Tizayuca,COVID-19,COVID-19,CONFIRMED,2,2026-08-20 00:00:00,,ACTIVE,COVID19MEXICO,2026-09-28
MUNICIPALITY,42000000-0000-0000-0000-000000000530,Tizayuca,COVID-19,COVID-19,SUSPECTED,17,2026-08-08 00:00:00,,ACTIVE,COVID19MEXICO,2026-09-28
MUNICIPALITY,42000000-0000-0000-0000-000000000530,Tizayuca,INFLUENZA,Influenza,CONFIRMED,1,2026-08-28 00:00:00,,ACTIVE,COVID19MEXICO,2026-09-28
MUNICIPALITY,42000000-0000-0000-0000-000000000530,Tizayuca,INFLUENZA,Influenza,SUSPECTED,17,2026-08-08 00:00:00,,ACTIVE,COVID19MEXICO,2026-09-28
MUNICIPALITY,42000000-0000-0000-0000-000000002410,Tizimin,COVID-19,COVID-19,CONFIRMED,2,2026-08-06 00:00:00,,ACTIVE,COVID19MEXICO,2026-09-28
MUNICIPALITY,42000000-0000-0000-0000-000000002410,Tizimin,COVID-19,COVID-19,SUSPECTED,255,2026-08-03 00:00:00,,ACTIVE,COVID19MEXICO,2026-09-28
MUNICIPALITY,42000000-0000-0000-0000-000000002410,Tizimin,INFLUENZA,Influenza,CONFIRMED,19,2026-08-02 00:00:00,,ACTIVE,COVID19MEXICO,2026-09-28
MUNICIPALITY,42000000-0000-0000-0000-000000002410,Tizimin,INFLUENZA,Influenza,SUSPECTED,255,2026-08-03 00:00:00,,ACTIVE,COVID19MEXICO,2026-09-28
MUNICIPALITY,42000000-0000-0000-0000-000000001764,Tlachichuca,COVID-19,COVID-19,SUSPECTED,1,2026-09-12 00:00:00,,ACTIVE,COVID19MEXICO,2026-09-28
MUNICIPALITY,42000000-0000-0000-0000-000000001764,Tlachichuca,INFLUENZA,Influenza,SUSPECTED,1,2026-09-12 00:00:00,,ACTIVE,COVID19MEXICO,2026-09-28
MUNICIPALITY,42000000-0000-0000-0000-000000000439,Tlacoapa,COVID-19,COVID-19,SUSPECTED,1,2026-08-28 00:00:00,,ACTIVE,COVID19MEXICO,2026-09-28
MUNICIPALITY,42000000-0000-0000-0000-000000000439,Tlacoapa,INFLUENZA,Influenza,SUSPECTED,1,2026-08-28 00:00:00,,ACTIVE,COVID19MEXICO,2026-09-28
MUNICIPALITY,42000000-0000-0000-0000-000000002278,Tlacojalpan,MEASLES,Measles,SUSPECTED,1,2026-09-21 00:00:00,,ACTIVE,EFES_ABIERTO,2026-09-21
MUNICIPALITY,42000000-0000-0000-0000-000000002278,Tlacojalpan,RUBELLA,Rubella,SUSPECTED,1,2026-09-21 00:00:00,,ACTIVE,EFES_ABIERTO,2026-09-21
MUNICIPALITY,42000000-0000-0000-0000-000000001566,Tlacolula de Matamoros,MEASLES,Measles,SUSPECTED,1,2026-09-21 00:00:00,,ACTIVE,EFES_ABIERTO,2026-09-21
MUNICIPALITY,42000000-0000-0000-0000-000000001566,Tlacolula de Matamoros,RUBELLA,Rubella,SUSPECTED,1,2026-09-21 00:00:00,,ACTIVE,EFES_ABIERTO,2026-09-21
MUNICIPALITY,42000000-0000-0000-0000-000000000285,Tlahuac,COVID-19,COVID-19,CONFIRMED,6,2026-08-01 00:00:00,,ACTIVE,COVID19MEXICO,2026-09-28
MUNICIPALITY,42000000-0000-0000-0000-000000000285,Tlahuac,COVID-19,COVID-19,SUSPECTED,12,2026-08-23 00:00:00,,ACTIVE,COVID19MEXICO,2026-09-28
MUNICIPALITY,42000000-0000-0000-0000-000000000285,Tlahuac,INFLUENZA,Influenza,CONFIRMED,3,2026-08-10 00:00:00,,ACTIVE,COVID19MEXICO,2026-09-28
MUNICIPALITY,42000000-0000-0000-0000-000000000285,Tlahuac,INFLUENZA,Influenza,SUSPECTED,12,2026-08-23 00:00:00,,ACTIVE,COVID19MEXICO,2026-09-28
MUNICIPALITY,42000000-0000-0000-0000-000000000285,Tlahuac,MEASLES,Measles,SUSPECTED,1,2026-09-21 00:00:00,,ACTIVE,EFES_ABIERTO,2026-09-21
MUNICIPALITY,42000000-0000-0000-0000-000000000285,Tlahuac,RUBELLA,Rubella,SUSPECTED,1,2026-09-21 00:00:00,,ACTIVE,EFES_ABIERTO,2026-09-21
MUNICIPALITY,42000000-0000-0000-0000-000000001765,Tlahuapan,COVID-19,COVID-19,SUSPECTED,1,2026-09-18 00:00:00,,ACTIVE,COVID19MEXICO,2026-09-28
MUNICIPALITY,42000000-0000-0000-0000-000000001765,Tlahuapan,INFLUENZA,Influenza,SUSPECTED,1,2026-09-18 00:00:00,,ACTIVE,COVID19MEXICO,2026-09-28
MUNICIPALITY,42000000-0000-0000-0000-000000000531,Tlahuelilpan,COVID-19,COVID-19,SUSPECTED,1,2026-09-24 00:00:00,,ACTIVE,COVID19MEXICO,2026-09-28
MUNICIPALITY,42000000-0000-0000-0000-000000000531,Tlahuelilpan,INFLUENZA,Influenza,SUSPECTED,1,2026-09-24 00:00:00,,ACTIVE,COVID19MEXICO,2026-09-28
MUNICIPALITY,42000000-0000-0000-0000-000000000642,Tlajomulco de Zuniga,COVID-19,COVID-19,CONFIRMED,1,2026-08-17 00:00:00,,ACTIVE,COVID19MEXICO,2026-09-28
MUNICIPALITY,42000000-0000-0000-0000-000000000642,Tlajomulco de Zuniga,COVID-19,COVID-19,SUSPECTED,12,2026-08-08 00:00:00,,ACTIVE,COVID19MEXICO,2026-09-28
MUNICIPALITY,42000000-0000-0000-0000-000000000642,Tlajomulco de Zuniga,INFLUENZA,Influenza,SUSPECTED,12,2026-08-08 00:00:00,,ACTIVE,COVID19MEXICO,2026-09-28
MUNICIPALITY,42000000-0000-0000-0000-000000000642,Tlajomulco de Zuniga,MEASLES,Measles,CONFIRMED,6,2026-08-05 00:00:00,,ACTIVE,EFES_ABIERTO,2026-09-21
MUNICIPALITY,42000000-0000-0000-0000-000000000642,Tlajomulco de Zuniga,MEASLES,Measles,SUSPECTED,36,2026-09-21 00:00:00,,ACTIVE,EFES_ABIERTO,2026-09-21
MUNICIPALITY,42000000-0000-0000-0000-000000000642,Tlajomulco de Zuniga,RUBELLA,Rubella,SUSPECTED,36,2026-09-21 00:00:00,,ACTIVE,EFES_ABIERTO,2026-09-21
MUNICIPALITY,42000000-0000-0000-0000-000000002283,Tlalixcoyan,COVID-19,COVID-19,SUSPECTED,3,2026-08-01 00:00:00,,ACTIVE,COVID19MEXICO,2026-09-28
MUNICIPALITY,42000000-0000-0000-0000-000000002283,Tlalixcoyan,DENGUE,Dengue fever,SUSPECTED,1,2026-09-03 00:00:00,,ACTIVE,DENGUE_ABIERTO,2026-09-14
MUNICIPALITY,42000000-0000-0000-0000-000000002283,Tlalixcoyan,INFLUENZA,Influenza,SUSPECTED,3,2026-08-01 00:00:00,,ACTIVE,COVID19MEXICO,2026-09-28
MUNICIPALITY,42000000-0000-0000-0000-000000000773,Tlalmanalco,COVID-19,COVID-19,CONFIRMED,1,2026-08-05 00:00:00,,ACTIVE,COVID19MEXICO,2026-09-28
MUNICIPALITY,42000000-0000-0000-0000-000000000773,Tlalmanalco,INFLUENZA,Influenza,CONFIRMED,1,2026-09-20 00:00:00,,ACTIVE,COVID19MEXICO,2026-09-28
MUNICIPALITY,42000000-0000-0000-0000-000000000773,Tlalmanalco,MEASLES,Measles,SUSPECTED,2,2026-09-21 00:00:00,,ACTIVE,EFES_ABIERTO,2026-09-21
MUNICIPALITY,42000000-0000-0000-0000-000000000773,Tlalmanalco,RUBELLA,Rubella,SUSPECTED,2,2026-09-21 00:00:00,,ACTIVE,EFES_ABIERTO,2026-09-21
MUNICIPALITY,42000000-0000-0000-0000-000000002284,Tlalnelhuayocan,COVID-19,COVID-19,SUSPECTED,1,2026-08-01 00:00:00,,ACTIVE,COVID19MEXICO,2026-09-28
MUNICIPALITY,42000000-0000-0000-0000-000000002284,Tlalnelhuayocan,INFLUENZA,Influenza,SUSPECTED,1,2026-08-01 00:00:00,,ACTIVE,COVID19MEXICO,2026-09-28
MUNICIPALITY,42000000-0000-0000-0000-000000000774,Tlalnepantla de Baz,COVID-19,COVID-19,CONFIRMED,4,2026-08-14 00:00:00,,ACTIVE,COVID19MEXICO,2026-09-28
MUNICIPALITY,42000000-0000-0000-0000-000000000774,Tlalnepantla de Baz,COVID-19,COVID-19,SUSPECTED,38,2026-08-03 00:00:00,,ACTIVE,COVID19MEXICO,2026-09-28
MUNICIPALITY,42000000-0000-0000-0000-000000000774,Tlalnepantla de Baz,INFLUENZA,Influenza,CONFIRMED,1,2026-08-14 00:00:00,,ACTIVE,COVID19MEXICO,2026-09-28
MUNICIPALITY,42000000-0000-0000-0000-000000000774,Tlalnepantla de Baz,INFLUENZA,Influenza,SUSPECTED,38,2026-08-03 00:00:00,,ACTIVE,COVID19MEXICO,2026-09-28
MUNICIPALITY,42000000-0000-0000-0000-000000000774,Tlalnepantla de Baz,MEASLES,Measles,SUSPECTED,8,2026-09-21 00:00:00,,ACTIVE,EFES_ABIERTO,2026-09-21
MUNICIPALITY,42000000-0000-0000-0000-000000000774,Tlalnepantla de Baz,RUBELLA,Rubella,SUSPECTED,8,2026-09-21 00:00:00,,ACTIVE,EFES_ABIERTO,2026-09-21
MUNICIPALITY,42000000-0000-0000-0000-000000000286,Tlalpan,COVID-19,COVID-19,CONFIRMED,48,2026-08-01 00:00:00,,ACTIVE,COVID19MEXICO,2026-09-28
MUNICIPALITY,42000000-0000-0000-0000-000000000286,Tlalpan,COVID-19,COVID-19,SUSPECTED,172,2026-08-01 00:00:00,,ACTIVE,COVID19MEXICO,2026-09-28
MUNICIPALITY,42000000-0000-0000-0000-000000000286,Tlalpan,INFLUENZA,Influenza,CONFIRMED,9,2026-08-15 00:00:00,,ACTIVE,COVID19MEXICO,2026-09-28
MUNICIPALITY,42000000-0000-0000-0000-000000000286,Tlalpan,INFLUENZA,Influenza,SUSPECTED,172,2026-08-01 00:00:00,,ACTIVE,COVID19MEXICO,2026-09-28
MUNICIPALITY,42000000-0000-0000-0000-000000000286,Tlalpan,MEASLES,Measles,SUSPECTED,5,2026-09-21 00:00:00,,ACTIVE,EFES_ABIERTO,2026-09-21
MUNICIPALITY,42000000-0000-0000-0000-000000000286,Tlalpan,RUBELLA,Rubella,SUSPECTED,5,2026-09-21 00:00:00,,ACTIVE,EFES_ABIERTO,2026-09-21
MUNICIPALITY,42000000-0000-0000-0000-000000001766,Tlaltenango,COVID-19,COVID-19,CONFIRMED,1,2026-09-11 00:00:00,,ACTIVE,COVID19MEXICO,2026-09-28
MUNICIPALITY,42000000-0000-0000-0000-000000002468,Tlaltenango de Sanchez Roman,COVID-19,COVID-19,SUSPECTED,1,2026-09-04 00:00:00,,ACTIVE,COVID19MEXICO,2026-09-28
MUNICIPALITY,42000000-0000-0000-0000-000000002468,Tlaltenango de Sanchez Roman,INFLUENZA,Influenza,SUSPECTED,1,2026-09-04 00:00:00,,ACTIVE,COVID19MEXICO,2026-09-28
MUNICIPALITY,42000000-0000-0000-0000-000000002126,Tlaltetela,MEASLES,Measles,SUSPECTED,1,2026-09-21 00:00:00,,ACTIVE,EFES_ABIERTO,2026-09-21
MUNICIPALITY,42000000-0000-0000-0000-000000002126,Tlaltetela,RUBELLA,Rubella,SUSPECTED,1,2026-09-21 00:00:00,,ACTIVE,EFES_ABIERTO,2026-09-21
MUNICIPALITY,42000000-0000-0000-0000-000000000932,Tlaltizapan de Zapata,COVID-19,COVID-19,SUSPECTED,1,2026-08-04 00:00:00,,ACTIVE,COVID19MEXICO,2026-09-28
MUNICIPALITY,42000000-0000-0000-0000-000000000932,Tlaltizapan de Zapata,INFLUENZA,Influenza,CONFIRMED,1,2026-09-12 00:00:00,,ACTIVE,COVID19MEXICO,2026-09-28
MUNICIPALITY,42000000-0000-0000-0000-000000000932,Tlaltizapan de Zapata,INFLUENZA,Influenza,SUSPECTED,1,2026-08-04 00:00:00,,ACTIVE,COVID19MEXICO,2026-09-28
MUNICIPALITY,42000000-0000-0000-0000-000000000932,Tlaltizapan de Zapata,MEASLES,Measles,SUSPECTED,1,2026-09-21 00:00:00,,ACTIVE,EFES_ABIERTO,2026-09-21
MUNICIPALITY,42000000-0000-0000-0000-000000000932,Tlaltizapan de Zapata,RUBELLA,Rubella,SUSPECTED,1,2026-09-21 00:00:00,,ACTIVE,EFES_ABIERTO,2026-09-21
MUNICIPALITY,42000000-0000-0000-0000-000000000534,Tlanchinol,INFLUENZA,Influenza,CONFIRMED,1,2026-08-02 00:00:00,,ACTIVE,COVID19MEXICO,2026-09-28
MUNICIPALITY,42000000-0000-0000-0000-000000000442,Tlapa de Comonfort,COVID-19,COVID-19,SUSPECTED,1,2026-08-28 00:00:00,,ACTIVE,COVID19MEXICO,2026-09-28
MUNICIPALITY,42000000-0000-0000-0000-000000000442,Tlapa de Comonfort,INFLUENZA,Influenza,SUSPECTED,1,2026-08-28 00:00:00,,ACTIVE,COVID19MEXICO,2026-09-28
MUNICIPALITY,42000000-0000-0000-0000-000000000442,Tlapa de Comonfort,MEASLES,Measles,SUSPECTED,1,2026-09-21 00:00:00,,ACTIVE,EFES_ABIERTO,2026-09-21
MUNICIPALITY,42000000-0000-0000-0000-000000000442,Tlapa de Comonfort,RUBELLA,Rubella,SUSPECTED,1,2026-09-21 00:00:00,,ACTIVE,EFES_ABIERTO,2026-09-21
MUNICIPALITY,42000000-0000-0000-0000-000000002285,Tlapacoyan,COVID-19,COVID-19,SUSPECTED,5,2026-08-10 00:00:00,,ACTIVE,COVID19MEXICO,2026-09-28
MUNICIPALITY,42000000-0000-0000-0000-000000002285,Tlapacoyan,INFLUENZA,Influenza,SUSPECTED,5,2026-08-10 00:00:00,,ACTIVE,COVID19MEXICO,2026-09-28
MUNICIPALITY,42000000-0000-0000-0000-000000002285,Tlapacoyan,MEASLES,Measles,CONFIRMED,2,2026-08-29 00:00:00,,ACTIVE,EFES_ABIERTO,2026-09-21
MUNICIPALITY,42000000-0000-0000-0000-000000000933,Tlaquiltenango,COVID-19,COVID-19,CONFIRMED,1,2026-08-05 00:00:00,,ACTIVE,COVID19MEXICO,2026-09-28
MUNICIPALITY,42000000-0000-0000-0000-000000000933,Tlaquiltenango,COVID-19,COVID-19,SUSPECTED,1,2026-09-24 00:00:00,,ACTIVE,COVID19MEXICO,2026-09-28
MUNICIPALITY,42000000-0000-0000-0000-000000000933,Tlaquiltenango,INFLUENZA,Influenza,SUSPECTED,1,2026-09-24 00:00:00,,ACTIVE,COVID19MEXICO,2026-09-28
MUNICIPALITY,42000000-0000-0000-0000-000000000933,Tlaquiltenango,MEASLES,Measles,SUSPECTED,3,2026-09-21 00:00:00,,ACTIVE,EFES_ABIERTO,2026-09-21
MUNICIPALITY,42000000-0000-0000-0000-000000000933,Tlaquiltenango,RUBELLA,Rubella,SUSPECTED,3,2026-09-21 00:00:00,,ACTIVE,EFES_ABIERTO,2026-09-21
MUNICIPALITY,42000000-0000-0000-0000-000000001771,Tlatlauquitepec,COVID-19,COVID-19,SUSPECTED,2,2026-09-02 00:00:00,,ACTIVE,COVID19MEXICO,2026-09-28
MUNICIPALITY,42000000-0000-0000-0000-000000001771,Tlatlauquitepec,INFLUENZA,Influenza,SUSPECTED,2,2026-09-02 00:00:00,,ACTIVE,COVID19MEXICO,2026-09-28
MUNICIPALITY,42000000-0000-0000-0000-000000000775,Tlatlaya,COVID-19,COVID-19,SUSPECTED,2,2026-08-17 00:00:00,,ACTIVE,COVID19MEXICO,2026-09-28
MUNICIPALITY,42000000-0000-0000-0000-000000000775,Tlatlaya,INFLUENZA,Influenza,SUSPECTED,2,2026-08-17 00:00:00,,ACTIVE,COVID19MEXICO,2026-09-28
MUNICIPALITY,42000000-0000-0000-0000-000000002075,Tlaxcala,COVID-19,COVID-19,CONFIRMED,8,2026-08-05 00:00:00,,ACTIVE,COVID19MEXICO,2026-09-28
MUNICIPALITY,42000000-0000-0000-0000-000000002075,Tlaxcala,COVID-19,COVID-19,SUSPECTED,156,2026-08-02 00:00:00,,ACTIVE,COVID19MEXICO,2026-09-28
MUNICIPALITY,42000000-0000-0000-0000-000000002075,Tlaxcala,INFLUENZA,Influenza,CONFIRMED,1,2026-09-16 00:00:00,,ACTIVE,COVID19MEXICO,2026-09-28
MUNICIPALITY,42000000-0000-0000-0000-000000002075,Tlaxcala,INFLUENZA,Influenza,SUSPECTED,156,2026-08-02 00:00:00,,ACTIVE,COVID19MEXICO,2026-09-28
MUNICIPALITY,42000000-0000-0000-0000-000000002075,Tlaxcala,MEASLES,Measles,SUSPECTED,2,2026-09-21 00:00:00,,ACTIVE,EFES_ABIERTO,2026-09-21
MUNICIPALITY,42000000-0000-0000-0000-000000002075,Tlaxcala,RUBELLA,Rubella,SUSPECTED,2,2026-09-21 00:00:00,,ACTIVE,EFES_ABIERTO,2026-09-21
MUNICIPALITY,42000000-0000-0000-0000-000000002076,Tlaxco,COVID-19,COVID-19,CONFIRMED,1,2026-08-01 00:00:00,,ACTIVE,COVID19MEXICO,2026-09-28
MUNICIPALITY,42000000-0000-0000-0000-000000002076,Tlaxco,COVID-19,COVID-19,SUSPECTED,1,2026-09-17 00:00:00,,ACTIVE,COVID19MEXICO,2026-09-28
MUNICIPALITY,42000000-0000-0000-0000-000000002076,Tlaxco,INFLUENZA,Influenza,CONFIRMED,1,2026-09-21 00:00:00,,ACTIVE,COVID19MEXICO,2026-09-28
MUNICIPALITY,42000000-0000-0000-0000-000000002076,Tlaxco,INFLUENZA,Influenza,SUSPECTED,1,2026-09-17 00:00:00,,ACTIVE,COVID19MEXICO,2026-09-28
MUNICIPALITY,42000000-0000-0000-0000-000000002076,Tlaxco,MEASLES,Measles,SUSPECTED,1,2026-09-21 00:00:00,,ACTIVE,EFES_ABIERTO,2026-09-21
MUNICIPALITY,42000000-0000-0000-0000-000000002076,Tlaxco,RUBELLA,Rubella,SUSPECTED,1,2026-09-21 00:00:00,,ACTIVE,EFES_ABIERTO,2026-09-21
MUNICIPALITY,42000000-0000-0000-0000-000000000535,Tlaxcoapan,COVID-19,COVID-19,SUSPECTED,1,2026-08-24 00:00:00,,ACTIVE,COVID19MEXICO,2026-09-28
MUNICIPALITY,42000000-0000-0000-0000-000000000535,Tlaxcoapan,INFLUENZA,Influenza,CONFIRMED,1,2026-09-03 00:00:00,,ACTIVE,COVID19MEXICO,2026-09-28
MUNICIPALITY,42000000-0000-0000-0000-000000000535,Tlaxcoapan,INFLUENZA,Influenza,SUSPECTED,1,2026-08-24 00:00:00,,ACTIVE,COVID19MEXICO,2026-09-28
MUNICIPALITY,42000000-0000-0000-0000-000000000536,Tolcayuca,COVID-19,COVID-19,CONFIRMED,1,2026-08-05 00:00:00,,ACTIVE,COVID19MEXICO,2026-09-28
MUNICIPALITY,42000000-0000-0000-0000-000000000776,Toluca,COVID-19,COVID-19,CONFIRMED,6,2026-08-06 00:00:00,,ACTIVE,COVID19MEXICO,2026-09-28
MUNICIPALITY,42000000-0000-0000-0000-000000000776,Toluca,COVID-19,COVID-19,SUSPECTED,47,2026-08-05 00:00:00,,ACTIVE,COVID19MEXICO,2026-09-28
MUNICIPALITY,42000000-0000-0000-0000-000000000776,Toluca,INFLUENZA,Influenza,CONFIRMED,2,2026-08-21 00:00:00,,ACTIVE,COVID19MEXICO,2026-09-28
MUNICIPALITY,42000000-0000-0000-0000-000000000776,Toluca,INFLUENZA,Influenza,SUSPECTED,47,2026-08-05 00:00:00,,ACTIVE,COVID19MEXICO,2026-09-28
MUNICIPALITY,42000000-0000-0000-0000-000000000776,Toluca,MEASLES,Measles,SUSPECTED,19,2026-09-21 00:00:00,,ACTIVE,EFES_ABIERTO,2026-09-21
MUNICIPALITY,42000000-0000-0000-0000-000000000776,Toluca,RUBELLA,Rubella,SUSPECTED,19,2026-09-21 00:00:00,,ACTIVE,EFES_ABIERTO,2026-09-21
MUNICIPALITY,42000000-0000-0000-0000-000000000180,Tonala,COVID-19,COVID-19,CONFIRMED,2,2026-08-02 00:00:00,,ACTIVE,COVID19MEXICO,2026-09-28
MUNICIPALITY,42000000-0000-0000-0000-000000000646,Tonala,COVID-19,COVID-19,CONFIRMED,2,2026-08-04 00:00:00,,ACTIVE,COVID19MEXICO,2026-09-28
MUNICIPALITY,42000000-0000-0000-0000-000000000180,Tonala,COVID-19,COVID-19,SUSPECTED,4,2026-08-10 00:00:00,,ACTIVE,COVID19MEXICO,2026-09-28
MUNICIPALITY,42000000-0000-0000-0000-000000000646,Tonala,COVID-19,COVID-19,SUSPECTED,8,2026-08-24 00:00:00,,ACTIVE,COVID19MEXICO,2026-09-28
MUNICIPALITY,42000000-0000-0000-0000-000000000180,Tonala,INFLUENZA,Influenza,SUSPECTED,4,2026-08-10 00:00:00,,ACTIVE,COVID19MEXICO,2026-09-28
MUNICIPALITY,42000000-0000-0000-0000-000000000646,Tonala,INFLUENZA,Influenza,SUSPECTED,8,2026-08-24 00:00:00,,ACTIVE,COVID19MEXICO,2026-09-28
MUNICIPALITY,42000000-0000-0000-0000-000000000646,Tonala,MEASLES,Measles,CONFIRMED,12,2026-08-04 00:00:00,,ACTIVE,EFES_ABIERTO,2026-09-21
MUNICIPALITY,42000000-0000-0000-0000-000000000180,Tonala,MEASLES,Measles,SUSPECTED,7,2026-09-21 00:00:00,,ACTIVE,EFES_ABIERTO,2026-09-21
MUNICIPALITY,42000000-0000-0000-0000-000000000646,Tonala,MEASLES,Measles,SUSPECTED,274,2026-09-21 00:00:00,,ACTIVE,EFES_ABIERTO,2026-09-21
MUNICIPALITY,42000000-0000-0000-0000-000000000180,Tonala,RUBELLA,Rubella,SUSPECTED,7,2026-09-21 00:00:00,,ACTIVE,EFES_ABIERTO,2026-09-21
MUNICIPALITY,42000000-0000-0000-0000-000000000646,Tonala,RUBELLA,Rubella,SUSPECTED,274,2026-09-21 00:00:00,,ACTIVE,EFES_ABIERTO,2026-09-21
MUNICIPALITY,42000000-0000-0000-0000-000000000648,Tonila,COVID-19,COVID-19,SUSPECTED,1,2026-09-22 00:00:00,,ACTIVE,COVID19MEXICO,2026-09-28
MUNICIPALITY,42000000-0000-0000-0000-000000000648,Tonila,INFLUENZA,Influenza,SUSPECTED,1,2026-09-22 00:00:00,,ACTIVE,COVID19MEXICO,2026-09-28
MUNICIPALITY,42000000-0000-0000-0000-000000000071,Torreon,COVID-19,COVID-19,CONFIRMED,2,2026-08-07 00:00:00,,ACTIVE,COVID19MEXICO,2026-09-28
MUNICIPALITY,42000000-0000-0000-0000-000000000071,Torreon,COVID-19,COVID-19,SUSPECTED,32,2026-08-02 00:00:00,,ACTIVE,COVID19MEXICO,2026-09-28
MUNICIPALITY,42000000-0000-0000-0000-000000000071,Torreon,DENGUE,Dengue fever,SUSPECTED,3,2026-08-03 00:00:00,,ACTIVE,DENGUE_ABIERTO,2026-09-14
MUNICIPALITY,42000000-0000-0000-0000-000000000071,Torreon,INFLUENZA,Influenza,SUSPECTED,32,2026-08-02 00:00:00,,ACTIVE,COVID19MEXICO,2026-09-28
MUNICIPALITY,42000000-0000-0000-0000-000000000071,Torreon,MEASLES,Measles,SUSPECTED,1,2026-09-21 00:00:00,,ACTIVE,EFES_ABIERTO,2026-09-21
MUNICIPALITY,42000000-0000-0000-0000-000000000071,Torreon,RUBELLA,Rubella,SUSPECTED,1,2026-09-21 00:00:00,,ACTIVE,EFES_ABIERTO,2026-09-21
MUNICIPALITY,42000000-0000-0000-0000-000000000649,Totatiche,COVID-19,COVID-19,SUSPECTED,1,2026-08-08 00:00:00,,ACTIVE,COVID19MEXICO,2026-09-28
MUNICIPALITY,42000000-0000-0000-0000-000000000649,Totatiche,INFLUENZA,Influenza,SUSPECTED,1,2026-08-08 00:00:00,,ACTIVE,COVID19MEXICO,2026-09-28
MUNICIPALITY,42000000-0000-0000-0000-000000002078,Totolac,COVID-19,COVID-19,CONFIRMED,3,2026-08-07 00:00:00,,ACTIVE,COVID19MEXICO,2026-09-28
MUNICIPALITY,42000000-0000-0000-0000-000000002078,Totolac,COVID-19,COVID-19,SUSPECTED,13,2026-08-06 00:00:00,,ACTIVE,COVID19MEXICO,2026-09-28
MUNICIPALITY,42000000-0000-0000-0000-000000002078,Totolac,INFLUENZA,Influenza,SUSPECTED,13,2026-08-06 00:00:00,,ACTIVE,COVID19MEXICO,2026-09-28
MUNICIPALITY,42000000-0000-0000-0000-000000002290,Totutla,COVID-19,COVID-19,SUSPECTED,1,2026-09-17 00:00:00,,ACTIVE,COVID19MEXICO,2026-09-28
MUNICIPALITY,42000000-0000-0000-0000-000000002290,Totutla,INFLUENZA,Influenza,SUSPECTED,1,2026-09-17 00:00:00,,ACTIVE,COVID19MEXICO,2026-09-28
MUNICIPALITY,42000000-0000-0000-0000-000000002477,Trancoso,COVID-19,COVID-19,SUSPECTED,2,2026-08-16 00:00:00,,ACTIVE,COVID19MEXICO,2026-09-28
MUNICIPALITY,42000000-0000-0000-0000-000000002477,Trancoso,INFLUENZA,Influenza,SUSPECTED,2,2026-08-16 00:00:00,,ACTIVE,COVID19MEXICO,2026-09-28
MUNICIPALITY,42000000-0000-0000-0000-000000002309,Tres Valles,COVID-19,COVID-19,SUSPECTED,1,2026-08-25 00:00:00,,ACTIVE,COVID19MEXICO,2026-09-28
MUNICIPALITY,42000000-0000-0000-0000-000000002309,Tres Valles,INFLUENZA,Influenza,SUSPECTED,1,2026-08-25 00:00:00,,ACTIVE,COVID19MEXICO,2026-09-28
MUNICIPALITY,42000000-0000-0000-0000-000000002431,Trinidad Garcia de la Cadena,COVID-19,COVID-19,SUSPECTED,1,2026-08-05 00:00:00,,ACTIVE,COVID19MEXICO,2026-09-28
MUNICIPALITY,42000000-0000-0000-0000-000000002431,Trinidad Garcia de la Cadena,INFLUENZA,Influenza,SUSPECTED,1,2026-08-05 00:00:00,,ACTIVE,COVID19MEXICO,2026-09-28
MUNICIPALITY,42000000-0000-0000-0000-000000001570,Trinidad Zaachila,COVID-19,COVID-19,SUSPECTED,1,2026-09-11 00:00:00,,ACTIVE,COVID19MEXICO,2026-09-28
MUNICIPALITY,42000000-0000-0000-0000-000000001570,Trinidad Zaachila,INFLUENZA,Influenza,SUSPECTED,1,2026-09-11 00:00:00,,ACTIVE,COVID19MEXICO,2026-09-28
MUNICIPALITY,42000000-0000-0000-0000-000000000537,Tula de Allende,COVID-19,COVID-19,CONFIRMED,4,2026-08-01 00:00:00,,ACTIVE,COVID19MEXICO,2026-09-28
MUNICIPALITY,42000000-0000-0000-0000-000000000537,Tula de Allende,COVID-19,COVID-19,SUSPECTED,6,2026-08-12 00:00:00,,ACTIVE,COVID19MEXICO,2026-09-28
MUNICIPALITY,42000000-0000-0000-0000-000000000537,Tula de Allende,INFLUENZA,Influenza,CONFIRMED,1,2026-09-12 00:00:00,,ACTIVE,COVID19MEXICO,2026-09-28
MUNICIPALITY,42000000-0000-0000-0000-000000000537,Tula de Allende,INFLUENZA,Influenza,SUSPECTED,6,2026-08-12 00:00:00,,ACTIVE,COVID19MEXICO,2026-09-28
MUNICIPALITY,42000000-0000-0000-0000-000000000537,Tula de Allende,MEASLES,Measles,SUSPECTED,1,2026-09-21 00:00:00,,ACTIVE,EFES_ABIERTO,2026-09-21
MUNICIPALITY,42000000-0000-0000-0000-000000000537,Tula de Allende,RUBELLA,Rubella,SUSPECTED,1,2026-09-21 00:00:00,,ACTIVE,EFES_ABIERTO,2026-09-21
MUNICIPALITY,42000000-0000-0000-0000-000000000538,Tulancingo de Bravo,COVID-19,COVID-19,CONFIRMED,4,2026-08-03 00:00:00,,ACTIVE,COVID19MEXICO,2026-09-28
MUNICIPALITY,42000000-0000-0000-0000-000000000538,Tulancingo de Bravo,COVID-19,COVID-19,SUSPECTED,25,2026-08-03 00:00:00,,ACTIVE,COVID19MEXICO,2026-09-28
MUNICIPALITY,42000000-0000-0000-0000-000000000538,Tulancingo de Bravo,INFLUENZA,Influenza,CONFIRMED,2,2026-08-10 00:00:00,,ACTIVE,COVID19MEXICO,2026-09-28
MUNICIPALITY,42000000-0000-0000-0000-000000000538,Tulancingo de Bravo,INFLUENZA,Influenza,SUSPECTED,25,2026-08-03 00:00:00,,ACTIVE,COVID19MEXICO,2026-09-28
MUNICIPALITY,42000000-0000-0000-0000-000000000538,Tulancingo de Bravo,MEASLES,Measles,SUSPECTED,2,2026-09-21 00:00:00,,ACTIVE,EFES_ABIERTO,2026-09-21
MUNICIPALITY,42000000-0000-0000-0000-000000000538,Tulancingo de Bravo,RUBELLA,Rubella,SUSPECTED,2,2026-09-21 00:00:00,,ACTIVE,EFES_ABIERTO,2026-09-21
MUNICIPALITY,42000000-0000-0000-0000-000000000778,Tultepec,COVID-19,COVID-19,SUSPECTED,5,2026-08-13 00:00:00,,ACTIVE,COVID19MEXICO,2026-09-28
MUNICIPALITY,42000000-0000-0000-0000-000000000778,Tultepec,INFLUENZA,Influenza,SUSPECTED,5,2026-08-13 00:00:00,,ACTIVE,COVID19MEXICO,2026-09-28
MUNICIPALITY,42000000-0000-0000-0000-000000000778,Tultepec,MEASLES,Measles,SUSPECTED,1,2026-09-21 00:00:00,,ACTIVE,EFES_ABIERTO,2026-09-21
MUNICIPALITY,42000000-0000-0000-0000-000000000778,Tultepec,RUBELLA,Rubella,SUSPECTED,1,2026-09-21 00:00:00,,ACTIVE,EFES_ABIERTO,2026-09-21
MUNICIPALITY,42000000-0000-0000-0000-000000000779,Tultitlan,COVID-19,COVID-19,CONFIRMED,1,2026-08-24 00:00:00,,ACTIVE,COVID19MEXICO,2026-09-28
MUNICIPALITY,42000000-0000-0000-0000-000000000779,Tultitlan,COVID-19,COVID-19,SUSPECTED,15,2026-08-04 00:00:00,,ACTIVE,COVID19MEXICO,2026-09-28
MUNICIPALITY,42000000-0000-0000-0000-000000000779,Tultitlan,INFLUENZA,Influenza,SUSPECTED,15,2026-08-04 00:00:00,,ACTIVE,COVID19MEXICO,2026-09-28
MUNICIPALITY,42000000-0000-0000-0000-000000000779,Tultitlan,MEASLES,Measles,SUSPECTED,5,2026-09-21 00:00:00,,ACTIVE,EFES_ABIERTO,2026-09-21
MUNICIPALITY,42000000-0000-0000-0000-000000000779,Tultitlan,RUBELLA,Rubella,SUSPECTED,5,2026-09-21 00:00:00,,ACTIVE,EFES_ABIERTO,2026-09-21
MUNICIPALITY,42000000-0000-0000-0000-000000001829,Tulum,COVID-19,COVID-19,SUSPECTED,8,2026-08-04 00:00:00,,ACTIVE,COVID19MEXICO,2026-09-28
MUNICIPALITY,42000000-0000-0000-0000-000000001829,Tulum,INFLUENZA,Influenza,SUSPECTED,8,2026-08-04 00:00:00,,ACTIVE,COVID19MEXICO,2026-09-28
MUNICIPALITY,42000000-0000-0000-0000-000000001829,Tulum,MEASLES,Measles,CONFIRMED,2,2026-08-03 00:00:00,,ACTIVE,EFES_ABIERTO,2026-09-21
MUNICIPALITY,42000000-0000-0000-0000-000000001829,Tulum,MEASLES,Measles,SUSPECTED,2,2026-09-21 00:00:00,,ACTIVE,EFES_ABIERTO,2026-09-21
MUNICIPALITY,42000000-0000-0000-0000-000000001829,Tulum,RUBELLA,Rubella,SUSPECTED,2,2026-09-21 00:00:00,,ACTIVE,EFES_ABIERTO,2026-09-21
MUNICIPALITY,42000000-0000-0000-0000-000000002411,Tunkas,COVID-19,COVID-19,SUSPECTED,1,2026-08-13 00:00:00,,ACTIVE,COVID19MEXICO,2026-09-28
MUNICIPALITY,42000000-0000-0000-0000-000000002411,Tunkas,INFLUENZA,Influenza,SUSPECTED,1,2026-08-13 00:00:00,,ACTIVE,COVID19MEXICO,2026-09-28
MUNICIPALITY,42000000-0000-0000-0000-000000000892,Turicato,DENGUE,Dengue fever,SUSPECTED,1,2026-08-26 00:00:00,,ACTIVE,DENGUE_ABIERTO,2026-09-14
MUNICIPALITY,42000000-0000-0000-0000-000000000892,Turicato,MEASLES,Measles,SUSPECTED,1,2026-09-21 00:00:00,,ACTIVE,EFES_ABIERTO,2026-09-21
MUNICIPALITY,42000000-0000-0000-0000-000000000892,Turicato,RUBELLA,Rubella,SUSPECTED,1,2026-09-21 00:00:00,,ACTIVE,EFES_ABIERTO,2026-09-21
MUNICIPALITY,42000000-0000-0000-0000-000000002291,Tuxpan,COVID-19,COVID-19,SUSPECTED,1,2026-08-16 00:00:00,,ACTIVE,COVID19MEXICO,2026-09-28
MUNICIPALITY,42000000-0000-0000-0000-000000002291,Tuxpan,INFLUENZA,Influenza,SUSPECTED,1,2026-08-16 00:00:00,,ACTIVE,COVID19MEXICO,2026-09-28
MUNICIPALITY,42000000-0000-0000-0000-000000000185,Tuxtla Chico,MEASLES,Measles,CONFIRMED,1,2026-08-13 00:00:00,,ACTIVE,EFES_ABIERTO,2026-09-21
MUNICIPALITY,42000000-0000-0000-0000-000000000184,Tuxtla Gutierrez,COVID-19,COVID-19,SUSPECTED,58,2026-08-01 00:00:00,,ACTIVE,COVID19MEXICO,2026-09-28
MUNICIPALITY,42000000-0000-0000-0000-000000000184,Tuxtla Gutierrez,INFLUENZA,Influenza,CONFIRMED,7,2026-09-05 00:00:00,,ACTIVE,COVID19MEXICO,2026-09-28
MUNICIPALITY,42000000-0000-0000-0000-000000000184,Tuxtla Gutierrez,INFLUENZA,Influenza,SUSPECTED,58,2026-08-01 00:00:00,,ACTIVE,COVID19MEXICO,2026-09-28
MUNICIPALITY,42000000-0000-0000-0000-000000000184,Tuxtla Gutierrez,MEASLES,Measles,SUSPECTED,80,2026-09-21 00:00:00,,ACTIVE,EFES_ABIERTO,2026-09-21
MUNICIPALITY,42000000-0000-0000-0000-000000000184,Tuxtla Gutierrez,RUBELLA,Rubella,SUSPECTED,80,2026-09-21 00:00:00,,ACTIVE,EFES_ABIERTO,2026-09-21
MUNICIPALITY,42000000-0000-0000-0000-000000001777,Tuzamapan de Galeana,COVID-19,COVID-19,SUSPECTED,1,2026-09-18 00:00:00,,ACTIVE,COVID19MEXICO,2026-09-28
MUNICIPALITY,42000000-0000-0000-0000-000000001777,Tuzamapan de Galeana,INFLUENZA,Influenza,SUSPECTED,1,2026-09-18 00:00:00,,ACTIVE,COVID19MEXICO,2026-09-28
MUNICIPALITY,42000000-0000-0000-0000-000000000186,Tuzantan,MEASLES,Measles,SUSPECTED,3,2026-09-21 00:00:00,,ACTIVE,EFES_ABIERTO,2026-09-21
MUNICIPALITY,42000000-0000-0000-0000-000000000186,Tuzantan,RUBELLA,Rubella,SUSPECTED,3,2026-09-21 00:00:00,,ACTIVE,EFES_ABIERTO,2026-09-21
MUNICIPALITY,42000000-0000-0000-0000-000000002080,Tzompantepec,COVID-19,COVID-19,CONFIRMED,1,2026-09-17 00:00:00,,ACTIVE,COVID19MEXICO,2026-09-28
MUNICIPALITY,42000000-0000-0000-0000-000000002412,Tzucacab,COVID-19,COVID-19,SUSPECTED,1,2026-09-13 00:00:00,,ACTIVE,COVID19MEXICO,2026-09-28
MUNICIPALITY,42000000-0000-0000-0000-000000002412,Tzucacab,INFLUENZA,Influenza,CONFIRMED,1,2026-08-10 00:00:00,,ACTIVE,COVID19MEXICO,2026-09-28
MUNICIPALITY,42000000-0000-0000-0000-000000002412,Tzucacab,INFLUENZA,Influenza,SUSPECTED,1,2026-09-13 00:00:00,,ACTIVE,COVID19MEXICO,2026-09-28
MUNICIPALITY,42000000-0000-0000-0000-000000002412,Tzucacab,MEASLES,Measles,SUSPECTED,1,2026-09-21 00:00:00,,ACTIVE,EFES_ABIERTO,2026-09-21
MUNICIPALITY,42000000-0000-0000-0000-000000002412,Tzucacab,RUBELLA,Rubella,SUSPECTED,1,2026-09-21 00:00:00,,ACTIVE,EFES_ABIERTO,2026-09-21
MUNICIPALITY,42000000-0000-0000-0000-000000002413,Uayma,COVID-19,COVID-19,CONFIRMED,1,2026-09-07 00:00:00,,ACTIVE,COVID19MEXICO,2026-09-28
MUNICIPALITY,42000000-0000-0000-0000-000000002414,Ucu,COVID-19,COVID-19,SUSPECTED,1,2026-08-15 00:00:00,,ACTIVE,COVID19MEXICO,2026-09-28
MUNICIPALITY,42000000-0000-0000-0000-000000002414,Ucu,INFLUENZA,Influenza,SUSPECTED,1,2026-08-15 00:00:00,,ACTIVE,COVID19MEXICO,2026-09-28
MUNICIPALITY,42000000-0000-0000-0000-000000002415,Uman,COVID-19,COVID-19,CONFIRMED,1,2026-08-13 00:00:00,,ACTIVE,COVID19MEXICO,2026-09-28
MUNICIPALITY,42000000-0000-0000-0000-000000002415,Uman,COVID-19,COVID-19,SUSPECTED,2,2026-08-03 00:00:00,,ACTIVE,COVID19MEXICO,2026-09-28
MUNICIPALITY,42000000-0000-0000-0000-000000002415,Uman,INFLUENZA,Influenza,SUSPECTED,2,2026-08-03 00:00:00,,ACTIVE,COVID19MEXICO,2026-09-28
MUNICIPALITY,42000000-0000-0000-0000-000000000655,Union de Tula,COVID-19,COVID-19,CONFIRMED,2,2026-09-08 00:00:00,,ACTIVE,COVID19MEXICO,2026-09-28
MUNICIPALITY,42000000-0000-0000-0000-000000000273,Urique,COVID-19,COVID-19,CONFIRMED,1,2026-09-15 00:00:00,,ACTIVE,COVID19MEXICO,2026-09-28
MUNICIPALITY,42000000-0000-0000-0000-000000002293,Ursulo Galvan,MEASLES,Measles,SUSPECTED,1,2026-09-21 00:00:00,,ACTIVE,EFES_ABIERTO,2026-09-21
MUNICIPALITY,42000000-0000-0000-0000-000000002293,Ursulo Galvan,RUBELLA,Rubella,SUSPECTED,1,2026-09-21 00:00:00,,ACTIVE,EFES_ABIERTO,2026-09-21
MUNICIPALITY,42000000-0000-0000-0000-000000000274,Uruachi,COVID-19,COVID-19,SUSPECTED,1,2026-09-17 00:00:00,,ACTIVE,COVID19MEXICO,2026-09-28
MUNICIPALITY,42000000-0000-0000-0000-000000000274,Uruachi,INFLUENZA,Influenza,SUSPECTED,1,2026-09-17 00:00:00,,ACTIVE,COVID19MEXICO,2026-09-28
MUNICIPALITY,42000000-0000-0000-0000-000000000897,Uruapan,COVID-19,COVID-19,CONFIRMED,9,2026-08-13 00:00:00,,ACTIVE,COVID19MEXICO,2026-09-28
MUNICIPALITY,42000000-0000-0000-0000-000000000897,Uruapan,COVID-19,COVID-19,SUSPECTED,17,2026-08-12 00:00:00,,ACTIVE,COVID19MEXICO,2026-09-28
MUNICIPALITY,42000000-0000-0000-0000-000000000897,Uruapan,INFLUENZA,Influenza,SUSPECTED,17,2026-08-12 00:00:00,,ACTIVE,COVID19MEXICO,2026-09-28
MUNICIPALITY,42000000-0000-0000-0000-000000000897,Uruapan,MEASLES,Measles,SUSPECTED,11,2026-09-21 00:00:00,,ACTIVE,EFES_ABIERTO,2026-09-21
MUNICIPALITY,42000000-0000-0000-0000-000000000897,Uruapan,RUBELLA,Rubella,SUSPECTED,11,2026-09-21 00:00:00,,ACTIVE,EFES_ABIERTO,2026-09-21
MUNICIPALITY,42000000-0000-0000-0000-000000002416,Valladolid,COVID-19,COVID-19,CONFIRMED,1,2026-09-06 00:00:00,,ACTIVE,COVID19MEXICO,2026-09-28
MUNICIPALITY,42000000-0000-0000-0000-000000002416,Valladolid,COVID-19,COVID-19,SUSPECTED,60,2026-08-02 00:00:00,,ACTIVE,COVID19MEXICO,2026-09-28
MUNICIPALITY,42000000-0000-0000-0000-000000002416,Valladolid,INFLUENZA,Influenza,CONFIRMED,1,2026-09-14 00:00:00,,ACTIVE,COVID19MEXICO,2026-09-28
MUNICIPALITY,42000000-0000-0000-0000-000000002416,Valladolid,INFLUENZA,Influenza,SUSPECTED,60,2026-08-02 00:00:00,,ACTIVE,COVID19MEXICO,2026-09-28
MUNICIPALITY,42000000-0000-0000-0000-000000002416,Valladolid,MEASLES,Measles,SUSPECTED,1,2026-09-21 00:00:00,,ACTIVE,EFES_ABIERTO,2026-09-21
MUNICIPALITY,42000000-0000-0000-0000-000000002416,Valladolid,RUBELLA,Rubella,SUSPECTED,1,2026-09-21 00:00:00,,ACTIVE,EFES_ABIERTO,2026-09-21
MUNICIPALITY,42000000-0000-0000-0000-000000000780,Valle de Bravo,MEASLES,Measles,SUSPECTED,6,2026-09-21 00:00:00,,ACTIVE,EFES_ABIERTO,2026-09-21
MUNICIPALITY,42000000-0000-0000-0000-000000000780,Valle de Bravo,RUBELLA,Rubella,SUSPECTED,6,2026-09-21 00:00:00,,ACTIVE,EFES_ABIERTO,2026-09-21
MUNICIPALITY,42000000-0000-0000-0000-000000000792,Valle de Chalco Solidaridad,COVID-19,COVID-19,CONFIRMED,1,2026-08-11 00:00:00,,ACTIVE,COVID19MEXICO,2026-09-28
MUNICIPALITY,42000000-0000-0000-0000-000000000792,Valle de Chalco Solidaridad,COVID-19,COVID-19,SUSPECTED,3,2026-08-14 00:00:00,,ACTIVE,COVID19MEXICO,2026-09-28
MUNICIPALITY,42000000-0000-0000-0000-000000000792,Valle de Chalco Solidaridad,INFLUENZA,Influenza,SUSPECTED,3,2026-08-14 00:00:00,,ACTIVE,COVID19MEXICO,2026-09-28
MUNICIPALITY,42000000-0000-0000-0000-000000000792,Valle de Chalco Solidaridad,MEASLES,Measles,CONFIRMED,2,2026-08-06 00:00:00,,ACTIVE,EFES_ABIERTO,2026-09-21
MUNICIPALITY,42000000-0000-0000-0000-000000000792,Valle de Chalco Solidaridad,MEASLES,Measles,SUSPECTED,7,2026-09-21 00:00:00,,ACTIVE,EFES_ABIERTO,2026-09-21
MUNICIPALITY,42000000-0000-0000-0000-000000000792,Valle de Chalco Solidaridad,RUBELLA,Rubella,SUSPECTED,7,2026-09-21 00:00:00,,ACTIVE,EFES_ABIERTO,2026-09-21
MUNICIPALITY,42000000-0000-0000-0000-000000000372,Valle de Santiago,COVID-19,COVID-19,SUSPECTED,10,2026-08-03 00:00:00,,ACTIVE,COVID19MEXICO,2026-09-28
MUNICIPALITY,42000000-0000-0000-0000-000000000372,Valle de Santiago,INFLUENZA,Influenza,SUSPECTED,10,2026-08-03 00:00:00,,ACTIVE,COVID19MEXICO,2026-09-28
MUNICIPALITY,42000000-0000-0000-0000-000000002469,Valparaiso,MEASLES,Measles,CONFIRMED,2,2026-08-01 00:00:00,,ACTIVE,EFES_ABIERTO,2026-09-21
MUNICIPALITY,42000000-0000-0000-0000-000000002469,Valparaiso,MEASLES,Measles,SUSPECTED,1,2026-09-21 00:00:00,,ACTIVE,EFES_ABIERTO,2026-09-21
MUNICIPALITY,42000000-0000-0000-0000-000000002469,Valparaiso,RUBELLA,Rubella,SUSPECTED,1,2026-09-21 00:00:00,,ACTIVE,EFES_ABIERTO,2026-09-21
MUNICIPALITY,42000000-0000-0000-0000-000000002294,Vega de Alatorre,DENGUE,Dengue fever,SUSPECTED,1,2026-09-05 00:00:00,,ACTIVE,DENGUE_ABIERTO,2026-09-14
MUNICIPALITY,42000000-0000-0000-0000-000000000291,Venustiano Carranza,COVID-19,COVID-19,CONFIRMED,3,2026-08-06 00:00:00,,ACTIVE,COVID19MEXICO,2026-09-28
MUNICIPALITY,42000000-0000-0000-0000-000000000291,Venustiano Carranza,COVID-19,COVID-19,SUSPECTED,19,2026-08-01 00:00:00,,ACTIVE,COVID19MEXICO,2026-09-28
MUNICIPALITY,42000000-0000-0000-0000-000000000291,Venustiano Carranza,INFLUENZA,Influenza,CONFIRMED,1,2026-08-20 00:00:00,,ACTIVE,COVID19MEXICO,2026-09-28
MUNICIPALITY,42000000-0000-0000-0000-000000000291,Venustiano Carranza,INFLUENZA,Influenza,SUSPECTED,19,2026-08-01 00:00:00,,ACTIVE,COVID19MEXICO,2026-09-28
MUNICIPALITY,42000000-0000-0000-0000-000000000291,Venustiano Carranza,MEASLES,Measles,CONFIRMED,1,2026-09-04 00:00:00,,ACTIVE,EFES_ABIERTO,2026-09-21
MUNICIPALITY,42000000-0000-0000-0000-000000000189,Venustiano Carranza,MEASLES,Measles,SUSPECTED,8,2026-09-21 00:00:00,,ACTIVE,EFES_ABIERTO,2026-09-21
MUNICIPALITY,42000000-0000-0000-0000-000000000291,Venustiano Carranza,MEASLES,Measles,SUSPECTED,2,2026-09-21 00:00:00,,ACTIVE,EFES_ABIERTO,2026-09-21
MUNICIPALITY,42000000-0000-0000-0000-000000000189,Venustiano Carranza,RUBELLA,Rubella,SUSPECTED,8,2026-09-21 00:00:00,,ACTIVE,EFES_ABIERTO,2026-09-21
MUNICIPALITY,42000000-0000-0000-0000-000000000291,Venustiano Carranza,RUBELLA,Rubella,SUSPECTED,2,2026-09-21 00:00:00,,ACTIVE,EFES_ABIERTO,2026-09-21
MUNICIPALITY,42000000-0000-0000-0000-000000002295,Veracruz,COVID-19,COVID-19,CONFIRMED,1,2026-09-05 00:00:00,,ACTIVE,COVID19MEXICO,2026-09-28
MUNICIPALITY,42000000-0000-0000-0000-000000002295,Veracruz,COVID-19,COVID-19,SUSPECTED,43,2026-08-01 00:00:00,,ACTIVE,COVID19MEXICO,2026-09-28
MUNICIPALITY,42000000-0000-0000-0000-000000002295,Veracruz,INFLUENZA,Influenza,SUSPECTED,43,2026-08-01 00:00:00,,ACTIVE,COVID19MEXICO,2026-09-28
MUNICIPALITY,42000000-0000-0000-0000-000000002295,Veracruz,MEASLES,Measles,SUSPECTED,2,2026-09-21 00:00:00,,ACTIVE,EFES_ABIERTO,2026-09-21
MUNICIPALITY,42000000-0000-0000-0000-000000002295,Veracruz,RUBELLA,Rubella,SUSPECTED,2,2026-09-21 00:00:00,,ACTIVE,EFES_ABIERTO,2026-09-21
MUNICIPALITY,42000000-0000-0000-0000-000000002470,Vetagrande,MEASLES,Measles,SUSPECTED,1,2026-09-21 00:00:00,,ACTIVE,EFES_ABIERTO,2026-09-21
MUNICIPALITY,42000000-0000-0000-0000-000000002470,Vetagrande,RUBELLA,Rubella,SUSPECTED,1,2026-09-21 00:00:00,,ACTIVE,EFES_ABIERTO,2026-09-21
MUNICIPALITY,42000000-0000-0000-0000-000000000329,Vicente Guerrero,MEASLES,Measles,SUSPECTED,2,2026-09-21 00:00:00,,ACTIVE,EFES_ABIERTO,2026-09-21
MUNICIPALITY,42000000-0000-0000-0000-000000000329,Vicente Guerrero,RUBELLA,Rubella,SUSPECTED,2,2026-09-21 00:00:00,,ACTIVE,EFES_ABIERTO,2026-09-21
MUNICIPALITY,42000000-0000-0000-0000-000000002040,Victoria,COVID-19,COVID-19,CONFIRMED,1,2026-08-17 00:00:00,,ACTIVE,COVID19MEXICO,2026-09-28
MUNICIPALITY,42000000-0000-0000-0000-000000000373,Victoria,COVID-19,COVID-19,SUSPECTED,2,2026-08-10 00:00:00,,ACTIVE,COVID19MEXICO,2026-09-28
MUNICIPALITY,42000000-0000-0000-0000-000000002040,Victoria,COVID-19,COVID-19,SUSPECTED,40,2026-08-01 00:00:00,,ACTIVE,COVID19MEXICO,2026-09-28
MUNICIPALITY,42000000-0000-0000-0000-000000000373,Victoria,INFLUENZA,Influenza,SUSPECTED,2,2026-08-10 00:00:00,,ACTIVE,COVID19MEXICO,2026-09-28
MUNICIPALITY,42000000-0000-0000-0000-000000002040,Victoria,INFLUENZA,Influenza,SUSPECTED,40,2026-08-01 00:00:00,,ACTIVE,COVID19MEXICO,2026-09-28
MUNICIPALITY,42000000-0000-0000-0000-000000002040,Victoria,MEASLES,Measles,SUSPECTED,2,2026-09-21 00:00:00,,ACTIVE,EFES_ABIERTO,2026-09-21
MUNICIPALITY,42000000-0000-0000-0000-000000002040,Victoria,RUBELLA,Rubella,SUSPECTED,2,2026-09-21 00:00:00,,ACTIVE,EFES_ABIERTO,2026-09-21
MUNICIPALITY,42000000-0000-0000-0000-000000000155,Villa Comaltitlan,MEASLES,Measles,CONFIRMED,3,2026-09-09 00:00:00,,ACTIVE,EFES_ABIERTO,2026-09-21
MUNICIPALITY,42000000-0000-0000-0000-000000000155,Villa Comaltitlan,MEASLES,Measles,SUSPECTED,2,2026-09-21 00:00:00,,ACTIVE,EFES_ABIERTO,2026-09-21
MUNICIPALITY,42000000-0000-0000-0000-000000000155,Villa Comaltitlan,RUBELLA,Rubella,SUSPECTED,2,2026-09-21 00:00:00,,ACTIVE,EFES_ABIERTO,2026-09-21
MUNICIPALITY,42000000-0000-0000-0000-000000000190,Villa Corzo,INFLUENZA,Influenza,CONFIRMED,1,2026-09-02 00:00:00,,ACTIVE,COVID19MEXICO,2026-09-28
MUNICIPALITY,42000000-0000-0000-0000-000000000190,Villa Corzo,MEASLES,Measles,SUSPECTED,2,2026-09-21 00:00:00,,ACTIVE,EFES_ABIERTO,2026-09-21
MUNICIPALITY,42000000-0000-0000-0000-000000000190,Villa Corzo,RUBELLA,Rubella,SUSPECTED,2,2026-09-21 00:00:00,,ACTIVE,EFES_ABIERTO,2026-09-21
MUNICIPALITY,42000000-0000-0000-0000-000000000783,Villa Guerrero,COVID-19,COVID-19,SUSPECTED,5,2026-08-09 00:00:00,,ACTIVE,COVID19MEXICO,2026-09-28
MUNICIPALITY,42000000-0000-0000-0000-000000000783,Villa Guerrero,INFLUENZA,Influenza,SUSPECTED,5,2026-08-09 00:00:00,,ACTIVE,COVID19MEXICO,2026-09-28
MUNICIPALITY,42000000-0000-0000-0000-000000000784,Villa Victoria,COVID-19,COVID-19,SUSPECTED,9,2026-08-06 00:00:00,,ACTIVE,COVID19MEXICO,2026-09-28
MUNICIPALITY,42000000-0000-0000-0000-000000000784,Villa Victoria,INFLUENZA,Influenza,SUSPECTED,9,2026-08-06 00:00:00,,ACTIVE,COVID19MEXICO,2026-09-28
MUNICIPALITY,42000000-0000-0000-0000-000000000784,Villa Victoria,MEASLES,Measles,SUSPECTED,1,2026-09-21 00:00:00,,ACTIVE,EFES_ABIERTO,2026-09-21
MUNICIPALITY,42000000-0000-0000-0000-000000000784,Villa Victoria,RUBELLA,Rubella,SUSPECTED,1,2026-09-21 00:00:00,,ACTIVE,EFES_ABIERTO,2026-09-21
MUNICIPALITY,42000000-0000-0000-0000-000000000781,Villa de Allende,COVID-19,COVID-19,SUSPECTED,2,2026-08-28 00:00:00,,ACTIVE,COVID19MEXICO,2026-09-28
MUNICIPALITY,42000000-0000-0000-0000-000000000781,Villa de Allende,INFLUENZA,Influenza,SUSPECTED,2,2026-08-28 00:00:00,,ACTIVE,COVID19MEXICO,2026-09-28
MUNICIPALITY,42000000-0000-0000-0000-000000000084,Villa de Alvarez,COVID-19,COVID-19,CONFIRMED,2,2026-09-12 00:00:00,,ACTIVE,COVID19MEXICO,2026-09-28
MUNICIPALITY,42000000-0000-0000-0000-000000000084,Villa de Alvarez,COVID-19,COVID-19,SUSPECTED,28,2026-08-23 00:00:00,,ACTIVE,COVID19MEXICO,2026-09-28
MUNICIPALITY,42000000-0000-0000-0000-000000000084,Villa de Alvarez,INFLUENZA,Influenza,CONFIRMED,1,2026-09-11 00:00:00,,ACTIVE,COVID19MEXICO,2026-09-28
MUNICIPALITY,42000000-0000-0000-0000-000000000084,Villa de Alvarez,INFLUENZA,Influenza,SUSPECTED,28,2026-08-23 00:00:00,,ACTIVE,COVID19MEXICO,2026-09-28
MUNICIPALITY,42000000-0000-0000-0000-000000001877,Villa de Arriaga,COVID-19,COVID-19,CONFIRMED,1,2026-08-12 00:00:00,,ACTIVE,COVID19MEXICO,2026-09-28
MUNICIPALITY,42000000-0000-0000-0000-000000001420,Villa de Chilapa de Diaz,COVID-19,COVID-19,SUSPECTED,1,2026-08-28 00:00:00,,ACTIVE,COVID19MEXICO,2026-09-28
MUNICIPALITY,42000000-0000-0000-0000-000000001420,Villa de Chilapa de Diaz,INFLUENZA,Influenza,SUSPECTED,1,2026-08-28 00:00:00,,ACTIVE,COVID19MEXICO,2026-09-28
MUNICIPALITY,42000000-0000-0000-0000-000000002471,Villa de Cos,COVID-19,COVID-19,SUSPECTED,1,2026-09-23 00:00:00,,ACTIVE,COVID19MEXICO,2026-09-28
MUNICIPALITY,42000000-0000-0000-0000-000000002471,Villa de Cos,INFLUENZA,Influenza,SUSPECTED,1,2026-09-23 00:00:00,,ACTIVE,COVID19MEXICO,2026-09-28
MUNICIPALITY,42000000-0000-0000-0000-000000002471,Villa de Cos,MEASLES,Measles,CONFIRMED,12,2026-08-03 00:00:00,,ACTIVE,EFES_ABIERTO,2026-09-21
MUNICIPALITY,42000000-0000-0000-0000-000000002471,Villa de Cos,MEASLES,Measles,SUSPECTED,7,2026-09-21 00:00:00,,ACTIVE,EFES_ABIERTO,2026-09-21
MUNICIPALITY,42000000-0000-0000-0000-000000002471,Villa de Cos,RUBELLA,Rubella,SUSPECTED,7,2026-09-21 00:00:00,,ACTIVE,EFES_ABIERTO,2026-09-21
MUNICIPALITY,42000000-0000-0000-0000-000000001353,Villa de Etla,COVID-19,COVID-19,SUSPECTED,5,2026-08-09 00:00:00,,ACTIVE,COVID19MEXICO,2026-09-28
MUNICIPALITY,42000000-0000-0000-0000-000000001353,Villa de Etla,INFLUENZA,Influenza,SUSPECTED,5,2026-08-09 00:00:00,,ACTIVE,COVID19MEXICO,2026-09-28
MUNICIPALITY,42000000-0000-0000-0000-000000001881,Villa de Reyes,COVID-19,COVID-19,CONFIRMED,1,2026-09-05 00:00:00,,ACTIVE,COVID19MEXICO,2026-09-28
MUNICIPALITY,42000000-0000-0000-0000-000000001555,Villa de Tamazulapam del Progreso,COVID-19,COVID-19,SUSPECTED,1,2026-08-28 00:00:00,,ACTIVE,COVID19MEXICO,2026-09-28
MUNICIPALITY,42000000-0000-0000-0000-000000001555,Villa de Tamazulapam del Progreso,INFLUENZA,Influenza,SUSPECTED,1,2026-08-28 00:00:00,,ACTIVE,COVID19MEXICO,2026-09-28
MUNICIPALITY,42000000-0000-0000-0000-000000000527,Villa de Tezontepec,COVID-19,COVID-19,SUSPECTED,1,2026-09-18 00:00:00,,ACTIVE,COVID19MEXICO,2026-09-28
MUNICIPALITY,42000000-0000-0000-0000-000000000527,Villa de Tezontepec,INFLUENZA,Influenza,SUSPECTED,1,2026-09-18 00:00:00,,ACTIVE,COVID19MEXICO,2026-09-28
MUNICIPALITY,42000000-0000-0000-0000-000000001580,Villa de Zaachila,COVID-19,COVID-19,SUSPECTED,3,2026-08-11 00:00:00,,ACTIVE,COVID19MEXICO,2026-09-28
MUNICIPALITY,42000000-0000-0000-0000-000000001580,Villa de Zaachila,INFLUENZA,Influenza,SUSPECTED,3,2026-08-11 00:00:00,,ACTIVE,COVID19MEXICO,2026-09-28
MUNICIPALITY,42000000-0000-0000-0000-000000000782,Villa del Carbon,COVID-19,COVID-19,CONFIRMED,1,2026-08-19 00:00:00,,ACTIVE,COVID19MEXICO,2026-09-28
MUNICIPALITY,42000000-0000-0000-0000-000000000191,Villaflores,COVID-19,COVID-19,SUSPECTED,1,2026-09-21 00:00:00,,ACTIVE,COVID19MEXICO,2026-09-28
MUNICIPALITY,42000000-0000-0000-0000-000000000191,Villaflores,INFLUENZA,Influenza,SUSPECTED,1,2026-09-21 00:00:00,,ACTIVE,COVID19MEXICO,2026-09-28
MUNICIPALITY,42000000-0000-0000-0000-000000000191,Villaflores,MEASLES,Measles,SUSPECTED,4,2026-09-21 00:00:00,,ACTIVE,EFES_ABIERTO,2026-09-21
MUNICIPALITY,42000000-0000-0000-0000-000000000191,Villaflores,RUBELLA,Rubella,SUSPECTED,4,2026-09-21 00:00:00,,ACTIVE,EFES_ABIERTO,2026-09-21
MUNICIPALITY,42000000-0000-0000-0000-000000000374,Villagran,COVID-19,COVID-19,CONFIRMED,1,2026-09-11 00:00:00,,ACTIVE,COVID19MEXICO,2026-09-28
MUNICIPALITY,42000000-0000-0000-0000-000000000374,Villagran,COVID-19,COVID-19,SUSPECTED,2,2026-08-28 00:00:00,,ACTIVE,COVID19MEXICO,2026-09-28
MUNICIPALITY,42000000-0000-0000-0000-000000000374,Villagran,INFLUENZA,Influenza,SUSPECTED,2,2026-08-28 00:00:00,,ACTIVE,COVID19MEXICO,2026-09-28
MUNICIPALITY,42000000-0000-0000-0000-000000000374,Villagran,MEASLES,Measles,SUSPECTED,1,2026-09-21 00:00:00,,ACTIVE,EFES_ABIERTO,2026-09-21
MUNICIPALITY,42000000-0000-0000-0000-000000000374,Villagran,RUBELLA,Rubella,SUSPECTED,1,2026-09-21 00:00:00,,ACTIVE,EFES_ABIERTO,2026-09-21
MUNICIPALITY,42000000-0000-0000-0000-000000000900,Vista Hermosa,COVID-19,COVID-19,SUSPECTED,1,2026-09-18 00:00:00,,ACTIVE,COVID19MEXICO,2026-09-28
MUNICIPALITY,42000000-0000-0000-0000-000000000900,Vista Hermosa,INFLUENZA,Influenza,SUSPECTED,1,2026-09-18 00:00:00,,ACTIVE,COVID19MEXICO,2026-09-28
MUNICIPALITY,42000000-0000-0000-0000-000000002189,Xalapa,COVID-19,COVID-19,SUSPECTED,13,2026-08-01 00:00:00,,ACTIVE,COVID19MEXICO,2026-09-28
MUNICIPALITY,42000000-0000-0000-0000-000000002189,Xalapa,INFLUENZA,Influenza,SUSPECTED,13,2026-08-01 00:00:00,,ACTIVE,COVID19MEXICO,2026-09-28
MUNICIPALITY,42000000-0000-0000-0000-000000002189,Xalapa,MEASLES,Measles,CONFIRMED,9,2026-08-18 00:00:00,,ACTIVE,EFES_ABIERTO,2026-09-21
MUNICIPALITY,42000000-0000-0000-0000-000000002189,Xalapa,MEASLES,Measles,SUSPECTED,3,2026-09-21 00:00:00,,ACTIVE,EFES_ABIERTO,2026-09-21
MUNICIPALITY,42000000-0000-0000-0000-000000002189,Xalapa,RUBELLA,Rubella,SUSPECTED,3,2026-09-21 00:00:00,,ACTIVE,EFES_ABIERTO,2026-09-21
MUNICIPALITY,42000000-0000-0000-0000-000000000713,Xalatlaco,COVID-19,COVID-19,SUSPECTED,1,2026-09-11 00:00:00,,ACTIVE,COVID19MEXICO,2026-09-28
MUNICIPALITY,42000000-0000-0000-0000-000000000713,Xalatlaco,INFLUENZA,Influenza,SUSPECTED,1,2026-09-11 00:00:00,,ACTIVE,COVID19MEXICO,2026-09-28
MUNICIPALITY,42000000-0000-0000-0000-000000000952,Xalisco,COVID-19,COVID-19,SUSPECTED,7,2026-08-02 00:00:00,,ACTIVE,COVID19MEXICO,2026-09-28
MUNICIPALITY,42000000-0000-0000-0000-000000000952,Xalisco,INFLUENZA,Influenza,SUSPECTED,7,2026-08-02 00:00:00,,ACTIVE,COVID19MEXICO,2026-09-28
MUNICIPALITY,42000000-0000-0000-0000-000000002081,Xaloztoc,COVID-19,COVID-19,SUSPECTED,1,2026-09-22 00:00:00,,ACTIVE,COVID19MEXICO,2026-09-28
MUNICIPALITY,42000000-0000-0000-0000-000000002081,Xaloztoc,INFLUENZA,Influenza,SUSPECTED,1,2026-09-22 00:00:00,,ACTIVE,COVID19MEXICO,2026-09-28
MUNICIPALITY,42000000-0000-0000-0000-000000000375,Xichu,COVID-19,COVID-19,SUSPECTED,1,2026-09-19 00:00:00,,ACTIVE,COVID19MEXICO,2026-09-28
MUNICIPALITY,42000000-0000-0000-0000-000000000375,Xichu,INFLUENZA,Influenza,SUSPECTED,1,2026-09-19 00:00:00,,ACTIVE,COVID19MEXICO,2026-09-28
MUNICIPALITY,42000000-0000-0000-0000-000000002042,Xicotencatl,MEASLES,Measles,SUSPECTED,1,2026-09-21 00:00:00,,ACTIVE,EFES_ABIERTO,2026-09-21
MUNICIPALITY,42000000-0000-0000-0000-000000002042,Xicotencatl,RUBELLA,Rubella,SUSPECTED,1,2026-09-21 00:00:00,,ACTIVE,EFES_ABIERTO,2026-09-21
MUNICIPALITY,42000000-0000-0000-0000-000000001782,Xicotepec,COVID-19,COVID-19,CONFIRMED,1,2026-08-08 00:00:00,,ACTIVE,COVID19MEXICO,2026-09-28
MUNICIPALITY,42000000-0000-0000-0000-000000000540,Xochicoatlan,COVID-19,COVID-19,SUSPECTED,1,2026-09-03 00:00:00,,ACTIVE,COVID19MEXICO,2026-09-28
MUNICIPALITY,42000000-0000-0000-0000-000000000540,Xochicoatlan,INFLUENZA,Influenza,SUSPECTED,1,2026-09-03 00:00:00,,ACTIVE,COVID19MEXICO,2026-09-28
MUNICIPALITY,42000000-0000-0000-0000-000000000287,Xochimilco,COVID-19,COVID-19,CONFIRMED,21,2026-08-01 00:00:00,,ACTIVE,COVID19MEXICO,2026-09-28
MUNICIPALITY,42000000-0000-0000-0000-000000000287,Xochimilco,COVID-19,COVID-19,SUSPECTED,24,2026-08-04 00:00:00,,ACTIVE,COVID19MEXICO,2026-09-28
MUNICIPALITY,42000000-0000-0000-0000-000000000287,Xochimilco,INFLUENZA,Influenza,CONFIRMED,1,2026-08-14 00:00:00,,ACTIVE,COVID19MEXICO,2026-09-28
MUNICIPALITY,42000000-0000-0000-0000-000000000287,Xochimilco,INFLUENZA,Influenza,SUSPECTED,24,2026-08-04 00:00:00,,ACTIVE,COVID19MEXICO,2026-09-28
MUNICIPALITY,42000000-0000-0000-0000-000000000287,Xochimilco,MEASLES,Measles,SUSPECTED,2,2026-09-21 00:00:00,,ACTIVE,EFES_ABIERTO,2026-09-21
MUNICIPALITY,42000000-0000-0000-0000-000000000287,Xochimilco,RUBELLA,Rubella,SUSPECTED,2,2026-09-21 00:00:00,,ACTIVE,EFES_ABIERTO,2026-09-21
MUNICIPALITY,42000000-0000-0000-0000-000000000936,Xochitepec,MEASLES,Measles,SUSPECTED,1,2026-09-21 00:00:00,,ACTIVE,EFES_ABIERTO,2026-09-21
MUNICIPALITY,42000000-0000-0000-0000-000000000936,Xochitepec,RUBELLA,Rubella,SUSPECTED,1,2026-09-21 00:00:00,,ACTIVE,EFES_ABIERTO,2026-09-21
MUNICIPALITY,42000000-0000-0000-0000-000000000785,Xonacatlan,COVID-19,COVID-19,SUSPECTED,3,2026-09-16 00:00:00,,ACTIVE,COVID19MEXICO,2026-09-28
MUNICIPALITY,42000000-0000-0000-0000-000000000785,Xonacatlan,INFLUENZA,Influenza,SUSPECTED,3,2026-09-16 00:00:00,,ACTIVE,COVID19MEXICO,2026-09-28
MUNICIPALITY,42000000-0000-0000-0000-000000000541,Yahualica,COVID-19,COVID-19,CONFIRMED,1,2026-08-01 00:00:00,,ACTIVE,COVID19MEXICO,2026-09-28
MUNICIPALITY,42000000-0000-0000-0000-000000000192,Yajalon,MEASLES,Measles,SUSPECTED,2,2026-09-21 00:00:00,,ACTIVE,EFES_ABIERTO,2026-09-21
MUNICIPALITY,42000000-0000-0000-0000-000000000192,Yajalon,RUBELLA,Rubella,SUSPECTED,2,2026-09-21 00:00:00,,ACTIVE,EFES_ABIERTO,2026-09-21
MUNICIPALITY,42000000-0000-0000-0000-000000002298,Yanga,COVID-19,COVID-19,SUSPECTED,1,2026-08-07 00:00:00,,ACTIVE,COVID19MEXICO,2026-09-28
MUNICIPALITY,42000000-0000-0000-0000-000000002298,Yanga,INFLUENZA,Influenza,SUSPECTED,1,2026-08-07 00:00:00,,ACTIVE,COVID19MEXICO,2026-09-28
MUNICIPALITY,42000000-0000-0000-0000-000000001789,Yaonahuac,COVID-19,COVID-19,SUSPECTED,1,2026-09-19 00:00:00,,ACTIVE,COVID19MEXICO,2026-09-28
MUNICIPALITY,42000000-0000-0000-0000-000000001789,Yaonahuac,INFLUENZA,Influenza,SUSPECTED,1,2026-09-19 00:00:00,,ACTIVE,COVID19MEXICO,2026-09-28
MUNICIPALITY,42000000-0000-0000-0000-000000002085,Yauhquemehcan,COVID-19,COVID-19,SUSPECTED,1,2026-08-03 00:00:00,,ACTIVE,COVID19MEXICO,2026-09-28
MUNICIPALITY,42000000-0000-0000-0000-000000002085,Yauhquemehcan,INFLUENZA,Influenza,SUSPECTED,1,2026-08-03 00:00:00,,ACTIVE,COVID19MEXICO,2026-09-28
MUNICIPALITY,42000000-0000-0000-0000-000000000937,Yautepec,COVID-19,COVID-19,SUSPECTED,2,2026-08-01 00:00:00,,ACTIVE,COVID19MEXICO,2026-09-28
MUNICIPALITY,42000000-0000-0000-0000-000000000937,Yautepec,INFLUENZA,Influenza,SUSPECTED,2,2026-08-01 00:00:00,,ACTIVE,COVID19MEXICO,2026-09-28
MUNICIPALITY,42000000-0000-0000-0000-000000000938,Yecapixtla,COVID-19,COVID-19,CONFIRMED,1,2026-08-03 00:00:00,,ACTIVE,COVID19MEXICO,2026-09-28
MUNICIPALITY,42000000-0000-0000-0000-000000000938,Yecapixtla,COVID-19,COVID-19,SUSPECTED,2,2026-08-05 00:00:00,,ACTIVE,COVID19MEXICO,2026-09-28
MUNICIPALITY,42000000-0000-0000-0000-000000000938,Yecapixtla,INFLUENZA,Influenza,SUSPECTED,2,2026-08-05 00:00:00,,ACTIVE,COVID19MEXICO,2026-09-28
MUNICIPALITY,42000000-0000-0000-0000-000000001979,Yecora,COVID-19,COVID-19,SUSPECTED,1,2026-09-17 00:00:00,,ACTIVE,COVID19MEXICO,2026-09-28
MUNICIPALITY,42000000-0000-0000-0000-000000001979,Yecora,INFLUENZA,Influenza,SUSPECTED,1,2026-09-17 00:00:00,,ACTIVE,COVID19MEXICO,2026-09-28
MUNICIPALITY,42000000-0000-0000-0000-000000000901,Yurecuaro,MEASLES,Measles,SUSPECTED,1,2026-09-21 00:00:00,,ACTIVE,EFES_ABIERTO,2026-09-21
MUNICIPALITY,42000000-0000-0000-0000-000000000901,Yurecuaro,RUBELLA,Rubella,SUSPECTED,1,2026-09-21 00:00:00,,ACTIVE,EFES_ABIERTO,2026-09-21
MUNICIPALITY,42000000-0000-0000-0000-000000000376,Yuriria,COVID-19,COVID-19,SUSPECTED,1,2026-09-22 00:00:00,,ACTIVE,COVID19MEXICO,2026-09-28
MUNICIPALITY,42000000-0000-0000-0000-000000000376,Yuriria,INFLUENZA,Influenza,SUSPECTED,1,2026-09-22 00:00:00,,ACTIVE,COVID19MEXICO,2026-09-28
MUNICIPALITY,42000000-0000-0000-0000-000000000376,Yuriria,MEASLES,Measles,SUSPECTED,1,2026-09-21 00:00:00,,ACTIVE,EFES_ABIERTO,2026-09-21
MUNICIPALITY,42000000-0000-0000-0000-000000000376,Yuriria,RUBELLA,Rubella,SUSPECTED,1,2026-09-21 00:00:00,,ACTIVE,EFES_ABIERTO,2026-09-21
MUNICIPALITY,42000000-0000-0000-0000-000000001792,Zacapoaxtla,COVID-19,COVID-19,SUSPECTED,1,2026-08-03 00:00:00,,ACTIVE,COVID19MEXICO,2026-09-28
MUNICIPALITY,42000000-0000-0000-0000-000000001792,Zacapoaxtla,INFLUENZA,Influenza,SUSPECTED,1,2026-08-03 00:00:00,,ACTIVE,COVID19MEXICO,2026-09-28
MUNICIPALITY,42000000-0000-0000-0000-000000000902,Zacapu,MEASLES,Measles,SUSPECTED,2,2026-09-21 00:00:00,,ACTIVE,EFES_ABIERTO,2026-09-21
MUNICIPALITY,42000000-0000-0000-0000-000000000902,Zacapu,RUBELLA,Rubella,SUSPECTED,2,2026-09-21 00:00:00,,ACTIVE,EFES_ABIERTO,2026-09-21
MUNICIPALITY,42000000-0000-0000-0000-000000002476,Zacatecas,COVID-19,COVID-19,CONFIRMED,1,2026-09-15 00:00:00,,ACTIVE,COVID19MEXICO,2026-09-28
MUNICIPALITY,42000000-0000-0000-0000-000000002476,Zacatecas,COVID-19,COVID-19,SUSPECTED,3,2026-08-16 00:00:00,,ACTIVE,COVID19MEXICO,2026-09-28
MUNICIPALITY,42000000-0000-0000-0000-000000002476,Zacatecas,INFLUENZA,Influenza,SUSPECTED,3,2026-08-16 00:00:00,,ACTIVE,COVID19MEXICO,2026-09-28
MUNICIPALITY,42000000-0000-0000-0000-000000002476,Zacatecas,MEASLES,Measles,CONFIRMED,1,2026-08-30 00:00:00,,ACTIVE,EFES_ABIERTO,2026-09-21
MUNICIPALITY,42000000-0000-0000-0000-000000002476,Zacatecas,MEASLES,Measles,SUSPECTED,3,2026-09-21 00:00:00,,ACTIVE,EFES_ABIERTO,2026-09-21
MUNICIPALITY,42000000-0000-0000-0000-000000002476,Zacatecas,RUBELLA,Rubella,SUSPECTED,3,2026-09-21 00:00:00,,ACTIVE,EFES_ABIERTO,2026-09-21
MUNICIPALITY,42000000-0000-0000-0000-000000002086,Zacatelco,COVID-19,COVID-19,SUSPECTED,3,2026-08-03 00:00:00,,ACTIVE,COVID19MEXICO,2026-09-28
MUNICIPALITY,42000000-0000-0000-0000-000000002086,Zacatelco,INFLUENZA,Influenza,CONFIRMED,1,2026-09-18 00:00:00,,ACTIVE,COVID19MEXICO,2026-09-28
MUNICIPALITY,42000000-0000-0000-0000-000000002086,Zacatelco,INFLUENZA,Influenza,SUSPECTED,3,2026-08-03 00:00:00,,ACTIVE,COVID19MEXICO,2026-09-28
MUNICIPALITY,42000000-0000-0000-0000-000000000939,Zacatepec,INFLUENZA,Influenza,CONFIRMED,2,2026-08-11 00:00:00,,ACTIVE,COVID19MEXICO,2026-09-28
MUNICIPALITY,42000000-0000-0000-0000-000000001793,Zacatlan,COVID-19,COVID-19,CONFIRMED,3,2026-08-07 00:00:00,,ACTIVE,COVID19MEXICO,2026-09-28
MUNICIPALITY,42000000-0000-0000-0000-000000001793,Zacatlan,COVID-19,COVID-19,SUSPECTED,11,2026-08-05 00:00:00,,ACTIVE,COVID19MEXICO,2026-09-28
MUNICIPALITY,42000000-0000-0000-0000-000000001793,Zacatlan,INFLUENZA,Influenza,SUSPECTED,11,2026-08-05 00:00:00,,ACTIVE,COVID19MEXICO,2026-09-28
MUNICIPALITY,42000000-0000-0000-0000-000000000787,Zacualpan,COVID-19,COVID-19,SUSPECTED,2,2026-08-08 00:00:00,,ACTIVE,COVID19MEXICO,2026-09-28
MUNICIPALITY,42000000-0000-0000-0000-000000000787,Zacualpan,INFLUENZA,Influenza,SUSPECTED,2,2026-08-08 00:00:00,,ACTIVE,COVID19MEXICO,2026-09-28
MUNICIPALITY,42000000-0000-0000-0000-000000000542,Zacualtipan de Angeles,COVID-19,COVID-19,SUSPECTED,1,2026-08-06 00:00:00,,ACTIVE,COVID19MEXICO,2026-09-28
MUNICIPALITY,42000000-0000-0000-0000-000000000542,Zacualtipan de Angeles,INFLUENZA,Influenza,SUSPECTED,1,2026-08-06 00:00:00,,ACTIVE,COVID19MEXICO,2026-09-28
MUNICIPALITY,42000000-0000-0000-0000-000000000903,Zamora,COVID-19,COVID-19,SUSPECTED,8,2026-08-10 00:00:00,,ACTIVE,COVID19MEXICO,2026-09-28
MUNICIPALITY,42000000-0000-0000-0000-000000000903,Zamora,INFLUENZA,Influenza,SUSPECTED,8,2026-08-10 00:00:00,,ACTIVE,COVID19MEXICO,2026-09-28
MUNICIPALITY,42000000-0000-0000-0000-000000000903,Zamora,MEASLES,Measles,SUSPECTED,6,2026-09-21 00:00:00,,ACTIVE,EFES_ABIERTO,2026-09-21
MUNICIPALITY,42000000-0000-0000-0000-000000000903,Zamora,RUBELLA,Rubella,SUSPECTED,6,2026-09-21 00:00:00,,ACTIVE,EFES_ABIERTO,2026-09-21
MUNICIPALITY,42000000-0000-0000-0000-000000000665,Zapopan,COVID-19,COVID-19,CONFIRMED,5,2026-08-02 00:00:00,,ACTIVE,COVID19MEXICO,2026-09-28
MUNICIPALITY,42000000-0000-0000-0000-000000000665,Zapopan,COVID-19,COVID-19,SUSPECTED,5,2026-08-27 00:00:00,,ACTIVE,COVID19MEXICO,2026-09-28
MUNICIPALITY,42000000-0000-0000-0000-000000000665,Zapopan,INFLUENZA,Influenza,SUSPECTED,5,2026-08-27 00:00:00,,ACTIVE,COVID19MEXICO,2026-09-28
MUNICIPALITY,42000000-0000-0000-0000-000000000665,Zapopan,MEASLES,Measles,CONFIRMED,4,2026-08-04 00:00:00,,ACTIVE,EFES_ABIERTO,2026-09-21
MUNICIPALITY,42000000-0000-0000-0000-000000000665,Zapopan,MEASLES,Measles,SUSPECTED,215,2026-09-21 00:00:00,,ACTIVE,EFES_ABIERTO,2026-09-21
MUNICIPALITY,42000000-0000-0000-0000-000000000665,Zapopan,RUBELLA,Rubella,SUSPECTED,215,2026-09-21 00:00:00,,ACTIVE,EFES_ABIERTO,2026-09-21
MUNICIPALITY,42000000-0000-0000-0000-000000000543,Zapotlan de Juarez,COVID-19,COVID-19,CONFIRMED,1,2026-09-13 00:00:00,,ACTIVE,COVID19MEXICO,2026-09-28
MUNICIPALITY,42000000-0000-0000-0000-000000000543,Zapotlan de Juarez,COVID-19,COVID-19,SUSPECTED,1,2026-09-15 00:00:00,,ACTIVE,COVID19MEXICO,2026-09-28
MUNICIPALITY,42000000-0000-0000-0000-000000000543,Zapotlan de Juarez,INFLUENZA,Influenza,SUSPECTED,1,2026-09-15 00:00:00,,ACTIVE,COVID19MEXICO,2026-09-28
MUNICIPALITY,42000000-0000-0000-0000-000000000568,Zapotlan el Grande,COVID-19,COVID-19,CONFIRMED,1,2026-08-11 00:00:00,,ACTIVE,COVID19MEXICO,2026-09-28
MUNICIPALITY,42000000-0000-0000-0000-000000000669,Zapotlanejo,COVID-19,COVID-19,SUSPECTED,1,2026-08-10 00:00:00,,ACTIVE,COVID19MEXICO,2026-09-28
MUNICIPALITY,42000000-0000-0000-0000-000000000669,Zapotlanejo,INFLUENZA,Influenza,SUSPECTED,1,2026-08-10 00:00:00,,ACTIVE,COVID19MEXICO,2026-09-28
MUNICIPALITY,42000000-0000-0000-0000-000000000669,Zapotlanejo,MEASLES,Measles,SUSPECTED,15,2026-09-21 00:00:00,,ACTIVE,EFES_ABIERTO,2026-09-21
MUNICIPALITY,42000000-0000-0000-0000-000000000669,Zapotlanejo,RUBELLA,Rubella,SUSPECTED,15,2026-09-21 00:00:00,,ACTIVE,EFES_ABIERTO,2026-09-21
MUNICIPALITY,42000000-0000-0000-0000-000000001886,Zaragoza,COVID-19,COVID-19,SUSPECTED,1,2026-09-23 00:00:00,,ACTIVE,COVID19MEXICO,2026-09-28
MUNICIPALITY,42000000-0000-0000-0000-000000001886,Zaragoza,INFLUENZA,Influenza,SUSPECTED,1,2026-09-23 00:00:00,,ACTIVE,COVID19MEXICO,2026-09-28
MUNICIPALITY,42000000-0000-0000-0000-000000000544,Zempoala,COVID-19,COVID-19,CONFIRMED,1,2026-08-10 00:00:00,,ACTIVE,COVID19MEXICO,2026-09-28
MUNICIPALITY,42000000-0000-0000-0000-000000000544,Zempoala,COVID-19,COVID-19,SUSPECTED,6,2026-08-01 00:00:00,,ACTIVE,COVID19MEXICO,2026-09-28
MUNICIPALITY,42000000-0000-0000-0000-000000000544,Zempoala,INFLUENZA,Influenza,SUSPECTED,6,2026-08-01 00:00:00,,ACTIVE,COVID19MEXICO,2026-09-28
MUNICIPALITY,42000000-0000-0000-0000-000000002079,Ziltlaltepec de Trinidad Sanchez Santos,COVID-19,COVID-19,SUSPECTED,1,2026-09-20 00:00:00,,ACTIVE,COVID19MEXICO,2026-09-28
MUNICIPALITY,42000000-0000-0000-0000-000000002079,Ziltlaltepec de Trinidad Sanchez Santos,INFLUENZA,Influenza,SUSPECTED,1,2026-09-20 00:00:00,,ACTIVE,COVID19MEXICO,2026-09-28
MUNICIPALITY,42000000-0000-0000-0000-000000000545,Zimapan,COVID-19,COVID-19,SUSPECTED,14,2026-08-07 00:00:00,,ACTIVE,COVID19MEXICO,2026-09-28
MUNICIPALITY,42000000-0000-0000-0000-000000000545,Zimapan,INFLUENZA,Influenza,SUSPECTED,14,2026-08-07 00:00:00,,ACTIVE,COVID19MEXICO,2026-09-28
MUNICIPALITY,42000000-0000-0000-0000-000000001585,Zimatlan de Alvarez,COVID-19,COVID-19,SUSPECTED,1,2026-09-23 00:00:00,,ACTIVE,COVID19MEXICO,2026-09-28
MUNICIPALITY,42000000-0000-0000-0000-000000001585,Zimatlan de Alvarez,INFLUENZA,Influenza,SUSPECTED,1,2026-09-23 00:00:00,,ACTIVE,COVID19MEXICO,2026-09-28
MUNICIPALITY,42000000-0000-0000-0000-000000000788,Zinacantepec,COVID-19,COVID-19,SUSPECTED,7,2026-08-16 00:00:00,,ACTIVE,COVID19MEXICO,2026-09-28
MUNICIPALITY,42000000-0000-0000-0000-000000000788,Zinacantepec,INFLUENZA,Influenza,SUSPECTED,7,2026-08-16 00:00:00,,ACTIVE,COVID19MEXICO,2026-09-28
MUNICIPALITY,42000000-0000-0000-0000-000000000788,Zinacantepec,MEASLES,Measles,SUSPECTED,2,2026-09-21 00:00:00,,ACTIVE,EFES_ABIERTO,2026-09-21
MUNICIPALITY,42000000-0000-0000-0000-000000000788,Zinacantepec,RUBELLA,Rubella,SUSPECTED,2,2026-09-21 00:00:00,,ACTIVE,EFES_ABIERTO,2026-09-21
MUNICIPALITY,42000000-0000-0000-0000-000000001799,Zinacatepec,COVID-19,COVID-19,SUSPECTED,1,2026-08-09 00:00:00,,ACTIVE,COVID19MEXICO,2026-09-28
MUNICIPALITY,42000000-0000-0000-0000-000000001799,Zinacatepec,INFLUENZA,Influenza,SUSPECTED,1,2026-08-09 00:00:00,,ACTIVE,COVID19MEXICO,2026-09-28
MUNICIPALITY,42000000-0000-0000-0000-000000000904,Zinaparo,MEASLES,Measles,SUSPECTED,1,2026-09-21 00:00:00,,ACTIVE,EFES_ABIERTO,2026-09-21
MUNICIPALITY,42000000-0000-0000-0000-000000000904,Zinaparo,RUBELLA,Rubella,SUSPECTED,1,2026-09-21 00:00:00,,ACTIVE,EFES_ABIERTO,2026-09-21
MUNICIPALITY,42000000-0000-0000-0000-000000000905,Zinapecuaro,COVID-19,COVID-19,SUSPECTED,1,2026-09-21 00:00:00,,ACTIVE,COVID19MEXICO,2026-09-28
MUNICIPALITY,42000000-0000-0000-0000-000000000905,Zinapecuaro,INFLUENZA,Influenza,SUSPECTED,1,2026-09-21 00:00:00,,ACTIVE,COVID19MEXICO,2026-09-28
MUNICIPALITY,42000000-0000-0000-0000-000000000906,Ziracuaretiro,MEASLES,Measles,SUSPECTED,1,2026-09-21 00:00:00,,ACTIVE,EFES_ABIERTO,2026-09-21
MUNICIPALITY,42000000-0000-0000-0000-000000000906,Ziracuaretiro,RUBELLA,Rubella,SUSPECTED,1,2026-09-21 00:00:00,,ACTIVE,EFES_ABIERTO,2026-09-21
MUNICIPALITY,42000000-0000-0000-0000-000000000907,Zitacuaro,COVID-19,COVID-19,SUSPECTED,4,2026-08-05 00:00:00,,ACTIVE,COVID19MEXICO,2026-09-28
MUNICIPALITY,42000000-0000-0000-0000-000000000907,Zitacuaro,INFLUENZA,Influenza,SUSPECTED,4,2026-08-05 00:00:00,,ACTIVE,COVID19MEXICO,2026-09-28
MUNICIPALITY,42000000-0000-0000-0000-000000000907,Zitacuaro,MEASLES,Measles,SUSPECTED,3,2026-09-21 00:00:00,,ACTIVE,EFES_ABIERTO,2026-09-21
MUNICIPALITY,42000000-0000-0000-0000-000000000907,Zitacuaro,RUBELLA,Rubella,SUSPECTED,3,2026-09-21 00:00:00,,ACTIVE,EFES_ABIERTO,2026-09-21
MUNICIPALITY,42000000-0000-0000-0000-000000002303,Zongolica,MEASLES,Measles,CONFIRMED,1,2026-09-14 00:00:00,,ACTIVE,EFES_ABIERTO,2026-09-21
MUNICIPALITY,42000000-0000-0000-0000-000000000789,Zumpahuacan,COVID-19,COVID-19,SUSPECTED,3,2026-08-19 00:00:00,,ACTIVE,COVID19MEXICO,2026-09-28
MUNICIPALITY,42000000-0000-0000-0000-000000000789,Zumpahuacan,INFLUENZA,Influenza,SUSPECTED,3,2026-08-19 00:00:00,,ACTIVE,COVID19MEXICO,2026-09-28
MUNICIPALITY,42000000-0000-0000-0000-000000000789,Zumpahuacan,MEASLES,Measles,SUSPECTED,1,2026-09-21 00:00:00,,ACTIVE,EFES_ABIERTO,2026-09-21
MUNICIPALITY,42000000-0000-0000-0000-000000000789,Zumpahuacan,RUBELLA,Rubella,SUSPECTED,1,2026-09-21 00:00:00,,ACTIVE,EFES_ABIERTO,2026-09-21
MUNICIPALITY,42000000-0000-0000-0000-000000000790,Zumpango,COVID-19,COVID-19,CONFIRMED,3,2026-08-09 00:00:00,,ACTIVE,COVID19MEXICO,2026-09-28
MUNICIPALITY,42000000-0000-0000-0000-000000000790,Zumpango,COVID-19,COVID-19,SUSPECTED,8,2026-08-01 00:00:00,,ACTIVE,COVID19MEXICO,2026-09-28
MUNICIPALITY,42000000-0000-0000-0000-000000000790,Zumpango,INFLUENZA,Influenza,CONFIRMED,1,2026-08-22 00:00:00,,ACTIVE,COVID19MEXICO,2026-09-28
MUNICIPALITY,42000000-0000-0000-0000-000000000790,Zumpango,INFLUENZA,Influenza,SUSPECTED,8,2026-08-01 00:00:00,,ACTIVE,COVID19MEXICO,2026-09-28
MUNICIPALITY,42000000-0000-0000-0000-000000000790,Zumpango,MEASLES,Measles,SUSPECTED,3,2026-09-21 00:00:00,,ACTIVE,EFES_ABIERTO,2026-09-21
MUNICIPALITY,42000000-0000-0000-0000-000000000790,Zumpango,RUBELLA,Rubella,SUSPECTED,3,2026-09-21 00:00:00,,ACTIVE,EFES_ABIERTO,2026-09-21
